{"business_id": "qRuKEfk4Iqzm8TIu6PuN_w", "name": "Desert Foothills Trailhead", "address": "E Desert Foothills Pkwy", "city": "Ahwatukee Foothills Village", "state": "AZ", "postal_code": "85048", "latitude": 33.3186658503, "longitude": -112.0676644503, "stars": 5.0, "review_count": 11, "is_open": 1, "attributes": {"BusinessParking": "{'garage': False, 'street': False, 'validated': False, 'lot': False, 'valet': False}", "GoodForKids": "True", "BikeParking": "True"}, "categories": "Active Life, Hiking", "hours": null}
