{"user_id": "QGgWWhEi5R4SLAKN-xwtNQ", "name": "Cameo", "review_count": 220, "yelping_since": "2014-03-03 21:32:25", "useful": 562, "funny": 136, "cool": 285, "elite": "2015,2016,2017", "friends": "hUcvhpkdeekn-1hbNQVJgA, UCnt5yOT6fai9LOzdO3Q6Q, jLGYQIEviiBb4zu14pGg_w, qoGRFl29tXe8BRMMutd80A, RBZ_kMjowV0t6_nv2UKaDQ, veNuZ3Z5ePj1Ylb9lSzMMg, lKPUyA6DveoWk-3zFrHA9w, m7U66xb999BrsA7xaPW2jw, 5ylIKMA-zoXZvH_-X26YOg, lOBObjsCtw_eiyN7T_B75w, mgOgzP0SsxNzTVxvIWgjWA, cKpBRurDHfW3z-YwZbKWlw, bj74wKp-hqSvcrMrzJdPuQ, -Ag49x_Sq2TBx1S01EVD9Q, 6GXabL-Y3837jiW2ud59tA, 6AAD-_p6DujirWMRLdm1mQ, sTcYq6goD1Fa2WS9MSkSvQ, Vnh2IPSRdvwAbpGhiJgw_w, gSIew_4a7e_NPp1lTT92_g, bwvgaeF96be7_bib1TaktA, iCRAiBdVQ1k9RTAdYnMosA, -srV-LOWgWK1I0Js0J4k0Q, vJHwQwElfl7HpbYpxDHITA, F78tJHr0qW6FsYBtWMmLpA, 1juQKQYWwyHKpnjlDih36g, 0d7gFJUi4cV3I7j1dHn9fQ, gwtdoXo7yI8T8qaLvcFhbQ, jGU5SNTU0OzlHUdnRhvyhg, 79D7HDjpw0iZq6iu52vsSg, 0yUp3McatH2MS_6Kus6N7w, Dkb-TJFNSWl4PYR8wEcWcw, R1RDHafKh9T426DijeRixA, 7nI_9eRz1YKnaA0AYTLiBw, Z84IEKf5nenWmsACcM3haA, 8JD4ChDxvqtfo9HBrdcn-A, YmfGjqIfGeDkfJVdsmg29Q, d7GEtCjg4qppeV0DzW_WfA, YDvEFKujo8hyE27NBXwWLg, ETUltw5xeoXXQkxon-M-gw, 4b63IWOk8j92h5fbNyrwww, OrZ-FZ0fnID6II65HuCFhw, ubvRnIVr3uaYoPyC2hiY1Q, OifzOYtyVuQjd2ODAlWTgw, _3nzCdwExy2AneQ8itz4Yg, D5ywfFmwtJxLReqAYlDDmw, Isf8G6HPbNqEisKDjmUlbw, 52zCYXFxxGsC6DU7f67k0g, V59vUE6dyoyE1ZPANN4WGA, IGseYnL1j8q9Pyt6byaEgQ, tOMOuQ8RFU5awS6VS44_Ng, TG3GcRx20tAxXxpqn20Lwg, gYVwUG70JJUSVeO_jCKpEA, kcXvSnE7vwA5JBnLMZnL4w, zDlFZirzGGwnhLtRzif-Cg, LJCunLEQQfLamDMWOkybaQ, InLqIX5bb2M7H724adkYVg, Z-_-m5d3j4ya2g14IszzTA, xVdchFi3vgmPYxkiXYHmZw, KK_-ePDT3zOf5Sl31is-Fw, Qn6Rtn8JbsFiniy_4dA7bw, SdJ_D7kirRYOlVDKc8ahTQ, mDtgddV0Pq0depntX_6Uaw, eLdwfNAeDzAK1h8MrTaojQ, Hj20fg3vyzKnJwnLn_rMqw, RkfSVPs2MGvWemJ6UKLcUQ, GWs9J6lIUqrySTxl6uXO0A, hZtc9ARVP0XiVIickBrPpw, xpKuJJ5J1oHW5_T8eTpxDA, 3EIc7WAoiojTFdy3TGOMfQ, Q47d8pmFcYWM9i0EHCZk7A, 5jEEo7SoLGMUq1FuRW182A, 05N0X8nEHfoSn7t21MyPsg, JNZe57kJt7bIRMlX7BEmYA, uJTEn40MZuwQSwziAJxOSg, iVvqOPaq9eWjaFawjb_UeQ, EvuUrRWVKjpBYDZ1Oyfrgw, z4DHjadaMMV0RulQ41l1Xg, FFxJZ1FfN5uI-hKljvMokQ, eQDDjhIDABFXW8OS-DZT-g, uOhTm-DrdulccQqDh1E8aw, bNL8IqHubzsA2IDn_IAnCg, Hs3SgyvAgXXisey-R9vA8w, kef94ATa0OfeH9obht3FRQ, IQ8JZGg2po5YrcYqCBQQrw, t-nB38eHbeFuabXBdJMwvg, oBYbYmIPe2ny6W99aSMzlA, cQRyu8xRKfTCG5AwbS1lxg, rfqQaOdNdVnI2FwEIjvGag, k6vOe0_qglL2PZlBldoKeQ, cvAPwZRWaDxSUudy8CR3Rw, eV2LWWKYTyxjzvn4bFsznA, J11bdsitVHB2qr9OqmH26g, KqhEMh94gHeTyvKR1X5D9g, u2MMWPkZeMqztmcB1LwvsQ, pgUQjUl_2G5L9EreDzIjSw, Qv8PSJZOLu-bbF5crg0dfw, 53o-Xyyk2sEO4Fg-et1MhA, BAFOdqfa_WchbmHJqA6EQA, jiM3KIwXQUdQa6cCmGg9NQ, qtwwm00fo2zCq6_M73yMGw, CYs8MNCKgX58xBUm2aAX9Q, c5gt7WFRqQ-jJ-QPccJKNw, _7owF85voQyYdre19q93ew, Q_m37d9pZnP7y3T0gla6NQ, MFGDwMQJijNc0mHv1s_BUQ, bVmc7UJ-R5CxGD1EJBsT7Q, y0uBtQaX71PuHvDculjEPQ, Tv77KYRvgdxhlpaemI8hZQ, EYYS7-j0rqtphSRyjMaS0Q, aJp19fe1_jBmagdMOgWCsQ, 8Ra0DyMlt3-eXYGOnp9P5A, IXeZNndab2G-CW0ANzt4cA, ZOLOOPmX1bGhub-isx93Jw, 5-gXtqDOkj1ZBLIeV6OciQ, 6mQcFLJ1RycqxRXKCj5SOg, f3dlcayM0iDFesMNwEsRGQ, Nsu1wM6wqQvZctbI1shmxg, 3Cxek-XWPEMw_No4kjtcxw, dvXn4fiE6z2dgKSvIO2wXg, KxGeqg5ccByhaZfQRI4Nnw, fDBybzZAL5UDscd33HCXyA, _9WKSGfBn193Wl3vd7kt1A, ldU4KZSbR0sWqcFINGhiZw, RpaeZLZOjPXeSAQC28XcrA, R1Be4mB4AexoUYtglHtUng, 1jPgw-rEGAv1g0UqvqmbsA, jEG_kO7nqBA97n2beBSkhg, i4iUqFsonaiaxRO7QfOHjA, eaXshata7hP1zABa2RltPg, V7B4KTBitlBs9YH_B00-9Q, S2k4IW5l8s0pz6kIQTJBbA, zWtIIxwchROyO4DqaRTIwA, SCYd8BnpdTCoGIFUIw_SWA, -9WVpTW5LAEo9y6PbW0-cw, E8an8sr1wzBkGgacpb0CtQ, -y4O_E79Z6QwEI1p4OU_0w, _Gf4g02aakkgzd6fov-IFg, HfSaPwjoIYf3qD7VMheO9w, iaPgzNcZnOxLYOrJWwU7rQ, y3YKfImGKZW4LC1EGEIdhw, reDwPk_9IGSqElrV2arZew, R4S8mWSieSbwGsUEhRMbNQ, avCTRVCxd_jPo6lpWRRNuw, 7eZE1_Bsy90dNxurJQOf1Q, tT-tLnYvr3XZjRjJEoQ0JQ, 2VRkBZBS5FO_N7yBRWfaLA, XvcFepAC408oYVyQFIRndA, X8IHQ_kQHQF-v4YCiFVtUQ, gFqh9xJdrdPX5JSl7iZ0PQ, yis0tDX83YnFLzUbKZ_KFg, kSY8jtqeoWfJ0DHpGSM4Tw, pbzeNgmK2qPhkZQ-M-7iCQ, eA8WqJj_15lWURDwE6DsKQ, YTtaAnHMsXozVB29qr3sbA, -WYbVngIGDQ81MY12UtwnA, ACwN3HGetqPVhAgGKzdnsA, wE-EJtWoLAZJSKDDDC368Q, WJKocp9RE0KatUwh3_DkGg, wJgtf18VKKZq9A6ZQUybQw, M6HrmX781_XCO5-b5-rHTQ, uJucNa2iF6Qdp3woEte73g, Gsm7lEjEhi1Qq4bMa_YhYA, QqtSzfJdaP3FSorPORD6VA, kzRq4H_nSf4b3F_sdymWSw, zA8FkBuyUgd68NoUSL12CQ, 5xrTIErRsSQ4wjIGj-4u2g, zFYs8gSUYDvXkb6O7YkRkw, ZFJnrx6SxdfHiHuGOjSdWA, ShfwfGZcxQPpVYmEgilx_w, Aj1aQlHaBTIVUKlp5rLWQQ, W3Z5K5Ks4PJHo_RFexaqdA, 9PaCTZcK8ZT1TnwLZH9Naw, STjMAwcsNGidGGFlj-ntSQ, 5KhHTAf37m2hXlCLygSiVw, xscL18TI_lqZxIWiQcHXpw, 6HdvRKRt2bo5MYIOHJOZOg, bl_ShhYxra-J1q_Bds3i2A, 7p1FfxnjZAuNydjLKEW_Yg, xa7CkIIGnTB2HbFO0TlR6w, vSm-JuFvMEWtqXlmK87ayA, 3R_dB9VQ_D3WPJEw7pmorA, m35ODBrr76JYr20nxoMg_w, DU4ZmT3zPeNZ6XiGp5o_cQ, KSrQ-qr-dXCcJadevuS1RA, v9kNOSkmtpwAESHKtcuNjA, oWd7wL340Z9JiGf5Wu_bSQ, GiZtUWsrGCEUsCM_HyT9Pg, UbWUr96T7yOp9w4lrKyf5Q, gs0dNGac_01UWK_bXrYilA, pm3gyd0ZQFyWS-VIRIU9OA, OkwqaJsaGBDSzRLQAY9D7Q, K1GbGRFKolVc-KHsktHh5w, WIFb-G9x9Z7uTF7hi-qQJw, 2q-4mrN__VegiLgNRHKwnQ, EN0PgBiNN0iqSOfI30rZ1g, FOmaE6lFWFri8AQUbYTyvg, 9cFmaILZkdpzhJMM4psojA, ThQcJBA0vgw1zAhHDRiNDg, GAuOsXb8ibA6fCaH5IdAWA, 1YNtPgeMbngTpTBO9KMgLQ, v9KLzK_2OnsWqqyAIFck-w, rWDZ20zpA6S5MmfZ2gVuiA, nJh0uBMNfjhWCxFhGG-5Ig, tqHgaSg837cy0BdUzksSFQ, zTBWQhuRZ_r7QxBcA09swQ, Kw0QZM-pbwpu7x-Cocy1KA, kd0t_9hFm8T6MGH6zBjG5g, fN0kUO7tJsoI5gYpV8K-Cg, YtAVDrIj7KygktW0IW-1ug, RpFnFvSLTqt723Sy_lYl0g, BTxxGYdw8CNV7UZGc9YU1Q, v3O6ka--Gus4FfJvk4tgeg, pRr-8lRb6lZ9mUH1pirlrQ, -bcSicL5NvIoA2pyBPXPGQ, 9OFVOkv1mp5PX9xt5bKWug, cUrCOFOsDegU1tnslmvcHg, r9tjKaqLvLKF7PvDnUsFnA, 6gC0sRU6RPQoqJw44YUp2Q, Un8zM5fXROJt1i1tKooENw, 4HNOaq5gw3UTDcJ_UTQRvA, X-gg0fyCMxOocOn6Rk8w8w, IliDNtSxsW58qIlwyh0I5g, qRQsXGyFskQidWP3AaMA0A, Upv3A5f9VVRaDSmU9M-KmQ, d1UfpLOP2O-Dj_rqi3geag, s6M2W24nR7brmSnUdhtELQ, nIZJ8ahifiIDG7zczUBwrw, hSlNutwv-_EkosB92sdpyg, XeUrHSQmMUjZZKFDAlVE4g, oZRMTeu4w34Nj87st79nuA, FJPLx4QioOLZw2o3oYJhHA, ZMJE3KHOvrnBZpaPiycX-A, FRjgl4ySRwJYDc4VjHUw5Q, NWrecl5hjADiE3eRt-8jjA, O7ojHP59iSi32uhEDUR44A, rahR4jr5LDLnXkBhhZjDfQ, nibPIJXdMMo65eGwiycuDA, NoCFDbgQxxOYUQEaNKiOjw, bunfS1_eWMJohNb-i1LpXQ, VvLhL1THnDwNNWlP4ydv8g, ul1fFc-FN8H7-tZLzWq7Bg, VF9AT21mJNGGC6xAoq-N5Q, uQuSX9zETjCJK-JC1F3KGQ, y5zqSJE-rFihsKmUZRbbRg, DFzmiSWQV3Uxb5VWMHujWg, v2WrKPkRI1TikXDKAi8VFw, PV0U0arT_AUfjVBtrKfPSA, pkmzFPcVsM5I_fdKDQkufA, 5UYjT5YDKSuApFax2t2eqg, P3B7FfBpXERa-KdxwIGkHA, MIUZSywsu_WX-KB6jJVlNA, a85qPvr6L63PF0v9Zs8ZAg, gQNpBm9_uiJ53S7oKCQC1w, 9IeA8hN8ilCwXZH9gmWzXg, GieRjK5QHad0EVoHY3foDQ, RFL2hGQYb8PjUnTO2189Xg, ylnlAS9bCbxEcPRfxuhJCQ, 5NDk-q5mv8PIDvz83HwMVg, hs_4zvjzJw-xGc45ylRy1A, V52BrrwTOR7LdbCmNlEpFg, ibZIMJ55dvoqag4_JrQ4sw, HK7DFs2K26OA5WuTPoIqww, tcL5P2-mKN46jmDuvJpDBw, 7gSwABACGPVrRvWlO5ORGA, ia5kvJxYR8gPItl9O4W0Mg, 6Uup5yoodhI5upHNaPUKVQ, 8Sn5GwVyX8Q6lgDLsK5b6A, jjyGFopTxx9oWIs62hWR8A, tx3FokVDVvKeJe-NIypvvA, jjHMbNsNYV3sQ13bh4lOCw, Cy80vakyzvbZfrsbldOElw, X_Almk9cQAUVvOyOlI5kGw, 5ZWMsNdijtPzDpN5_tjpCg, xVVAQv_UHicB8Eo0WUVAzg, YA_kmtQExvqu8q3jkHIEjg, 2hnw50o548VuVVmQvp2-RA, xnJ3U4sKLAWTgncX64Q9MA, OYvKoFz583_Sdn4-UWhUqg, WGDlDc6K3zYRgEZSJlqYCw, 2oiPE2rww3Ofw09aishi2A, WjPLEr26Y0nW_ZtCEymnDw, rijO7bmdmyGr4sMHBZY3Gw, eOKVWh9bpeV7QsVaDkb3yw, Bv13-l4HTz-pt5kS22y9LQ, jxe7X8JV4kuYCiqPwjSqJw, d9BisAnYE9APUwuCU8CEkg, cRtuoWVzG1owX9A0v-0bDA, SGax_oIDulajLUSFNHBr7w, BA9SDRZGyRcUMxTdUTVhmw, o7NMUfN_8HrSC6waZkLpKA, xiI5xCJhNLXUY1_8Y-Ehew, iO-Dii7x9yAfUmkpeWZRIg, 4Ifh5lbAe42060zDIUZsUQ, VKbHctMUqMH8TU8IlJL5Ew, DK57YibC5ShBmqQl97CKog, 2mi0vRq9F6FwBa1rSifdzA, wlr5B8PRy-ua4KOAXR5aeg, Sp21fVzCSd1p540qkWuUeQ, 6ndM4dJovtpMS3RF33BZcw, DLRx9eeSPzOb7QRImcbTTQ, k4b-EX4KmYTByppoZEpwZg, gYjP8zOIJaXh9MrhqqzwRg, peTKhoJsVcRRKoM5O_wtgA, Mc-28MJn3ZfvaX1A3NaKwA, P9oB-W7CA0Ce9Q9WVcElmA, yt-ICe6Tt1DzqX8gt9O03g, sGaoPWB_p1aOm5z9cnV3Aw, hFJgRL0m1i1XFXVu7YxGTw, yJK9FrIgKWJ13Lc_TU2pQQ, W0DJOPsSwcAj0uqCJG8iLw, LFROYWpXtMU_f5nQtVkUYQ, JVM2ebglqYyxyCB0hlr5sw, vLoFBlXZXpMKa9rmf9BF1A, CjhTdmN6qWEKC7Zo6qadow, QMDIgSERBtlfcuDpwbX-LQ, X-gG5mseF5D7cmjtqkfjpg, HDcmXum8C62fUYVvexFNAg, 5dKknvq65x-SaluuJjT0Kw, eCImAijKFkU_ug3-tyexDw, LEUN_bDmCvWoutX2D5nD5w, DV8r9FhLv6Ay5pSkvgainQ, s8XpiTMWdjg1lQ8IDWSBHA, zhEUhLy5cd7LX743FZVDdA, _7l0zbO75XY3lNJ7XU91Fw, j8QeU8dE-Pvaz81UiGURuQ, SJZjFHUvMfsqRasl0lp7XA, G0L4F9WE5o244amCV4cdiA, JHa6QhwsnQ3tBfoHwz9pJg, Q0eNxp2lDoIyroBncUkJNw, yVEA_Ei6kr9L7N0mNIY2TA, 141lhbCGhduUaFs17MAnww, k1WjXpc0WjJSKdlovXHpSg, jaP_FOI1deYZasX7xyav8A, ZnAImsx3_2Dk3tMDfZEpyQ, N-Sy8I9byR2Q2gTI99nKxQ, 90hdH-g6nzm7TfFe-lCaNw, 2b6pmVdLeMVTdAOBersQVA, R3s8mmbaNgmfKpUGZ8Mbbg, N8KY5W3UXAZrAGMYO2IDFw, vq6bB7vxk1lzOgqcv5hlmA, 460PoNGmuFFKF4cJ2XQj9A, VCYtRcED5pBCZBwhEUI8Nw, khAOr10a_lJbv7V8P5NWyA, D-vl-MkqtRqV6Fj4r39yag, uYAeoRqC_QtxqI9Vf_Pqpg, XP1awKuWBVz75SuZ6kthPg, wrbrLjAgupNnS8FaTM1HVA, 0IChdH_-08e8lPJ7ZXG-nw, D3GeQgpvMLwZCCHHdvyqaA, k3L2XLZLRZBdP_kEICx9Hw, 0JGU7X3w7wdnfYxRCF-V6w, 5G7dOTrKQrbyFG8fpBnx7g, NSWcGa99CgKu5EdqjxVADQ, zmpZZa16McKv-goKn8_TGQ, oyyMddEQXIr-MzRZMwyk4w, XfPVgco7kGpBlTZnaFrzQQ, u9dPctgvT2vCZn3VqkH1qg, BNRoqVnk5YlkODtyede8Iw, tjmHJEI60OPB8S6NREAFzg, Rcxb65dtZZlk-HjBaP5DKw, fwasfCCwbxLjxLNhYLuF3Q, XoSPy_9tHRuVkPZ2VeMVUA, ThTUwfNAdWrK6tKvl-Dtpw, hVBxWoE46itAPIaaw0kIYA, 1ULNqf9IbFiso1cBdcTX0A, Mq_WrnnAsKJSHsxpEpB_WA, 81p4tCrrBSph2QanwW74Dg, 7cmEMOLyD4GS1XbjctJpoQ, 5Gyj9vJ5zHq2udDovEnGOQ, 0FDxFFTJ6K-j1slywkNPeA, BqE21d_vGACZFU2U8dCRSw, SzJG3xxUFUdI1yCyQgk3cA, WneE4CKx32YUPNFQV-LruA, zaxb0cSAjN8XcEFd0Tc44Q, gLVHvX5FtcP-GoOnrnQwng, jPdXvWEyMQPlF0njXwh88A, jtMvQzQWeDQIX32EFs91gQ, TdYKJgSgY2GF_YJnwsi5yQ, _SZUySWJupAV_wyflSdCDQ, 62xZ-2U-igOrSYHCGNQYEA, v28ipfveiGFtkXraIYekRg, u37uclGUgy2a7NIdvJrkIw, KgcyDQLKXZsjhJYnqfDlqw, YNz0tNWKYU7PbMNql0Y73g, 4DaYRzOMGcn2zoWkHLNBjA, CWWjR_FeCVTln402tqRIxQ, ZaUSKKKcD6SopY299FGdiA, WoDSAQPRN7BmHVea5YAO5A, Y-eZiZcWFbjgFUyGNdQ7Dg, 9RoJWNiRF0_ePGQES4Hm_A, YUNk9RrRxyOtQxXCu7LzTA, Uiq_X3jC0uqBCC5UVbfIlA, BvyDLxyPGrvSQKjmABKdWQ, Ox89nMY8HpT0vxfKGqDPdA, jDbB7w5I0lpCXZKyFB25Ag, NT8U-gX1LVc5LjPNFXS7UA, T8LqkYbwMPZmvXSsUfN8sQ, 5uEVx66xRSzvh7Yn2IXb7w, fF9-Hci92n6iN3HNnaXV0A, 43zyz08tPXuHkhxMavXG0A, y9Cc6QratXVAI-uW0VD51w, VXZV7O2u81pMIFT3f4jzvw, 5XPvyEC5Jv3GSQ0p2wFBBw, 8fU6lsiDxgu4E37aCahIuw, ZYZNcugF3xUEGyLOVGiZ0Q, SJmbreizA9O4c3jNt6wmww, SZC_OCOYo0HnUJhdsfYh_Q, IHO53BiIY-TKeCabcyWb0A, haOo956YzUlqGPA2lVpNqA, khNpFcLkSG35e1CX5rqElg, Vc8IzMyZtmkddzXMHb463Q, eto7_BmcfmgrP1f8TNMPzA, KDb7ej6DK3D0IKS6LuUZHA, rMsB82tk9uOB6JumPMgczg, y6I7waddCQUpHKelJ9sC2g, uLww4WKnPB7bMcWSHvkaXg, dYEHTYJeDJ4v8AUiExaVsw, XOk0Wx1X2qzK5GQq05Aaww, 1AKf_1cyKliulq-lEkEpaQ, PNx1x8x3wjTIjrjhaNiVAQ, OEuoDD8PboD_wKTU2HYUhg, vtqtFkyFq_jkG2fVnUVDZA, kngpoVh4ZaWcASUAnHDB6w, rL3Cm2R8AqLydFIS7onSAA, 57Hg2ad5RO6OjIzwT6lPQw, R9pwT3O60lkgdJfV1Pt2cQ, pq_4uGzdKc8T-eKB0-OtXQ, yN_cC0PtxZlC8Hknq01e6A, QJI9OSEn6ujRCtrX06vs1w, 2U5VJvQ17FtB0wAmpaMowA, e0pVHbAZE3B_iwRenLfImA, io5tNAVgWe6ZC0yfKjj0Ng, OyetWwk8Gx46F36rirQ-Uw, wwdamcY73iJTyhl-3gGOJw, zGunuVkJTJVIJJZ2pmWlgA, 3Dh62EKLDjz4ieIz0FQdOA, TQ9A1LVp6z-fIc494RsLDQ, Tr7YMpWd1XZdXdm35CatqA, 2fVGthTJ6vL6dwamI0SawA, ZM3unG7QC2GyA6_i__Yg9g, NhCbGHneUh5Qwv-Ozcrg4A, ETfxh3RoNmGskMusOTjy-w, MVvWOlVgOfRAtP41-A-g2w, uBv9zbKVMfm_ZKmakEI-yw, 8gdv0iuSCnoZfHDLD4SUhg, cdYeGEER_wYyOSJdFNSQag, APz6zJxGJo3ImKoFs3NO2g, mTirKIMYNoiZEOzUxMteVA, MQwSyZ2MZ6N7rtAmphZCow, 4aCF363Weu2RNAtl3mJ2eg, pYAcFKZjFPTvYEl-kK64kA, CkWM9yuyfZdeWGUBzsnZxg, yTl2OsZi2uKk0iNqR7J-xQ, gHnT7EfxvHOVZKXUpf6F1A, 2sNEKxKcGaTVBJiokqp9Zg, VR18pcc-MWtntR89gb1zCA, eBH9-CdtLcOQ6Znp7VQVJQ, BQLc7jSHfPXDvleNFJ6lyg, sOudRDE_R3VYni0rEYFkSA, I8aErsH9WKs_c1mVHPmVVA, jtOGzrO9vyavljF2KuFwfQ, qeC_E6DfIpEqtXFib-5h_A, BMWBNXNN4VFqHkEQCa8ivg, y4avOR1SFUP6jq_ZKVxg7Q, loIgOJbwgu0b8nW8DcVG8w, NjjLIfG2UundC4HJ7cmXJA, 53JHz4dbMg9JfuzakOZK4A, 9KkNCUgrB4iQfs68xEHmtA, Nok3ek_DmENWLLyZUTaDyQ, Ai0lUpKvmbp9nx_f8JN7zA, uGwWtiN3zScPUqIGwCMYVA, NnYtRJb7rsmCG9VxINsDew, Fh5X-2Qo2rgsMTIs38Q2lg, 0LZ1WwVa3HVS3BZyNMf-lA, XNbrAATnVNAg1eTjMjn-pA, bN71zPt4Io3FpWw6ul697A, 1fPiKjZhkGWLya1QLkwlhQ, eRdQFwGEHvy4ifUYagzsTA, OtdO0-YxC_1trwCgwPaKjQ, dzdmkpgpFdIfZ4Le3N9cPg, yjLk5C7BUP7IOquLGpFgMA, 2JFpu99eB5Ug6t8M3RAtNw, Ycm02l8gHcxy1nhGUPheIA, wORrG1N4Dm3S_8M2TETNZQ, sO3NrEcqyXxVBqm-2mCloA, PeLGa5vUR8_mcsn-fn42Jg, bhJ6ivAuSpgXP4JiKWjSZQ, By6MF3KirsQcU1p-00ehLw, Zh4xTzclBC5tnJxt3YEFXw, eBytDMXhIcjfcCfXgL4pgQ, zyLIp7DRFqeIE1Grrh3Zng, iFL66R63z3Pm_391eVRB_w, yxkQj3fNEGZNk3KsElVBJg, JRZnzzAnlQAzttZBlMj1Yw, p3X4_d_u10uiLbwwzQL2Zw, wmdolGzFeMYlNT9UepIwEA, 9hhQonqiHp9zOf3qWhC-XQ, I7yYnZmIfjHEMmi5MtLR1w, y0hivy86Q94jnFsZe-UCHA, oOjB3NjquHg6zVJlKb_Q8g, HjyeYbnxg20fzRK7jyqPHg, KGAyxbtxXA52NY2gZ0hzwg, caICV2psm7OABEkikMx2vw, DvOjw3FvlWezXsuyr_wn3Q, vgKsPicPEr9adOg_ck9yGg, yUL56SeQzYKv8kztGvw86w, 5moVDl2bdSvISY6qp9N7Eg, SkMNeraCAtX1oqGB6b1_MQ, x3scdiqLnXmk99Qx0btAfA, 7Irxcum16W9yncpU_Wxxeg, KsXwMl08Q9wQL83COsEt1g, djP46l4v0TQTqhLa-ZB1xw, qRZuYcJloeZfJo5TOlN1gg, hf-ubO2t76pNjAMQZRmCdA, wq_G_k0JH6kz1tPAZWuONg, M3fq_tVrGrvGUyPOGZMYYA, OeMjLa9AMjoyc8qhxIJ4xQ, W18zsS4YUY_kcnVoibDBkw, Uwlm6u10dSFvYSpppbehAg, w1vh1UH49jcEWQV6tPq4KA, Y0BacMsDDvqf6uTd4QOLMQ, -dBnPVMOtcTUR5YDKhH5rQ, QtIYPhvYJ3Qr7Io0rbh_5Q, 0HqQ9tytyZM6SO47wzrNqw, LOTXAN6AhsD6ED6DypnDeQ, d34hycLxr-cbaR4H1VDpeA, LiS5Nrih14s4UAt8Ap61Ow, wsjlT8RWXSIDYc1FjcDhSQ, NctW_huC5jqh06xm-Dcdvw, 3Qy-Z-X3CgWWwIyrM3F7IQ, tLk2XrmE6A9A4PA2F5Oo9A, LiOoOKQbz8CzrW3P3ZuDPQ, onsdGSGT81VJzIlk17LdSw, pHcZ-Qyh7neZe0GApDkY1w, e6iCOIhtupBCiw-VwBvJ4A, asBFS8k9REpYniB9gVu2Dg, DquHHYio5bIqZ5vQlC95_w, pyh9z_4fpa7f8wDTdBj6ig, bsC85AP-2NhJqBd__M-mDA, 8ygV13hKev6tR7p0nzRpUA, ALtXgAIW-WHzARe66syOgQ, dm2G-7KcJ_RYjcZMquJ-SA, EPWFkXcPO1oaSYruvesE4g, PhaUa6JzV_YX85XjDqRIRA, C7Vo14RpRTG5Bc84l4q6DQ, UkuiGlhoR193FDMXJFOvaw, x1nDz1AQiKHur1bnparU7Q, -3ftjzYHSLAGAniH--GkyA, k8GlXFSCp6XcnvDZdh_SPg, RnOnRDsyplwhM8fCEPslkw, yhinYLeoT6DA5bYuXHMfsQ, DgPtEt-MsOBqqydh4w0Vtw, MZ3gxZ6vGGcXbrlLR83UGA, lU8qmwvZdDLP-CaNNMt0sw, GE7DgP1uFPEBCr81NEWMjg, AAc6nnQrNbcKHvTZaMpuuw, Z8_5Q8mXe4shEUWROczSyg, 1TbOW2w3Ld0GvKmikOIcBg, y-L8kTH4rHFG44eZYRdogw, jc74rkNx6QhJK5u6xvaaTQ, PLzVjYj1nffaMy2TWASI-g, f-8BKEVPqiqRaNNmhjAU8Q, 0HQHdDC0HzyhjlZoe1Xnow, WYpPk2TiiTb7Fz0S5_ZPxQ, 8cf5U6sCwYPKDKyLfSi6Ig, u3_yslsKx0JlqpDWjrv0PQ, d8KR5c1ievS0C53h4fhEeQ, z_tqPytGQF_tDw_buHKJcw, X9iNNkbJ-tCzQNjp11TqkA, 7uTtHa2V9Ds9yyAy3-PIhQ, pwQ8E-hbDUJe3qtKt_IBBg, WTrQ7DZk69z06GtR5RbFUA, TIlbuLIsGLISCoI9pWlwyQ, EMNFEk_q1MueAVfWKH8c3w, 4xHMxtHPq2j5YyBkxsb82g, wDjRSl3cTjb-c4jZiACazw, lqVPu8y4tdHln-u7mjGL7w, 5ewWUpDuTUFPVGov9DxsxA, WxslOrMq7LFjpSaKZR90fg, TKpJ4iJkqaQSdLINlQTRpw, T6AgcCplH4OxiQfzxX9HlA, fu_tw2gulMA5k1LiuZfiqw, 0kzOQiOn4bvWxvukKf_v7g, LnnYSUlw_MVdtoYUt4oZ5g, tMqxceO84JQDMp7zYOl2LQ, BoXRqHSLmnhKbi4hcezQ6g, o5x815JT-rcKXulk372g7A, Bel6oFa6GzjOSOpn3De_wQ, jmjMCtmobahUalrOQDvCxg, 9udblqVtwOi7zRRdbRnS_Q, JFu53myHDdiK89t0uOsQ5Q, MppzipH-1g7jrN-WWDhYfQ, DoeTdaDzg5xFbrGpvK5rgw, 2NkH5JgebO9z4ZhsONtlTw, 8lSyuE8UUP7IymowMwevsg, A0j21z2Q1HGic7jW6e9h7A, UNv2xtLw64-iaBPv5RSNTA, WOVrO_8GPACgl-4ZxCDGqw, X7NHc1i4LgqCPiltnuvR1g, A2JGzkvNjckSmps_4FbKWw, OJkWIq5YUh3R9nuT1n6f7A, 1Z23Ce_1oynr89E5JsmdPQ, LkY684w7qaiZgjTxM1cDkA, GSvZ1ZJmVqQA9O2NVfO1TQ, dztDplZ_f718XH0T0ihnsw, Qjrn5UsK2HBZxx40HYA1iQ, OvYN86BmZyP87SaTO7mHkQ, evjvudwrfj6nDIZezk9W6A, VnWrH1AMCPzHy1C9t-d2sA, LbRUOnZHfzKVPiO14KNQRA, cZWJJwDeqA3U5sEB_HOXRw, F10QJk-i3IrUxKcJI9CF-g, 52oTWzgnZvguGIsvQb4L4Q, 5gbkhlWANGVzQYi_0m3vOQ, rhE4gLtM0gb3XLwSz6HPCw, eU77PxGTK58WVRWoXULlEw, -Hj-qHOAqLd4S_Pt6GTzcg, bxBR0vakC_OAU-5rCYCDsw, Yf0JwS-Zr2DQlk73TDzVLA, QwOSC30OYmjUCpczgEInAw, fpHUpxSWuM3DdgxvzBlkYg, SRK_sUnvRmMwfexoL_DLQA, TCy7p2E1nlX0dt7mfSIkHQ, asVae43QGQLMCFGbcsUKHg, qoeYvAbJMoemSpX-NvXE5g, rjDuYaK41di3_CKioCHXLA, 5O3VvfDu_HDvgUviAqmTEA, G4wiwmqPC3Lrm1bRpabUtA, Y3u-FdtcM86GtsWA6mrnuw, sWeg9ffWlhbxgaGBuPqgCw, 4QfuerBgvb05u1JG0NRRmg, iDlkZO2iILS8Jwfdy7DP9A, S0zqwiRSN188DIRx_vg2og, v8QnvfWXCf4651Bxg2vvIw, l-BlB0BwkqSmCuEec_0uyg, rJ8JFFjbQcDPB_GLUeXqQw, 5QUvVPsDkJbJLW5L1tWoYA, 3uPAF2-YwiTUN5NvVH6pIQ, VuY4nWfZVLtE6HgCaxtLow, zyGQREJbgUkG1PyvYajxeg, tSNDkqNJ3u6bTUgenfqJaw, GS7BjPN1Af4OtUsFurxwSw, yjZfUJ5bZSFCmJ8P9mR6yg, vp0TwAmA4h98ZyqIXuVUzQ, u1dJcoE5DrpDa-g1E4wzKg, fQEhKtIlA_XX7aOnDakBcw, RLfR13KLFkzqjAhR6vDwXA, I-FmdvI28N7OIIt4JZOgIg, uIKTc8zFrq7sDS4_sGayNw, NS9uz1e7_77ESixQJ_B4vg, nvoyRuO4r0RPoeCGZdTGbQ, l9-JZxb_lk0103-sMcoXoA, gCkfT7QE7HstQ4gpmFC6_g, p0ecBSJgGVrh4CQRmpZIyA, D0rMhllY0wFtifIsDQYM4A, PpwkfYzRi84I4EDM575--w, fWsBlrmA7SYszalxb0n0ww, vl6ArC8iG8SYmeabSZ6TPQ, yA4ShBcCGIPiTuDDKiHFTQ, LJC7Tk-EtN_keogdjddlUg, mjjen4GzYThjfwgEhWvLNA, 9NKn7Pbq23u8yfR08y1BDg, DvLgt1nKJwE06TxvHZqN1Q, mnviMJRfTs3mU9eExcByCg, q2vt96WEQ7_pnCmMYbSzjg, C3yVWxlgdTdh0_1xfd5HVA, wdxVUmMOrOO1mE9PavSgUg, N7qer0hBB8ouQ6_NW_ojDg, jvFYKmBB80FDql8euBtl4A, 8R9EtAmGwQ2nBs5TyDIqyg, 3Db9UHoTJRAA3AYU61t0Rw, NAN8AAQSoTLVEE_b0a7asw, GgjhJlCp8Mk2BCkeVq7WDw, uKrNTV1KTSANn_uwoSXg6w, PXu2SPyR3mSm-TzTcdFrQA, FSzhE8R-_lH1cS8V0gT6Kw, hSBBtir6SHqj8yksDe_rMQ, 9XnS4LnZh0UHm3FZOO95qA, qi_zK1NLsgVpq_ZTWHRHSQ, 5MvkqYmhLpzMKU0-iPAPdw, ZbD30uJ2vojjTn-OBX1SGg, jfGevhcYLxY13Fa3drpzoA, 1DsuFRjdW0gDA23Xswzoqg, YiXRvEQ-YI7NugG6CPZS-g, sOZfGLRjhcEjAKBLZKcJGg, EoVKoQcCVxz-wWVqCAymHA, dT1L5shpjE6q0cTJe-uyow, EWv-QUwo3hMfoM04sIXdUw, LyCXqglkrQcbQHKlyUEKuw, _aX-jGstG287Cyvnt-qxvg, gEW3pCUZKBh4kJdMyXs7tQ, hsurZRuLCPs9OYJhZc-L6g, qZlwRsT50mEOMWU_rULgPw, t3X5fPiOrTnCzw_wpYUbvQ, kjeX2RXvW7RhBbD2QLd5jA, aOvAMSHkonbQa2QQSVbibA, wLBJveV79DwaqFwF3bzUSQ, 977LhXgERNIGx16YT4-Aow, K9cz3EFNUtkwoE1IAqZw3Q, c67ZY-8SKAUVs8h1PipUWA, MVRQXweLZPK37BGOx0bxQQ, E5uxz7XQfaWrI5X7PnqOiw, Xo9AMNNBlrGoJe7sHlUD5Q, XPZVfP7DQCSL3Nb9t2vxsA, cPocCD0gw6WkrSHYERrGvA, 9Jpq9Rtg6xx3nisN-FgGFg, OMOeCufDJnlEYtvaRklbVA, R0zA1LoAuLbTqXQtGBxgzw, NwPnvTALYMNZgdiwHHkuAQ, ShqmZUHJ4ofxfiog8si0nQ, s1AbuVOlBXD0_QTyk0B3jw, VooFaJH1nAkweCGSvGY4gA, OTRxfMCtfrbUemIigxCaOg, 4TdXVJuIMsEHQkO-BuPYkg, Z9vogaIoD7MToXxCxXOWeg, a8Yu6dm8ptckNlW2LDUbZg, 5DJmdE-gHcBBKjVCcyRepA, aqJizYMvNspyxeL01r4Hrw, gg_TL3PGfIT391YXLSBlew, MAxVtL7aoYbbQav4c3jnlw, 4bxhIKz9ePWqD93UkEjnbg, C3MWPHeOZC_3VTlgaTH6jQ, _glN-BiTOtFspxvdjDnR_w, oGQnKOBNrwERM-MLLfpyGA, ePUDFy1Ho0AqLPVLhhTSvw, tu7rf6YAi2EgiXcNDHwTTg, _InQHl7v71QSPjNy4YZSzw, EMaLHGAhdBylCy2LzB9buw, pYRaF2sLBpK6w6L44-AffA, wTfb2nfzPIyFcYQArdPtuQ, OIVny4cXC6IevrYkw5EmPw, FNabVhEKM1XC1fFQ14K21A, 3CU32j5m54UJg45DDkgEsw, TjUCnX3pMfqZcl1hzeOLLw, PXMcrXTsNxCoEr7dLwVeDg, yGXKMV1omio1I_3qNLdtAA, MdGnY6eLxy82nEZhCc6rnQ, nQtzqKs_6RWJOSJe2tfpkg, GqJRlbga27rUpolN-SP9Ig, 1ONt9t98BtNV0Rn1stzyUg, 3lVLT3IbXB8s1KAgR9NpDg, v31Tsj85xZbZZhnyzyEzOQ, kVnRr-1s7Z_XJXW-XsQCaQ, N1OHFWHQ9YI3u4UHMW12iQ, QDGHRd1mk-pFdNidqhvhjw, o5mqgyx-InajhrqgbMwCtg, _7fLIfvnfPHjdyPqlrMTVQ, BowR7TAxAFsvTGNBXa2dAA, dEk7mXM4npuDPmxrwPcEgQ, 5Jni-Yc-KP71yN1jevskvQ, F7vUthXHtnVJzlS-dtmQcw, IQM1ce2mb26c4Ym7mgRvRA, JxVabD5s5uMXtKs_uFngTg, wFsx-RBASwvNOKodIhbCkg, jd1Dl5mYmtKpPX3wn9rfJw, iRvdU1_xpTnlOd-unqftsw, dEbD0tYCbO1Zw7xM74NMIQ, lU_aNRWw8edBmIi5_NARmg, SCINrWOU-PLvSzXYFFPDcw, Nhm9A07I_Fv18IYKAoboxQ, 8re_y3nclK9R8Vh6uXIB5w, BVsLxC014R5Qcg2STs7M0Q, qHJog8wrixGtAMJmfXlD5g, ccxWLOuIvW6QpOP2rLNGkQ, PcvbBOCOcs6_suRDH7TSTg, kKPbWlBjpSL3Qzvtn_AaPw, 11hWaGTeSi5Ujefze86EJA, kk1oQE5w41B2ebIPsr3LYw, Y9Q6ri6rpzDr1oW1zSoaMw, WJOjqOmrM2jJxwrlqHIK9w, e7rPPBVpOujIas2rVd03BA, XCcugBozVHU4OWGFlGb6mg, 8T1T5WOp2QJUAKjfrZ4XEg, wNZkLdh1gkEhyjPZc3Gg2Q, 52TKVCYkOssKf3MHEZ3AvA, Rzf35jKV8e8EJdssrae_AA, YBGooyC8-TF5LDKvlMwAYQ, KTdH58xUHjCJsb3pZagP9Q, YPYK21SBcmY4VEuc9hM3xA, 9hl8IVy2mFmAC7yicD0ppA, hkO94fU62gwwZvKFpoG1KA, bMK6giajaU2RuwCD7XZMYw, 5Vsqf-d7jbasK9urs9-nzQ, iENsOC9TaD4qjx5MhBpFDA, rPb3ShYYCi0DsWLb8ATG7g, CCK6WHhMmGqxgmt0vAfRBw, 1ghFOCMBpo2bGaWu_c1tcg, H-ROZEeDUP5j4DjLXn8iOA, EDJCkHCWKZO5rO5uEjokVw, 9QQS4gkciKUwGnKKecc97w, zqiPkQHJo7yjjPpjPoqBwA, KuJWp4dWQl9GobBoEfAhFg, g0TZxskklAHbrDchenpejA, mw5y3ps1mkfGIyvgKDDJBQ, DBYhpb5hrAYgQjQaMhNYyQ, TSbLSF1-Ti5_xE5GV-HkEg, 1dVSPPv5_Sp3d6O99tscvg, Q6Dcxo3_lNCzkqK7J3FL7A, _Ab0Mz00pqhCEi0ufqGDCg, ny-Bc3RnTb-oBTbRJxFH0w, hRir3LQlcZ1YpCUs1Vmcxw, QyhfvMVWtmxQg7hUZmgjlA, Et79VAN692zD2j32PM1E8w, wJFyyy_xvkcY4eJI2BWk0w, vaJXMQdf2CG4UKZkwOylrg, -_zn0HCZ4Tw8QJ7L8IovwQ, v0B9h4dELWZrHLvxg5hBDQ, w_jFNMWEguCjju4GG1QnKw, 4pnMqpM2A03667i6nZoClg, mtY7eNlZpTNFyQhDsmOveg, DPfnVtkPdnhPCAAuIEh3qQ, N_-hQF5SeOmikXLPlGaXCA, A-5DQIIb1YfQEBmabv-6Fw, gusL5kiK4ALvt2LeDcC-uQ, 6_3zElCs_9eNNJ_tdNcMWQ, f__9p6lo6hmwnAEh3yorsQ, I_hZOak13ydnfXV1nJPDTg, tm-O-2D0mRt2mSwo6odOZw, WgZiFKbZedI4za5g6MZ2IA, kBBRlbCn227EcSaKUNCHEQ, Yduf8K9TARB5cY8m8YJX4g, WJ402rZZYPF8ctX7nLYXGQ, N_e5GzOQwxbtceVy48vaOA, UeJ98sMQWrl5cJJqSeOsNA, nwMB2zRDF3HYa2BGV6DzwQ, ysMRR31VmcG4Z1Caz-6W1A, XaySBCbHur-DVCbf3XkdIw, UKSw9kfoBfdatSMUl-jGnA, dkGT0f52PjBldErS1-joIw, EvCxmSLp0cR4xE35mYOsZA, -rX1szQZ7e6yUqFde3BWIw, gNJN2p4cMDKaI5ujwe8pNQ, 2oNfIz8SOcUIclduAKXlwA, Ms8RDCB1s_Rs9Mo29QBkwg, oa5BJiM7bfaZ2ImUmlArGQ, MN4ZWZZFfXdov5Emthc6ZQ, QzLmHSYsQvREbTZgdBzFmQ, wSASZkO5XnuWcxlgDpJXWA, PjdyN1C7xNLVb4P_KioLAA, mXsNs7uW_1DoqFMpYS2iXQ, THivMdwYxxMwO5hGvZKt_Q, R1hBMP_PRGpOGY2nSTR62g, lZbotco47bHU7oE5b3d1DA, 6P-2C7xdE5SMo0hTWb7ung, AZxiixY9zEIiWmWaaA7b4A, fwqUuxU6cTCeBFUiCeNN2w, QjIxw0vAWderr0SDIJZPYg, 8PL8qGpLgCeh_2z4MgHaag, 9n33ew2-i6WttdU821MLQg, hZP6suEGLDPaeokfEeTkvQ, tRGInz-josTIajverhzy6g, MoeuSTbxJBqQefgW0smlRA, vvrgSJX-uEXaP4f1zvbmDw, crt076sLi8Kr5nwTXk2koQ, mF-pt0ngKBZNcxK3hIVF8g, yNLqc9lzNOxc5DBK9TK9Kw, Ke7w9UxdGvwLqEkL28ihIQ, qCEXNhAVITIqcUHNjqGwPg, tnam4TixnwZRGXUO0kgEcQ, XY9LvJU8DwY2jsxJSUOivA, U9RGG84JqH92XGiSRI88nw, KMR6kJUolifICH4ulAgyig, wuTwFW7aFe9Foo_f4_L1PQ", "fans": 47, "average_stars": 3.9, "compliment_hot": 7, "compliment_more": 0, "compliment_profile": 0, "compliment_cute": 0, "compliment_list": 0, "compliment_note": 9, "compliment_plain": 9, "compliment_cool": 19, "compliment_funny": 19, "compliment_writer": 12, "compliment_photos": 6}
{"user_id": "6_3zElCs_9eNNJ_tdNcMWQ", "name": "Nellie", "review_count": 161, "yelping_since": "2016-03-19 22:32:38", "useful": 465, "funny": 162, "cool": 394, "elite": "2017,2018", "friends": "potIBAn24h9KBXA99McYEg, rvPetUQ8-bVeXLmNi14-Rw, l-uaaT_eNUh2mtB_pgbQ7A, q-ocTbv5uU5dwi4Qz-7UoQ, ogYatQ_bIP9-TzHeJ7XOxg, EENLjPcoPtG7D2uCTn_Uuw, NrBnkSrnB4lwXCasRIs4AQ, AWR_2M_7gRJl0n96TvsQVg, pvuGPRvtMB94OoBI3LZbMg, CA_hwsxh9bP-0Y722U8hgQ, fIVt_j4RgNE6jzW3WaEtwQ, id2ivhBn4gpYboqwjMcUAw, u8ing_F8wJcqQrqCMYI9LQ, jG-wr--t-fDx_iq8Hwwkkg, RHc7_k-tb9b2jHo7FfPuWQ, SO5ZVN8NH_xJLX_6MfgyDQ, JvtLTbtrThTkrRDTD1JAKw, CB6EdrBelYGB-3aJ7RX2lA, 8ofhoYAZzqRzJU6XEjzkUw, 5LCEjTlj1FLc6HK6Huw-Sg, pJB-PP5jz_RtHfQog8EIRg, yRsYSptDDwSFh7qEfOyruw, 7sNE58P4AvsX6QHE8ypCiA, eWLJMa7m_pHRdg1VANIK_Q, 0hxmNL-NgFIY87vn-VQSTA, X0ELAsCI82TaMKapULOzzQ, pbBa5fRyl1PPJa6KKeeV5w, a-Ug_MFryz3utca-NaMkNQ, duFcLQI4TK90pCR-WLKRLQ, 73lB9jJPj-bK0D-woQx3Yg, M1sPw-B0gLrD0MyeLrL-nA, QI-phxnPwH5_kvTgCh0KHQ, kn2UuU-KUgRb1-9h1JtMBg, uroQahiWJNenLrUMEU0o_Q, 5d09gXiZcT01xoUPsy7syA, sitNErxcWMhsomf3NGb_LQ, l0PJFeB-lMHDgvpT--57Zg, zxbGznp6zJde4eWNDb_-fw, i0vZJSunxHH4UPicYt-8NQ, q1Tz_PUlxseFb0C9V8qB7g, Ng41QaLTmo_7TOoaC2l8JA, OinqOWJshxD1Oqmvlo467A, DR6jlYkCWHxscZJDtUfM4Q, mui9_jq7KrhdIBCT8m7x4Q, GM0sWqyiH1OZ7Lo1mQMogQ, 7f2-gdiXi9GFJ-9E6NJ6jQ, CZg9QhGLGa3I94twzOy1Hg, Ie1MOXmNCY1qDf_C4hpdxQ, f5YO-pD6Gq0ZauoysKi2xA, ppAZioUwu90gQabb4E1-8Q, 2UFuThx_oqmyRJq08Kg2qw, iB4RFoP2BGVUBoBJFw0Gag, jD_Y8IRA_AxwTNhMDqp9GA, 3HggbY1b15tAAKZL9bNMaQ, Mr_G6iViyOsjm0lCw8IgVw, yF3L5oLWB2Y2oe7fm_AxbA, Bu5kFuZLoRGYjtBbtX63dA, ybMIKvJQQ1944CQYgOjSyw, 3C0EmRK-2t-putKbXRnhJQ, N82O-pWWp8xBJJH_UNJ0HA, nNgrHuVVoI75DGHFmL8v0Q, rZ1gjl1O665nywFZDz39uQ, di0mx3edEyPX2NJpHoMtYw, dc8DLPpX97DtSUqDp595Sw, sxX1KufbBboAwW-DcI8E8A, jiM3KIwXQUdQa6cCmGg9NQ, bZm3EeZtpoDJ5jTp1ha-GA, gwCPxw11IrdjGOgdsdEPBQ, mf1IvRI1xrxPV5-lqZf2hw, fVxWrRqgU5DpP5q_-0ZuxQ, jd9Nacz02O9Hk4SWCDF0PA, ENt8LFE3UHyzu0_DqAkv6A, wbjrFjdaY4CoZlT_vX3KNw, BCb6qmRsUE_KyantPmBIXw, vtA72sMuF_whKHv9bFnsdw, _wmUACeyt9mfrbM8_-YIUA, Gc8pxcqhBHxA_aYk_2T65Q, pZa-tFV_7U8eyHjzeuOsnA, Cv6kTx4rjndLq9hYb13oRg, EnD0j28OHWrlDNqKhZpbiQ, _Re6O1etDeTlE98xsYZx2A, PBoMo0Kzf5p7CppU3lCTbQ, dzPFH-A9n98R0_rEaRFkeg, 22o7aO4Py5VOhVJdbD-r5g, m7JMfIL8dsRakomcgaUeUQ, Kl7BI5rBZ1RRvUmxXgKwjw, _Qoh2KYYBUmwEv30gm3j-w, cQPrA2iL5SeBwz7BN047mg, cSXl1Nm3AcUWRFEsDU4RiQ, E_LmINYsZdEOebQHwqhnzA, QGgWWhEi5R4SLAKN-xwtNQ, w_asfDAVdVdpXirhSi3now, 35TmUZVuBWwxGAGo-xsMKQ, 7VegabQ6MMMiCtQUKVRX_Q, jN5bN00oUN1I8xghAg8XyQ, Be5MJHg7tyjntWR52xtvZQ, 8CHnVeJT9KZR1mbxgxqcRQ, jQY3f1b_PQT3TioMnz0ZCw, 7dlDzkNEpgtWXdPPmZ8PrQ, gQs-afJlgbclLtkDadiWmw, dFe_wZm2k-nk7-AQcwAgIA, dJbgLTHuqwfq6qD2xzAokQ, e6iCOIhtupBCiw-VwBvJ4A, AUVQUwzW9c88fMzbs9jHHA, XJWrPOZGKetTF45sA1IalA, zBoz17BwSHJkMAy837-Yog, EXKDLuYoZUKUNNNYA7TlGQ, q6_j6aoEd_xzJZdc1Bf2Jg, ChYtkhp6P2xjmNlksqIfgg, eFiLbA9W2CR-aBBKgD5ONg, NcrDMmUq6VFcewdEkqFVww, WXevgU7hFqh9tWHeaF-I4g, 75gDucmELKuS-FaB3CrrJw, 2owSoXK56-Vnr-TOhG7Xpw, XbVMdMA-ncPg6iqGdHWvZQ, L4iT9ZCNxS2YxTzc2G5ucg, Y0faFM0aAIno43jMyDOXpQ, JyDR2Welaxb2tRy_pdnNEg, Jnn2aD0rsMuP1b6nM0EE4Q, aJwGcRdow8jDd5N1uBhzlQ, LhrzX5Eg-7nM5mvqeVkwcQ, a8dCY9haN_LRPuCqab0wOg, YSiJEUr1sj_oORAKIbSNRA, ZBBGkUsSi8B7k2ucANG5ww, 0Q97XAHRHzTaxvMdpzMAOw, 8_KAzJtMuN--PsU8BCcJrw, SA5YtkFrUBeqcqya42LNmQ, oQ1ZVBELs8D_enLvADV_1Q, bZpEDX1KxJaArgNFp28WnQ, FOI4EZoSc0mwSD1Xql9szw, 0jkXt-c968PJFcNhqjAmvg, jwEZNypDB25SlH-LWacKOw, rPz5NuufYVZq72UsfEfRfQ, L4qyYDWilsKGbouAZDyZFQ, 2COCavXDk5-nc3Nq-taM8w, eCkJ_lyiV4lk1sz_xC0QcQ, Jzr4UdWiAggMKR7EmFQgWA, b24S9HlQpM4jdkZIDV-q8g, rBFEolN7BHEFC0T2EdR7rQ, duFK3gOKa1XT18v0Yy3zIg, 2dtAGBpMND8eOUR7hJaZdQ, sIxn2IeZelR69MUJk8klhA, Wc47625vGyNUe6xPeRm_Bg, D6XtANBlcZqbVisCZDHwpA, A8Gq8kNSyOvWAo73zXguZQ, D6j0bj6oE9V57CXTSJz-WQ, o2qTU_W-SgJNWfYJzXNEbw, fVTZhNdcymW7_SM2NrTIKQ, UmwJdeG8Wpqm9n9rn93RkA, 7x0Mb289EqCUmEwO53AHBg, HWcBjbsJUDECZCcDrCQLFg, Sacmpvwk3DWOyi4eVwshZQ, eeZUbm8zOao7X91bknxCiQ, ig3O0sluGzhwaFGiBz9vsA, c0dBo6Tx-OXIWkh56wlmqw, 51pMbMy0Wyp9DFQvaSuL4g, mzCiI-RDmqswlI6u4caz7w, U23yXh-EYpVKiIhyJ8PfkA, yFux_5Z7URmCCHXQItWtVQ, VwMvtiZJ10iDTzybIwTDRA, LVGpU191kED29mnfHjlpsg, DmTnfR7fQvttp14ikXKJrg, HVy0jW6lYAIBTaTpBttyew, IcnQtCiRfZbNHraQ6Z4dKA, SJ2kdS_GLyXGEOobIGRE5g, BVUQYUJzUamxOdfoKqhqog, aMu3xEoret5KfrUlqwxuzg, G1f0P-i2v4ySC0virY96BQ, UhC292XUeK7sYR4U9bVWUw, jGPxEoCh4vVN6PJPG9KF3g, FLkTFxmbWK1UTXsJTFsc-w, Iu5isy8VNf1d81o7zDSxSQ, DFkyHX7Fnn-AO2cFsmBZMQ, cynVG0GpyA4FM1jzE8Y6dA, fVPGSruZqapIojHDXNz9JQ, p17RL64aEv2u0-rM8Rnjzg, v254a6J9Gyb3Uth8ne53SA, SW70BhN41GHNDMvrvCpfqA, EGpFzwygRZAxHzXkTrNkpA, _sytq2C1r1ihOtHjCL0p0g, k_dk1xxPKoYZMl_FJpvRHA, FWjzro6z1KjuIdSFgm-e8A, 3t1e3NTHubP52aS9zmoe4A, VZkTFXn1SrnTinjO-LH2Tw, GSvZ1ZJmVqQA9O2NVfO1TQ, LEL9v8Xa3PXZh8VbboP2Zw, Ljv2IPTo4mImyzqfaQ-4Dg, h6aZg8OfwRnMVKloX7tBDA, Ye7KBW9iJFGhK-gyRs8y6Q, L9BjJyBedmM3KJJF2FWr-g, wXkfN62L40axKaCE4aApVA, t8tW8tBtEnTt2u5E5rir0A, Zm57yh2a9Ts2fXO1B3g5LA, wRyqkE0r9PrKC62__7kRVw, wOkn8ZVCA5-MeG9oUTDS1w, fcsgr34ORp5a96zUc_ioXg, py-LCQNnH4phuoyKAPaXBg, lmoo32J5jV9XjnvuikT2TQ, TMCP_drYvV8W0UfxCmasrA, M_T_ozCoOvBqhO0H97jNLg, JBdeZs5vVKxzBpru8Nltdg, eZXJCC7sbdDVLPeUGqvVQg, 55H86zTXV8Po-rRbprceBw, O85KZYr5lSDUusnu1-iWmQ, CAhX33tDRF1dKpmBJL6oYg, tYzAJSVc9LZqYaACOI0PWA, -MkU9WdOk_vYdkZ-VAemMw, _E1K6x5SmNEz1gZ3ZI_I7A, ATzX_HIgfL-zMQa13S9wQg, Vf5bsovszNC4OhhrRFYCjQ, VZ9D8ASFXe8zJqSPVtRa9A, w98NO5u8hTA8ArISEJJ-Tg, e9uZ6YZMoZec2l1ZPCMyNQ, zQL8e3oV9sPh0ICcwZRKKQ, Vx7as-Cupdq8udm9kRELBA, m5cZnqRhs5tCuwYvfI9obA, GKP5i1r7IvERY9NZnud-Vg, 8CoBEtFDSCChbizfzLkpgA, ZT80XHJibHLqiSdfhecYxA, TrnJPkPOu9oqYltf8s_wlg, 2QvvEgSODd6nMcN73GcBUQ, fLo44qcQTVV64B-DFE-jiw, xSJgSVkWt8drn7vw9BK1EQ, WP9OjpSsHgKRwx1_h74IIw, cn_Uchc9JSO2VNt-obw8Kg, sPbKpor4w91rp5Dw2EhIbw, 6_hvnZhjf6NwuEX0ajIypQ, 3OYb1Yq_mcyrhGkMgyNaZg, RDaIkc4ZvQYf9awHVGxkMg, bBpTR0DOtmTzF5RGH5lkaA, k7X6sqvESEUJyz1AN_EL8Q, 1OfH5BThj0Ge_fY0nNpedg, Q9soR5huXujkTGRwdXmc4A, qnEjjVjB-MWNjZDIxJMtFg, 9WvVMyS54FN_EzlRJzGPHw, 9Qk4DVMwuYO7I0DflbC3Sg, dr1VY5ZsdkiKUzVmmUur0A, x61LaV5Txd2TxATVKuM11A, 4uZUIx9j9l6kofgIxaq4Ng, rMsB82tk9uOB6JumPMgczg, aURxAbbmSIT0a1ymMxyMxg, QgLoDfvXj4-VBb1dPQpo3g, IyCVk2eeO2K-KTP1cYdecQ, 0L8iPp_axFbbsATGDMo9JA, 5O3VvfDu_HDvgUviAqmTEA, BsewDz-opc3GChIeLWiB5g, OXX2E7w0aY_wr2lbkRotbA, 1oaQvr_BbhKkXBTID3_nPw, CrGL0meJG4T1zURdWTRjHA, Xc13oVPTRDJoF2RCEeOXRw, dFgnD9cRCJfFVmJB5FTeCQ, JyFjXMRx_jklNzq2RwxUPw, CuidEhSIH8JD3sRD0C5UKw, VXzWNQh0NIWjEgNtDjTqQA, u02wxbPLN-axPqzv2qhIcw, DtHUWvFjOQ3IWuUD5pxQqg, cnW7WuUb4xBOkzH7CfhoQQ, xKbgtkY0hpnaLOoU8UUShg, 9I2Jzz8XnGy7gfAQExHUPw, zxRmr6Ve1oXcEwVuMGBc3w, 6TfNcjEYa3SEmlvKhEhH3A, 8ifgaSw-OTekT5zNYBCzpA, Q9-6oBXqNRl_fNg3W2kvng, eJPCc2h3ikUSPrVYAbfPrQ, lIFbDucLQsqTZvsv9jcw2A, bKGrtbn7oZRzduCDstwLTw, 24wj8c_tfjFeRPYXnfw-1Q, BOyQYu_WqezXdqhezCiZ5g, zMK4gLwyOxVAlMs6rVH_qw, EMJWsn9CtXBFYZLBNmP8jA, 5qeubndhvJ_FA5xzAkkLoQ, 0vARfL0_8o69e8i3U3kfLQ, iwQ00mO64MuhxW9tMqk04w, hRaY78CBo75BFCTcgZM9Eg, saryWTUwsWVkihAPNjx-lg, krK6Si_OdaKByyZQZ69ltQ, -dgp2LiW3dnYDcaJIA1RkA, Gdc2KbWxWgg_r6G0L6UfPQ, aN9xk7bss2NZud21DPAjUg, guwRwwQLPJ2ie_7YNfHMmA, nDaj9b_quei_pISk9RHOyA, CZET73q2qBXO0ewYYK--og, QgcG6GaCQQSZQqeUmhm9MQ, SvMrxcd-3NaeAMAaXaQ_fw, jvCngOOFPILX0Bc-mvLyTQ, 2jO_VDBhWZlfCDtvWdQYnQ, K5ijP8nO3XoISJZC6gx8VQ, z4VA_EoHrorUBfl25kAjvQ, QhIDbso_cIxqetCs6UnZWg, 4z4qKcwE5gyyeqQA2v8iUg, S7dYjrX7qDRBqXXDdCklFg, mv6yd7MSW1UcdCdg_xvepA, 4ki3vV9bBB-naIGda5RKyg, -X3AmVmfFIDHFZHr42DJLA, WWXoFrJc7mqynJTPWG7T6w, 5lagxsBry7AipnaPkgdb5Q, Qr3mGSfOM-EGUYdmk_ulAQ, x5eq3-4jF6CARaMfycmNdQ, ruzv1gfXX94RQwGBuwTucQ, fgwI3rYHOv1ipfVfCSx7pg, eqXy1UEaXYUdfz3dyN5K-A, rS0LXE0c0O_vEVEUMXJsqw, RgMG9fneiiTBmCPAtGOVMA, r5H1_1uGZwkrVwarVeo0kA, j-wmFL2qET22vsC1KVZZjA, fDFoYSd-0K8lAxAVYjuHrw, epQuH14nHT8EJbMwBsAzJA, iIxVkZmTWmdzFSjtiIYudw, Z2bC2LWkD-7R_lx0XPqdHQ, NmNKyFHTgpys-kIOQ0-c0Q, tOrlaWN_nHic41RmpS_sIw, SSdAFCghJ03JsM0BaJUi_A, RrHcJ2QsW_w1KmZW6AvKSg, 0lF7LdAI5YscVIP2eLT7GA, wIJdM3M2B8Y5I6S_gBj98Q, LjqbTAQFPgrbEb89SaVJ3Q, p1t53gWJgTDWgm9H_jAK_g, FY1R-kGQrVCMT8ZdjUB-_A, kD6YBlDT_EyZoGvnRqJpww, FI87kNj8UDSSnmhwXsRnjQ, oCb-iZ8vvoIcRRo3ZU9heA, 3rg38lJvr43IJOQHNGl6mw, kolwttibX0UZyyweqoP1mA, 9EYSAI5O4-M2AOzntFG00w, eRLnSyGW1aFdgcgUTnLiFA, zFYs8gSUYDvXkb6O7YkRkw, 6zcZ1ruLkB7S6ClAhcveWQ, Lka9ZQ70VpL7Pkmmmv956g, qtXTyVBEGDbjSa2Cxr8Gew, tE2XnEZSh8rhBUU9VQLtbw, HXCAQj3ZQ7DHmU_RWNsevg, AMdyl6MC1wlG8Lw0rtqK8w, J8y1C9XONnZXJFXVexj__g, YO-FZjua_ARpGdhIgbsrbA, ry1aBd938YfBYPkaVnmV8A, X2Exc7Vohqx-dfvtGYHGPg, pTgH0UUXVJUMYcT1Wt86cQ, ekbruSQTs_hq2Y_yfFOTEQ, WE5vW-aeMThCQ9zjODuvbQ, 29xe25oAHTBPWcBfCGOy1w, Gfxb_D1k8tueAoGn4cseoA, 9pNcdrQLWWrX0vEGGJlEbg, At3KfY3RLxbwGhC9s6YicA, MCr2QJ65bdf0lL77s_W4dg, SqA6JfYB1kMPC4UTgCB2WA, pVv-5hv6FsyvTRo1uaNGuA, etsd2TzRXXs6Jy9JEFddJA, Jwtf3adn87K7bZOspOKORw, C3B5tiw9aqk5concIAAzSw, MFQ2r01_qQLZjzU9XAcp-Q, Qt1G8tzJLuvcFFR93SJ-nw, LqD6Zwyk9gtPKE65Uww0_Q, PG6n6gllARH2It82IYXJ1g, vEXsbkO_TFXcDtQSWXB-Rg, fXkigkh7K2jf_-EESLgvzw, CNX8zbjZBrew95ieIuN7XA, GD0AnaoQO2ymuLXw0P1PRA, fS8512teiSJDoypCuOYUoA, qTn81PG4-nTUtZP7yIkPHQ, lZbotco47bHU7oE5b3d1DA, i8unYBBmqtqILnVDL8xDKw, 7wsSm6fY9KY1fzn5JoDAlQ, f__9p6lo6hmwnAEh3yorsQ, lLEUNP5jc3FqKSBOXUSGvg, PFENCFWbLjqAkdwa8fR8rQ, mTL1oDYEfgjaWqmiwJUssQ, L2CpDs6GE8c6Qwxuzo204g, ed-C-BTs9Xp_5pqo32bLAw, uF4t3C7LRIWqEe2mVmsYNQ, 1MLf5Gf1OzYIw7bjTsZDjQ, XH1UHs1Qt32-SwV-YoHp0g, aXluVkqw3zNAO51zbji8XA, _fTr7Zr6dIgiEzb2AePrkg, 4FdhceXzDBKOaus4XUhLTA, 0NP4Iu3a5Mt3Tg9z1MTBxA, JD0DhYxvUKP0ft1l9iQnzg, JjXuiru1_ONzDkYVrHN0aw, X69VEic7gbp7_1ZBVRJkyw, ffaVUhJcaJ-888k5MFGqIA, duAatEAMZzqUkPrVtJqU5A, CQCQ7YcPmwOzooFzFUFFHg, lHH5so-vHfSMG1k2U-tdVA, -Zcfbpvmgf5zz-0SOvXygA, msAMqNYy3GPxtEudsFHFDQ, 0N04jPimOIDa8K_GLHZk6w, dDS2kISlzFq6R0SCtnLaBw, PSnUXFT5luMvb73mQQSjUg, 2oNfIz8SOcUIclduAKXlwA, -ns4OcYy2LLIfSGBZQDZAw, q4SA3-GMDmPjvxq6yj9HVA, 1YUgncGwfc2rFbZPj8LlTQ, aqtGHdcbD7DEVq3Vlpp4gw, oYDuxd_i-5Frdm1fORmj4w, V7B4KTBitlBs9YH_B00-9Q, iMZ5b31T7KMkWgiEZYLf6g, XKnqvI7d7W366cz3AewgrQ, KZKwQPggx-Qh1RcX8jCviQ, SnvzEaOK0aPD4zVu3Ej0HQ, EzBeu5zQkYZ6TRRVnMSCXg, fLnFWsJu8UrUD1t2GzcSkg, _-Fs4ktAU2HoOudm762hUw, JZgbVFjVj1yRT-Dx3RS3VA, LzUVLaHlp9-FJqYxrSMe9g, hIwKqdGRl1ncK8xjmbyYrg, rSIjmsqX5LT18ab3-XGnYg, Ag7gCa_7vsdQLB207z5DfQ, nhipEByBMHfmHENcAhW8Tw, znbJ6_mDUsMpZ4jTCkSjaQ, 9oVba0elKXKrtho3boGX4A, JuX9Xo9Phpz6Ebw3lQ_7Kg, eMpdy9A-OajHHr8n2dOGuw, 8GeVU_E3Xc5v0HLQGxyaEg, NiNCM37kWKx15dvfzpeJig, sO4IMYk0jA-E2lZh3xUWGw, dNd1YklV6Np2bpQzAclKqA, T15k44emn_Dp1Ow3u7IUng, r4RvHiChaTEtJ3s3QNVIqg, A2KwV7U44XphlsyzUoYo6w, 71BlEg_fHix59Q7AQIAeWQ, dTNJ-a9v7bSfClI0BLqj4A, 7bZ_axqKeIt9s73Zq2ccRg", "fans": 21, "average_stars": 3.85, "compliment_hot": 33, "compliment_more": 0, "compliment_profile": 0, "compliment_cute": 0, "compliment_list": 0, "compliment_note": 14, "compliment_plain": 31, "compliment_cool": 38, "compliment_funny": 38, "compliment_writer": 7, "compliment_photos": 27}
{"user_id": "ZcwLnR_VGfgLmuJ_7tnAjQ", "name": "Eric", "review_count": 518, "yelping_since": "2010-07-28 06:07:46", "useful": 1930, "funny": 734, "cool": 1686, "elite": "2015,2016,2017,2018", "friends": "4UgCYM-rbqzukAJyAU_95Q, CBw4P49ujVb3SyEJ6LNbPQ, gzuasFuTmReehfpUIisUXg, d1sLYlfSzHo6WCpfe-j7zg, 5jz-BicrPZGCp-Mi-oBRUw, t798LJ9HlIGo2czoNOfrZg, bWs_jcZ7TnX1mZkTW_3IVQ, 0fx1zx9ZARFjpxTqj38c2g, 08YAouLIpwlInpjgtjDHLQ, ZoFmhl4twDt40aW_6AkJsQ, iroP-zWs_p2hvrCQvbwYmA, AwKfBfzb-6FNlDuoqvjzQw, Fsl2PiYgazF_9DaBpCrYdg, 0JGU7X3w7wdnfYxRCF-V6w, XOsem4jvGPXUl-CPagbrhg, YGrb3zV-GwxfETMnWmZq7A, 6_VZC1O_WcmoEg54M-hCFQ, J9c0XM-wV_KQmtZYxvIFFQ, ShhK8ld6sRFza8ZFVVsiVg, SRemKRBZtEjQmjEC0L-TgA, PmTgu86ZTJPKmxX9NUNAFA, wDjRSl3cTjb-c4jZiACazw, ZP5qiUC2G0c8C1zRS3zJsA, JFQ1Xi8cIMvPBNDLb_EUkQ, 9pNcdrQLWWrX0vEGGJlEbg, ukoaLcnNy8if--6DTR591A, MyVtbDfX5k51snQ9oIXPRA, 8lEywHSvti2UjFP8ODbnHg, m-RJEK7xjs5UFLvDg-D-zQ, BA9SDRZGyRcUMxTdUTVhmw, sAOdKC09kMqFfnVCrJRWvQ, XY129OvL6e-njtoblmZ73g, e9V-hsaLlQIFvo5GnJIkbg, nzvEsHP3BPuGYokIoe_k_w, VObytnZKYny8v10aiLBCYg, YvqFcX5s0cHhqAFrXvNOHw, RvJek1W1kNW-JP3t4Mdcdg, LtfZqFIrhr8Qq4AYmHHQSQ, QvMN8sGV_0onMKDPYUi3Ow, Jmx3acL7JIgB3vY2qrQNWA, z7InytAnRmmltyBJudAUrg, GnQZjXl_6JuP-0Z82U4z6Q, XER6w2H3z2R3FPTXd521WQ, 9wrWt_0Z_vNu8FjRJfJzdA, GJovoapW2RNGa99tVYrCYQ, q6xgj7izoqXoTOWE2QyS1w, lmtrtjMJwhIvrU8xk-RUfg, yETN69bQ_T7ksid7lfg-FQ, lt9vlWEaHsILoBBOEwX4MA, 37muZxUZDqPKUmCYg5931w, SHlF6gBWNEFnSS6xAnSvFA, 3uPAF2-YwiTUN5NvVH6pIQ, xhil_8Uocktoc6R_L7ZFug, -L2svaPE5XGQrQBEOSetIg, wKV3ZMdOe4b_yaPGTy8Igg, xSmJ4WZCxnLePHIM95ZhcQ, 21vALuhJroxZXm2aLWm5mw, W5cwxNwGiZJd393PCDQEvA, 5C9zObDDH7UY6R1DxIZqlg, gcBgusSjmyATttyMc4YfkA, my4q3Sy6Ei45V58N2l8VGw, kFtsYOf_EeBUJ9al435GJA, PyyJdP60TYF3EmcdwvpH4g, I35GTI8qAs65Qr_vqxS8PQ, egUm1xn8Vy28E9vVrvZvOA, nT9hrb0nJ0CIox17zsyd9w, 81NrUp80DRP8-r7ykDzGgA, MdGnY6eLxy82nEZhCc6rnQ, bUlDbZ2wXWQm3NDtla62_Q, 9uoPfxPKCdV5Jl3HseVOHQ, wWXcjHOsACqRyoCT6wKZEQ, nf9e0k-EkZ-7_xeVM1cOWw, 7CcE7RDX-a0cICqFFYaB3w, eHWgxIlkBQzvf4unPQ95MQ, 2pyu8gjsXil8BAWcAkrIFQ, 6urS-vMeMNMw1ogB577H7w, M-CoiHVChXrRVRDFnV68zw, 7DhcFEiMouGag6JHzjnFug, sHOxQpXNYGF2YHkSeLKKEA, p6dvd1_hV3GUwDjxNquEFA, IxrkMwtW1emHp7cifyq40A, p0XNuXXW9V-hzS0kz94q3w, 14_plDDxH6PDZGOYg7Edsw, wXNcFPZcDGyjOzdWUOyQzA, Va3MqFXpcd0TvgJRJfiqLA, bnn_DmLZEi9n0E4OMuRXbA, MNVDnGAPzxIh1wdZcMqbDg, gJFC6DaM5guitce6FSFYxw, QQdEawi2S-TWp6dUj_Sf_A, wu3K_EQFUmbM3FD0ZpM9WQ, gMPH9vCPWKYZtrd0dn59Dg, r64Dr9XustLdkFF83TgoJg, Gts7iFMn31Hg7tbXnYN2Sw, 1HYeHZUxfnRTa2pM0UiSvQ, _lbWKRupAKhWCG85rw5hDw, 4qmjySJprpPSKDoxHLIuEQ, dNUg-74TW6TF25VGpBLPsA, RkfQX8dSJNzkAAItX326Og, s-kmSDkixx6Vw_n7hmMPsw, KxGeqg5ccByhaZfQRI4Nnw, X9LT66H7NosO9MOSm_qt8A, Qs8ktILjJqNNCmjYltjRaw, Se6V8aDh7qZeOGZVEex-2Q, oVl-Zg6QU6NUfXA_TPJQEw, D1LeNWYRYX5Y3QU501k3tQ, v4Ue-f5oD0CM_rmL2RdAoA, w5vtDqybAMmlqOBZiZMdPQ, jVqsmFZxw1gzi-9JQLvTuQ, sRrl6zoyLYRTVlhdn25hhQ, 3v7hHcdcBHLB8knfHfBNzA, 2Kn5hPiLYxjcPOLFuuiIkg, _GLdJlcnCa81-06JJoblfQ, uXrb6f_xvaEbsjwj7RoK8Q, L3Ld7YaL-_oLO5o0HTWzWw, mQZJfkhi7iUT5jNjxfIM_Q, wwdamcY73iJTyhl-3gGOJw, XMmAJfiKPkXTZGs5QIwycA, k5Goh1rDbkzjsPgLozb1fA, I-FmdvI28N7OIIt4JZOgIg, ieRXh0f_Tax7fjnGE-C-Tg, 2_RtxkxlEUYZsWZaS8tMvg, 2AzROdDEkhMKvZLGYWI4sw, bDF4XoMF-bApT_YQD_duTg, oSI_KvY86wb0KkJ10cBx1g, MRsgY4hkGqevVCCEZYZNZg, zwpP3Lt8USKS91Ds52G8UA, egIyHWQbswZG17japMXotA, nhujWjqwrqJI-wP_blPZog, JpqpWvBQnJREquIQKvLfHQ, 1r8J1zcJhvwJTPxm4A3RFg, DfOj2Jf4MlTQiF5TMHCm2g, 9Lc7X2zPPU896E61-3vsbg, Ryxj0u0AW3mRsRypdYli2A, MbEAbcKrTLB5KwZQVUfa6g, bH3yc4ZI4CGd_wPpZKML5A, uHAZD_jPIZxHZAz4qFFHyg, AQIIeIquLDTLXJqnsptYug, 6l7ZNh5Ikr7-ElKOLah5MA, WWzW-F4eU8bgTiwnQOMY-A, -ma5si-xQorNSkOPrERaVg, p3J6DVolGsLzldY3pLKhrA, YX3iOnBQWQ_rwkND8VUTFg, 9VvNdjPf7CSBu-fDl6UDAA, ktm2YMsb65tRnePcYpVlqg, eU77PxGTK58WVRWoXULlEw, M9rRM6Eo5YbKLKMG5QiIPA, neYqzBXp3ti8J-53jEHGPw, TIuPFb62Ik1bwRGFuT9HEw, 4H6sEoLvXsVB6JzX98e6FQ, cCqhFQsFsQpZ9iOD7Lgh-g, vkS42EUbymmsuoMbT1h_Rg, qNVAPkw1aNyNKGiJzmgWZA, LoCpepvopAzq2EKT2g4wwA, 67x5iA3XjEtdDVgOwH2T5Q, FOy0Qrkw54VKDEWIw7T-jw, -ePh4Prox7ZXnEBNGKyUEA, 651O9OjViLIE8O5aUBxZ7Q, lEnzBrjYktIdLoyKKzEPvA, l2BKLmsvlaTKMEPcZBDPCw, uCQg8VYZa04LuPjKdhVDow, VLm3s9B0HAFacwV1JL3Zig, KEp9wiU1wx6ALcTRwskIRw, 35FX0y8O02ErXVIdQ_Xa3A, 17f-n5Rouu89FSKuc4c7xw, C_gFvNPGczWu-Tj9u577FQ, 3-yeSyrva6aqSIoZ8gRM6Q, Q6Dcxo3_lNCzkqK7J3FL7A, LQJG7brhxVrYpy0OlMvaOA, hdZt2WtqEe7kyd2ezz2eeQ, ShXUrRDaGi0SzZvqhwQ0uA, SsYDYuT792irBRoGpcOmrA, ewlPGxQiz9Xnp9mmT_i-7Q, tfZNGpy7wizyz-CNulrrSA, eIKl35Uku1NzsaAS-hSg2Q, QkQLnujuiBDP1mNChJYJww, tM84r9rP7XTjX4SnRzviMA, -KzQH0n2ryLorsVgO7KeRw, tbabkTYdQtHXEcV_4oI7yQ, waN6iwcphiVEoCews4f4CA, hAGxOfSDR2iuflCnWapGPA, ujNqx9pVg61xiCFcG35RAg, PliiFWekO3t3kLYh3f_yTA, V-FI5ytm8ZAe8Lo6wdTdBg, JjHb0js-uUIq8fPauXMA2w, 04J_q_VhSBItxNiEAN-gkA, _HHDVMWWjKlQu4H3_PhoIA, 3kpoitFg-n7K3DtzSh-Y1A, rKDLq635fyrmVzg4Gxkafg, Y6e76QpR6tyLcSENx1xIrw, QTnBv8pS4u8nrq_JcXElMA, k1WjXpc0WjJSKdlovXHpSg, caL2lQI0ix6OjQ98sFzDfQ, eR1CZx03llpP772vYfm0Rg, 1ERLDBboohetA7rhTvktaA, PhSnnPSafqGALObhLWn26A, tFTU5yWOCQLqJMs2YhAaFQ, tiXNTBLNl8VZ4UfydZIWaA, Npim4I7cjLhnbgX8qt46jg, _8cQ0Xv67oBbvn_sDzGmeQ, Gfxb_D1k8tueAoGn4cseoA, eA8WqJj_15lWURDwE6DsKQ, pL4NhW3rTokFr-CQh3Lzgg, VCDj-I91S9EQNnXOfDo0lQ, 3RPORizfUAhI9HS-Nd7RJA, CjhTdmN6qWEKC7Zo6qadow, GWs9J6lIUqrySTxl6uXO0A, ZQZC755A7rQJBseeJhqPyg, 8BWXQaNCnwQuPE5Hd-Ij0A, WMMI5Q4Rmm1Rqdu0jOvyhQ, r_fMsMmdPW1uKxOSOxDjbw, siwRbiMAwGedaGR0NkHpCg, FdAaxafXjjmNyh_7VaA1Yw, ILyHS3KQu2gMd-UHowVsoA, 3wxE5bTeLjQPu1k2ZAaLWg, YUNk9RrRxyOtQxXCu7LzTA, 8ciQzrRSDqCeS9EIYdpkvA, 1UqG8SoV-richdeJgmCKkg, _xdqNEgO-AgxxZNwMSIiiA, c7KRpENpwni-RfjRNrYfRA, YlO0R7gQPkpHG-0WEhpWkQ, Ksk4gixS8T9N_M16AlblHA, WlMz6-_M-O8AdVYM34Mapg, br2jomOAk2DQP0HyFrrr0Q, no2kFt4TEEzZDVaM8haSDA, lJdmARBz2KR7y50TBmmRZw, QwbRmiOiNGQR23uvEkW_ww, e0pVHbAZE3B_iwRenLfImA, _TTipiIifHy_mNUCsDUCoA, eHorxrf-kxeQpMKbdH9XZA, L2mC2eUnI77E8KQ159YEzg, DwdNIi-HxYNFx594cMC8tA, yZFAlk6UdPqzt-k2laVVaQ, 8ij6_dnspdeQsWWK54XtJw, jeGirgMx_n2DqzlyQjzMlg, Y8adrWFzckrjuC11aAs9Og, fMBA_z1hwURKp9uArgSmKA, Qjrn5UsK2HBZxx40HYA1iQ, Yfd33F6wAas_X7X57yCNKQ, WLxEP7BQoEhulyH-jUYQWw, 53k6e_bFrOYvTwjD5nYjEw, ZjJ5Vgkx2Pg3PqAxVCAuig, 5BpJEC8YVi80ecWT5CtlfQ, U60J5wqppG9MA0Sgq5PquA, SgD_14mShpd4V6AnV-_-wg, ZrXRSkZPASfFhmF98eQtrg, k7J0CjxFoxdSayhlDE-k7w, LDOwbiMyNjENXEgw40AVcw, RBzuT_RHgKFwBaU_-AdnAg, ij1EkydgfT0fopex9SpKLA, 4c2RYnS2mdDSMwyY9xWBaQ, lnG-X_bTSVkkVwkAFWOjrA, irs6z6GvxaC5c8n5o_VmbQ, QhhMIiatgOUY6nbwbzG5CQ, blWSx-g-pZiUi4U6KD9kbg, y8aeBr8bAd7tbxkpLaHlXg, TpIsTLSDQ8kN5qcRkprang, gRtIqKlpP_YNp45x-MmeQQ, eMVqpQytGLh3nGnYzHJu1Q, WR1fZqarWeDgtyVxOgBt_A, CMYFi49jMCSNmgMZWXYrpQ, z6CdFY8HH2JVtunb8EtJvQ, wc6LipnriqtHZOcV8LXzLg, xBO_ClBsdYKYLwWxLJSQDQ, haaZnJu45WEsQyhkZGDgcA, FZG7BH9sBvarn6d6ZArRrw, TlVgoWKiTHsDce0TxdP7Hw, q9ZefrMbwAeSinGC9jKqaw, tvlYM2SVm4FVh8JkeP1ZCw, LimnMriK0stE6DDPHw5B5A, 7kDlqgv7gnS2Bo00v5EzeQ, -Cy7Ms9xV8d8fYezyUusCg, NTfm4URRwcSpoqvOS0A_Sw, sxwVQcMZkiez3R_442GkAQ, 5jizeQPAFVDPbE_-fjKhmQ, FsHuGuRCeewakZYhih0o-w, h1ovyYne78jKZPo8gFVM8g, F28n26ynklEioZDInyK__A, C7Vo14RpRTG5Bc84l4q6DQ, CQd9JH4ajw-H3eknCjsnEQ, FT6XkKGVkyIcLcsYGHED6g, aXLzP_c76T6zZ8JHdd0DyA, XrXVAFkCOPbuQyAEj4GqXQ, iCggRg8YUw8JXTGh1FsdkQ, P3VG_QVrKaN3zXEGm1RjKg, CwLEKnnODT2zSpqzsLojFw, pIBYKWskMsPJvlXEzamXbQ, vwMgsy_OolJ7nxOPWhPYhQ, HmILc-lgVKZS7mWNdYCSJw, 0NZLdG_w3OWW0QsbnuHUqQ, 1LdXqpTv0bcKQVkQB6Lttg, Y4lAJPg8I3OfGUzC70F5iw, LDjyRrGtDjL3G3w225tMYg, uAaKUDGzPebXfk9zFNf8ew, GUCac_iRt07wvgwCt9Y3Fw, OafSRT-PxIRQXV0_VjZZ5A, e6iCOIhtupBCiw-VwBvJ4A, kPtQF4qyUsY3fpJKExKwcA, UXw7VE9aHdrsfi8S1tnNyQ, LiJzaYCdoVyyhsAReSzkXw, MwWO6axFPTCXqN0DAfUhIQ, zOxFYwqq8Iwhsqm_jm016A, YF3KmwYMeONIfX02OTxwFw, XPZVfP7DQCSL3Nb9t2vxsA, 93m8IghmdjAufJwAMSTKcA, cW7cD0n5EwDK_kyfIKV3-g, 8hvd4RrseJmlbjqpSY9e_w, AvjINGLM-Jzl8tzQ4Q9-RA, w5bAI7USuCvyl8kZzj6sQw, zKSwd31uha5uwKEBnyB3ow, qqRp8bD12ksi9iQdtKMSlg, wh7yz5cZKi-nMhyLhUIM0Q, QgLFMqJyJd2_5ZpsPi4Lgw, Tyb_FnUv3L0LqsYyL8FIAQ, BPHsSgh6K0ByAPIiDxgvyg, XOIe1VSt1PLCZO04jyXDYg, ct9_prJTYDxI5Sd2CIPuJw, ML0eAzMKvw8snJR1JteDjw, PJWJea2XFczLXaOAYIlOFQ, 07lLN2P7sRY8bnG67FKdYQ, RBb5JPbDMxIU4PlL-Cf0YA, H6HS5pZDrnc4HG7eWYz6nQ, Dq2_n5orkqxaq7awUVSNUA, 9B2b-oSQbSryBYvkxX5pIQ, DlkbXmez19iNaa9gYFtyng, 6Z0YVIvuImYFZi9FKstD4A, WcELWl6yHmB5SBczekzPug, PcvbBOCOcs6_suRDH7TSTg, zNWn9sheXo5n4y6PJGV_Mg, sgUdpOyxO-YAu6e81nn5yA, jbI0VSJ7OWWvOBhzFRLJGQ, zvQ7B3KZuFOX7pYLsOxhpA, MaKzebvq8Fze_pBR-hi-Kg, OdfdbmaWOBU4kZTtxaGzmA, _FcCgs3ZleX0_fdID_-sqg, na4Dxar9tM4HNnGKiyAWhA, Sj1UPM4G1CunVT7shwQugw, LqUWHBA2mDB15U-AYCW3Tg, X7zysG3Cja6G2blwDyE76Q, 9-BuUslaWcCL6yLRTagYfw, hCy4Kkyo4N0fFLMDpKjYyw, mE6-B9YhbbVTEolfYO_t8g, DY5mVI0tyKb73PGvis6Hiw, QMqSgBqSrlRhz2B0UiORjw, czg0TlmjWNkN_D_EmyEnrA, 8rFBRygifIKwtObi18XbbA, 8DGFWco9VeBAxjqsuh1aSw, lo5u-i7AtPsgVLY66TpaKw, JvpiYzE6KJLO6UEpBkkM_A, kFYEp9HvN-yTStS7YD_bVQ, w_k3Wf4r_PvAcejrudqH9Q, sp-1jfpm6q8K6o2LSeqdbw, lFGSeAMj5N1Xm9mk9OoPqA, L57gYcyKSKboCfyZnhbfYQ, 4n0eMAeCSvWRl6an5Z8OGg, gu0PkTymwhOSfwucyr3WTw, ImYRAU_19IkuSRqGXZmQVw, 2rh7lO5qHQE9idMzB7yPug, OmWxDWn2xdDOq1PiMcha7g, LoPukvaiiG01I6STvU2fYA, oFKxbzt6dDLAqIDt8gUCPg, 3OiyeQvH2iZ28-wmK4TiZw, -4u6fATFg1B0kUzSBki4Nw, NsqDhj79N8x5NamFCRLAsA, 4NAXwWeAKyvrL_0a1sybPQ, zoSeGxOF9XS24vRDVjLgHA, fVILhIglx6RNOXQba5t4kQ, XiMjphpRsjC4jK8_4jYQtA, qODELJKNi8MEa-5ChYr97Q, kEFHGuIpTd-sy0YKVbEUdA, NwRIBhjXUVfQ8wK92f0Tmg, lKMIa_EaYxZZGyX5yDon3Q, cfMcvF_lIcwMLxdJdzbxLw, mk0ilbFN33Hz0b2fWHqsqw, QXAYZBYuZ1NbygFKvynnJQ, ECjfeIqrQj6e7VXVCTOleA, HUXm7Qhaw7xQtXqx-QyNAQ, eNF46uDE71oH8GVXaQoKaA, qgbRvkZ8tUiAtNAM34YBzg, F-u_mpanx5r5MAK3aMKoZA, EKQTztzSxs31apnsv3OWRQ, dR_rEskmBSyY3AuI-84dUQ, 0jc3e9QsyvpJiHegI1s75Q, EiwxlbR8fb68lMgEXhcWKA, i_jyzR3NhOldcHa2K1UqtQ, M2yqfVoUocQy9wR-76PkUw, BJVjf_7oOfzYO3ExDAyS5Q, 8oljN25ZE-qaNjKjMYRYLw, 3yJmlJRZW2gKlGoV6HJroA, akM4Eb3PsP4WF3nHlXSRRQ, f_TL1EP-qm3qMNm259PSJw, 1N_MaFNWbGNwItYeDr5oYA, CFCMorXhNP_2ZkLXvB449w, aFY49fPqAJ5uyeJE8QbKgg, 2HA_Ub0s2qACtlOkrTe1DQ, GcA61VOdWe5umwC05w9JPA, Oo2TYlVqJrag2NSBJG7m3A, s93PtWbODlx8h5IK86CVSA, 4dZZJUQvlCAb6j6g71AHIg, lOBObjsCtw_eiyN7T_B75w, yqa2qWN6acpmDuDL3U61UA, PhjgXzs0L6r-s1NUWfuaog, SsGMcVYZQlX3a6PazZzjVQ, J6oVN4LJEN03LscteDaK1A, SpwI8V8F199kF1s2i1PpZA, dvl2HYHqn5Md8zUUkljhBg, UJEGCmwVgJeF-05grac6Tg, GY6zFFqHhS73vnHLUWo6fg, B5lU09avxbYelTf_d4Z_VQ, pwQ8E-hbDUJe3qtKt_IBBg, 84TRmm6rJHi96LmWchLOVA, SxvvrztdHI54Eywr-wo2aw, 7kMfuFh7h8PYbcHrqSyqZg, dKKvpFh7QrplB3e0EEh8Rg, PGJ4eb-8tmvea3XzqIdc_Q, DZcqhDNqPSvc7DPvBfe_yQ, iS9OETeZ1ai-JzOANgQYFw, tTBzFtqLaPqRMRVxN0cBiQ, T7BRsilL5hBRCm5h3LWb4A, MiTfe7AB1jUnARYxIjiGQg, r2EUYBtZEf5xmtwj-JuYtQ, EXKDLuYoZUKUNNNYA7TlGQ, cOp0L_-X9ySfumO7XAk67Q, y5zqSJE-rFihsKmUZRbbRg, 6wQC7_UUeuG24YIpUVI7vg, v7gsMsxQrQlQ4-JCefu4gg, QRhZChDuwfBbuhqIazv5jA, udbtMXNc6f0fTBCbI9ijmw, Pf22rlOdtqszHZxHB59vIQ, sOZfGLRjhcEjAKBLZKcJGg, hFCUoOVs1rA4FX9Vps9fsg, iH5YQPtx1qrNG4t2-DjI3Q, -nIVKbFxgBMHPVRJV2Djqw, 09deelY2kH0AHOj8CFXLCA, D_xYNiL2c1G-gVzRmKY5yw, ez1NI0gSXV8YTs-AZB5pDQ, 2KngCXOz9cq1wQdl1b57WA, ct3-JML70XmSYL3cZcXK8A, rof9DyrMxiWY1NyQHtjeDA, 77rE441_AtP8t3bpWcxZGA, pc03m5zMROvleTkuiWbwUg, 7nI_9eRz1YKnaA0AYTLiBw, uCFzFOJBnsLKJ90oV6rbjw, 9_jYXKYPQ-VsrH5ONgqS8Q, YFVvaYwxcnILdlQnYQGeww, vdkzJw1iapxmN7SbXNof4Q, xYhE81kALW3IJNEkDTaEng, Ti_Ri6XgC4ZLyjBqAstjbA, 6HdvRKRt2bo5MYIOHJOZOg, n9H9DDcr5qnXRfcE9kfxFQ, P2rLEOX9RO3MDuMmVMmlTg, RdcNx6TV2Yr4BzzVGv6_dA, wQY6P6-1mlRBza7PpNtCag, rynOu6cdPg1cJDIHNOeIHA, YNxumbQ_IXpwwR68Htl6DA, x1PlnXt3NygZyrQMq1hjwg, Y28OmPKJAea34sbJuOMqxA, RELidiY3cbi2tnJtiidcbg, abzIJZ1HBSsCh3X7xUAZ0w, Hy_ko_2hkLTxvO7G0pIGsw, dYwTVJLobXqTXg5pWmvZpg, 8msyzcHj92LGxqIf8LoOVw, 1DsuFRjdW0gDA23Xswzoqg, -oCTto1xQODiJH17hiq5iA, e-fZuRihX3Tdjk7R2GoskA, qMvbOSHrQ2uM3GCGfHjO3w, mzKAzU11gckoAGEHWXzueQ, dDe0NQfi9IYXozrodCbf8Q, 1W0WA75ZaU_jK2v8Ctvy5w, NhqmU4rCY3V7aUtCPbrLaA, 5eG3Nihjn1PBwj6KSrFQjw, uZ-1w3XFhOe9UUah7CuB1A, f4JyDdEEFO5kJ8L4IM3TXw, sKd6tuqt1W9HHYG3ZEO9xg, MbH7HXiGApRC8s4aTyI5hQ, Zt2GVT1q4VchIk85Fx90BQ, toBzPHUICDSeAU4YdWl4JA, ex0DoUUG1cPDMvrnY8Z5SA, 2WNF5PiFkBmMlKFcxiijZA, poFrLs1tujZLyxibPn9Anw, tH0uKD-vNwMoEc3Xk3Cbdg, oh3QPwOu7EHdFvCUhyn9IQ, ALRot_rgv3j0Y_hbuAa5yw, qbdnK3y83JAV8Kk9g6xvwQ, EcJ6y5vYkNELMlg5WDI-jA, AL1yDje6hFgzuQC_H0tH6w, _ADnCcFfZrKuCUdv2SD-PA, FvxgtHlYOS4Q_22omnk0OQ, kayrvUYnrCumZ1x-KTU20w, -nrPFquvIljkeVdpS-OpBw, JodIko-fBNsz2lhTcYgIeg, iZmpVIO_RyyALF1Bj-m9sQ, DiNPTmQ2y0Yk4nRSF5ytQw, LkY684w7qaiZgjTxM1cDkA, CJBO0RheMlZOnuY-_xKDyg, ouv_b8f1elwZmHj8GWp_fg, HdzIGL0kW8NQ0CgyEhwQww, YCPX7BLrofsEWZkOroKVcg, QtGXr3Y74fnWfdWpGJIldw, NO5e0WtLAOYcjheLU6OEVg, JFXOUMz3vz1RN9q5REGr1w, bcSNXfqrwNbpBY8YSzbZQA, d8KR5c1ievS0C53h4fhEeQ, YpGt3hdq5adPlEFn9fQ2Zw, kjeX2RXvW7RhBbD2QLd5jA, w443GwDcDm0H_i_p-bNEhQ, XOk0Wx1X2qzK5GQq05Aaww, zFYs8gSUYDvXkb6O7YkRkw, WSptrgW8NLFBNvw1FOpifw, F78tJHr0qW6FsYBtWMmLpA, okkFqvDK_VMFWCquNiNN9A, V88RvRJgfquVt84ygrgp8A, gPHX5p9zqiaks3LNSM0foQ, fU49CyW6ZTWZCj1aAOm_aA, OGLkivfkMESvh-2Fkg3bjw, kp7STgRF2dAcfZQpkMIsfQ, ed5G8vGfuLhNZfBaddKFsQ, nKYpD1EJp0q916E509WVSg, OGMT9AFPZy_2hfiNCBW3ww, Z5NA40glQ0Kfo74q8NEohg, d0AMOvtguHv1nYxb9mYf5A, t3cu9DxXtGyaPIWNvPOXxA, aKcehnoot5pkZt5keAP6Tg, lHjTQWWgkS4XkZDv_5oq-w, y7ijAOKdCQylnYCIOnEdRw, y-L8kTH4rHFG44eZYRdogw, Il7dIoxE5K0emDs9dR7zIQ, Hm0diOkWwpo9zotlJlqMUQ, UOlUCjJCx4tndRnrOPwwxw, jl7-YyllZrsgRVq8WsDvPQ, 6KZTLz9taKP6JiN8q7ye6w, H02XKvKhgroCtPd5O5U3bw, hh8FIBoi3BkKek9Es1sqcA, trUFnQXasV8l2iJSzZKXrg, N1MvPTDd9ZsecKpxcbFKPA, RKz4YwFyc8ij3RbIB7V3Qw, Eg5niduTCVnaIBzGmoLiVQ, PDQch1kSyZYcvtvW7JS6Pg, UL-dYA-QhWeVMfz5NRf1Lg, aqJizYMvNspyxeL01r4Hrw, 15Yrx7yqhGp-uUc5ghCcUg, o_omRoAfmXQmN-6wDUVtvg, xCdBM9yKyKyqW9qC2RqAkQ, s5F0viIdrelfeDtcMM65PQ, Pt7qrGB3d9Tq4ISJZWHQLQ, RbMta8rXN3nBaKbloDWeng, DIaN2_VGEnN2RyDPB1d1fw, xO8EN6NCLGd6CVEe4XQYKw, D3GeQgpvMLwZCCHHdvyqaA, ciJzDUCYsALeZZcymafTpw, Y5CO_5kRUszKtREmHhH75g, IC6j_3C7-LuOjEcHN-OHVQ, jc0qzH7mcxvY4cGJfE9JVA, 61AymMi8D4RTQ2aa1w41ew, zoyb93pskMhDgXZgv-DKtA, ZczgxnI4NunkeDdxh8Pd6Q, ZaFfzZjq7UuHU5vh6u351g, O1AxbgfXOygfVDgrqg1sCg, EHxQAxj7FzcxkiUZlBiXuA, rFR3fyOU1MSyIRcb6oiRmQ, LMPWMy_kvHjlUzVQ_9jz6A, lt7bNHl-TXziny4FETu8nA, L3jPIaqt6ob304zHpLRogw, _hvEUlwx_Wkzz5m4w7lFow, enLp6Mtg781hv8BOEw4JUA, el3TmKFEFzZOcNbCw2FNlQ, aCnfuvY961UHTUqj57FSww, i9pT-BI5q1KZGB-ZgJuqSA, JzrS3Rd4AFRjPLqn08ZPEw, MQwSyZ2MZ6N7rtAmphZCow, 5DjvBEpu68DOvHr6wvo2lg, -ch_vGEYUWinP9B4evFi9A, bjpj60rqZFvlEjIULEupVw, l1GfzZQulnRQNcQCCprl6Q, QC65bhNc4aqk5AJYlo37aw, w10NhKC5FShn8iZzm6QfmA, N7E-CfqdME28dakWdEKNvw, -a1DZadk2meOKjJNJylnbg, ps4UUqnLtOi1S6q6wA1Ogw, kmXHMCtkFc1PRB7dD3gCaA, Qyhl4ucZj93KDx0vYJRgEg, ZaWbwSvAH5eOsQVxZ4wmLg, LFROYWpXtMU_f5nQtVkUYQ, hXnUKMPo_dOR-y6o7Xu_Zg, 0EsfCJu3vwR_Z6KbOCphHg, _32t_Tt2OfXQYUWEgJVHhg, 8VUd3pkognwMvyHQTexhqw, DK57YibC5ShBmqQl97CKog, OT8z-iUYQuZHEziQ9-SimA, fp1vftYLHOUt7cOmr4FxDw, vABbgp7qNERvPVZcjxypMQ, Klqe0ZL0_4XDlQzUisO3uA, a0TqrdbVwHvGgWeW29CKSg, 9IFnva_ZbFNv4pwT60UzNw, HmhjcPCVr0TbPsPhXV-Trw, y975lu1oBjpW47TT1QdFHQ, VnxSnKxwihmP967Xc6xPow, 8ZhF85vnTOA21k3GEGifdg, hZFzo6HD06gtj4J7O2ki_Q, QHOhEI-9MaMt2NiGPXsehw, 22Hzx8BFkCFXy2LUL6qd1Q, boRu3fThIhsAexSUbEGxLw, LkDsaG7OedkiG84quWlHbA, A5Bc7xh874u8pcKgAHe2TQ, 0RmgSJgWsCOufPdp1lWLVQ, jgZT1iLaRf2ByKIvI9U_QA, sz5kzKYvfs6YogKqDoINnA, PJckGSPVj6BStIQ-x7YUFQ, sYtSLVYOyWavDzBU1ot5vw, Z3qGu180LQAUn1wxVG4bXA, li7AtdY322dAqBGicsgL0g, ohmhkRqfLya1GO_dx58EIA, IR8YsI4EHdj2XW6BDopK_A, L_K0P9Q0ERQI2BEb7GmFXA, 0QqT8BhXSgm_olXYuaR4ug, nNfiAwXYP7xDaUA-7TM0Dw, JzPDFW16B9RuRpVS_nigyA, IRnGZANy18kRk_j85dWH2w, XcbywuCi8zC24j7O6rdeVA, VcfeYS5htpmtWwDwndkbqg, GDpQkERMcucOhrHKe-gPYw, EKQMR2_QpEeT_a_uLCissw, BTxxGYdw8CNV7UZGc9YU1Q, SoiacX2r2mvHqIh3GgRMUw, anccLdyyaeka8zGcj2GLng, 8QZKBR5Ss9AHUeuHI13WCg, 8Y3Hz-A2zfdKkQxoqiD1sw, ZqoYfBacSlevkAZVWWLpUw, fdAOa26lQIp_oGAzjICwIg, ofVsZ5BKgmEwyozNz80dBw, d2Q8D9ABP0_4qYF0uRuH4g, wAqiSluTMo_2T-dTN4Bozg, 0NsS_rlr6nx0DDpQP07lwQ, shlbFQOBPLmVN69ztxEr1w, zFp22UYxTFPmyFDjkSy7FQ, DjP2lo5wOngdUBNh1NCvbA, wWnIx1GMBPcvXMf-Vd8fJg, vaJXMQdf2CG4UKZkwOylrg, 3_Xrok7pV_MNBHhCPy2hgg, uI5Rve_2YWFrhX2rowdkUg, _rhYsgWA03_D88d3xEGFvw, LztoT0g8p-SJ-nTbW75VMA, xhhE0txKwQtRzgQVVdKkvg, YaTCDXCVxCkinq3yejvpUQ, j5ezF5mEGpnDwdTmAHci7Q, UeJ98sMQWrl5cJJqSeOsNA, sz_b6vFntfpwPn04j1KZkg, o2Or6xqxeWaE46tdzK0UGg, Ii_s4WRGuJGLX7wLM3Iu9g, axhrbXMTubtZ1eP8UeEvSg, 22N9LnQCDY68uFxZXQYJ4g, KhqlVtmQ0JeCZKXC0Nn3iw, hVOstGtEn8zJmlxfr6JA6g, 3-x13nIg_2D6f7pnD5WZrQ, 71vKa4dIaK6FYTEM0x292w, dRIY0ZfX55fHt_JTWGSskw, 0nOIH8qIMnmZdLCTemnRsw, LD9wXV0bkMNojWhJxOMBtQ, 9viofKAamXBP4EF9gvfxfA, 5ylIKMA-zoXZvH_-X26YOg, K6tLCppQdUdvTKsWkWbvxg, VvLhL1THnDwNNWlP4ydv8g, kYWmzgbBmnSqDr5EUm8qLg, 1ljWC0N7QcRl2V0tm5XwMA, 9v83UksZrkThOiE584GRBQ, 4Zb7EOhy_CQm8V7LN_NQSQ, r5Id_JJUmyZE0cjoQhL5dQ, IIWHna9uYk87yIuPJhwOAA, 9E35LB29RXJixo0563Iwew, _zFYC91bOjXC9EdsT8VnVQ, 1JlOo8MoX4e67l34aRulrg, Sxkag2soHkimplexM7eOBA, 7KkRgHVeJ7N4HuWojrqULw, lfX4Ay6lYeWQ2kSdAxJaDg, chv3nntxEXkX-rhXjP7Srg, eAJ3Ip0vh-zuk_BmcmchYA, fFKhHqwhENswtBQQGGhB9A, UkLiM2r9UcVXdx81JPGZyg, SsYHb0uyECshxjzUJ8ynag, a7B1ow3HSP32vA3WhZ7RpQ, vpHYPX77WQyuObd8MRndig, tJVOy3HCuHvTdd_oDK60-g, haSh72Q0MsQZUpWPeVgp0Q, T59TxEMGn4oJCoAuoWyxCg, _wEHJQpRuxwkwmocKbfHUw, JB_Qflj9Q2I_c-22hcMwKA, iENDzI4jDuXnQqRIIBTTEA, K3FJqdZ_9UCCUhWinMYKiA, SVL1Oir45owS_oKg-ylqfw, bpgbVPJcG-wQ4cNBcPPIxw, wej_fejjaq4GPpBWtl_k7Q, 2zKpEvbuDesoPhFZch4vVQ, XIrZPTlAt6N56OBRAuJ5vw, TmyPJONZiiYzEAO-zAu6Nw, CvEJxu4gfEeG2FPaJKkD3w, MHmLX10TtKdKvnYx_H15nw, utrmyxm9crnC9BdYVEXx2w, rbEH76HCXORcPEbweM42ZQ, qIDy9zJfCuqxy6A3exPe_w, u-rO_1IR1d4xibcYHA4zTg, 4Dny10yOL07qMrhRblDQKw, o6__ZWGttmlxG87FuHcF0w, oKpKsbUJzifdG1KjZxp6Tw, lVwn7jM1ePEpKja1Ntbc6w, cEg_uFsiKy7cbwywAmEYxA, KnH51TTJo8WrNogH_OSqMA, K-ko8KGYMBkuhbhno6-TPw, o4tYl3Hz0oDfpNn4k02DCw, 5Hym66RYRlDkFkvYpw04OQ, GkEsEYFCJj_HDs2Q1A22zA, c2fXUz08GexHGgXzl1x2hA, h9_Q0gazOGTwZgoqJ4hntA, 1h409jPtfyPCmT77HaPIgw, zpnDr3EBaVU8QPNHE3eDbg, qJgae_Bqpwx1qm8-bXA_cA, GSvZ1ZJmVqQA9O2NVfO1TQ, rzpbbpb_oBW42aJxL6ixlQ, 1XBDdkPxfW1dmxe_axFAag, rMsB82tk9uOB6JumPMgczg, ctXFXk9-m6PCMoI-Nz2_XQ, GE7DgP1uFPEBCr81NEWMjg, mGtt9XfTQiiGAKUy9-bppA, pF6b7enPFGUm7Esk0fMcoA, UmXzwFM2OkZHWJ5cJZlqkg, rMRSt0r8q0AvpUllXgrH2w, _JHVqd_UceKpHvUGFEti4g, FeGnmBb3zXMpfrjaBchf6A, gslKHbznp3mIbSwMv5DA3g, sGY-GFk0Xo3l8VpSyUz3nw, KTK_ws8lu_TWfR7DtDWjMA, vupnMb60HSaTZrMPYsNsiw, joW08OFnInOCFDEn44Ycjw, zTCwJg0hPY_cb3vWY0XMbg, PnkYWrr0SL4nKZbe2RGWvg, 4Pev6gJ159pP36-Otx2JeQ, Y6mi_roiQhWpixrgZNPXTw, MkzU080NjOQpskR4UeC-pA, QG9ZJatKSWj5p5VrW3cfMA, jkSOcJJaaAGzwPyXzmVGXw, MXxbXqtxiJgxY6rnqMq9og, dqGxAtKV5vZV1ICmjWPYJg, 0LUL00o_S3yJOKpcLn4MOQ, G-_KF_Ul4d3WGEa-G0Iq4g, d3ZPk6JGGJRIBtNhCXM3hQ, SML4VLFnflFOAo90ftning, FekykabyxkvhhNPd8FF-3A, NdHGV2JmZmhYG1tSCRwrBg, 2xDz9DO4WaFMmB7SwZFT-g, EDBTE8HMO-iN5hAi9B382A, ksr6BWqyeEPQ24I5AqBQzw, OZx8SQJzIZsjLvsCRevOvg, EebIIcoDdqH6WF2COxFipg, sryT9WLREnrK8v9ratDiqw, e71zTi19X1ZAbHibYicQyg, Agdke7kDB03iyXPjnQA-pg, T8J027sFoRJn7506ctdIrQ, AC5y9NE3fuFGGXaZ4CUJOA, cnQXH0wqMce-s8P5gnUO3Q, 6LhalPxJfvKwhEpvIvdrEg, eKUGKQRE-Ywi5dY55_zChg, YvA7UT5bnjoW-p4K-45apg, Qu2QIdJZmaaD6q5aJGMTrg, X0Wz1K65knYiVCAKXwIdaw, HOb3yfJtgQ0ml7ebDgAfIg, d_KtphrCw_i2WsBwcWt9PA, zjzHEVr8rJ3-vWBRiiFgLw, 1016b4RIW0gloo0vEtzUhw, FuOdpM7u0UBhREnqTwNo0w, 2Qy1IGPszld1Rxs8sbkOPQ, K3v10scW7unGQKW_Py-2YQ, GOp4DL5N2YPCA5b_Cu-atw, aChZf8AKI03I4oMljfbeQA, cQusat1FEtxtOq0WyU_V2Q, lkAaxdR3o8RFhamrti6X8A, t-IJnGxG44gW--N6kb76kQ, LMOfcoe5fSHVtrBPuOnvIQ, YtbefIy9Svn7VuDAky69YA, ONkvEOAKc5thWgR4cPDxMQ, iyI93tcSuQ54ckGyjaLP8g, 7boyirafeVroJWFJ8M4_lQ, bpumXJ7CDR8-Ap9HBYmgSA, QtWdG1mo2h8LGx7coS0O4w, sFjVQdRU1wawS1RvmMOrvA, 1JAxi2vgTuHZJS0qy8bvYA, TV2VyfTd_43U-T9TE9zb1A, m1uWHBXaSXtvnji_MVoT4A, p5a-SXu04Cb1Ktq4svENdA, Zp_08ch3RX61NDmwxNl-uA, 6_b6veDx_zudzubf2BBHrA, 3y9KA46fe6XULOZSOC2tYA, SPDFLR3a8kDpZdBI_A-9wQ, ypm9IB9iZkwY71FKkYeLkg, A2hvVAT4BWLgka_IMjIu2w, XU-JR0vGW1_O5GmNwZ0bfQ, a9wHA1FqsiuguAus8glq0A, kD4debz_nwCCs0LE2ImyGg, mlyWbiBf2l0fX_5pYL3rCA, NRUM-hlOnSxBprBTph01jw, yOSWD0KD465SONdBbvY6Jw, RfXmL2DsYE3oAeyiWdQ0iQ, 8E6yQWx8rJet_aAqWq39Tg, AtDUaCAPuSKR6E6QaSmmow, Q8HEI1l4PMDZ-VV-Z-PFjQ, 5mG2ENw2PylIWElqHSMGqg, fYVKSgnQqQlML2crxxgHqw, YbomC0b0J5kDZ1jUsMo76g, M7idOqnPMtGiVUmPbQtIEA, uceryknXaDoQOyLbbKjG5Q, 41HLwXnR0Lm3NUp01cIOQg, HycfnEKo0z2fjoBdJlDhHg, WaUZszuZ3z6MWFYfXW58RA, 2GkPQsFvGiFyPUQQ2FYUBw, vpy0QhEJdSBQvQ9RbEkUGw, tm-O-2D0mRt2mSwo6odOZw, 8fdb0aR5es7gtXFIqoOPiA, w4mBjzBuVng9ih9g68TtjQ, Gl9amBagKDYNZD_y0K_cZA, rSlavnT_G7omy9cbDBR5dA, XlrhaNv4cvc4y5_X7QZgBg, TvfjCehNCyRMG2D7UcUXPw, 9lFryvcvkBoEJASOE1iPuw, a85qPvr6L63PF0v9Zs8ZAg, WEruWnbbXud26N_FiK3qoA, L3ZWIkG9TYnAoF_BZMsyMg, nr35WjC-YI0dFcsnW33Szw, VMmz7VNoLwCi6IuImICp1g, aWs8ARBdgXg_MMeirlPJuQ, kalHxPxZpm4G-k8HMMbh3w, tk47e3weem-fA6K9J-iH9Q, s76BDmBx_8kcxGFDiU6k_g, c9zDQl4vQg41Pxmc5TpWWQ, zdV9SNsPQ7E7vC1nWfx_lg, WFZIMqctBkMzzBV6IV7Pjg, CKRzIkY1N0eFCDkShZi67A, pxIGQpYDSEVDVC8X4xzNKw, Hyli6YWc-0PxRAerObzZIQ, BdprZ_SojfYmJzhT3mHd8w, NR7pzqFmbo0dZn1NqtWzXw, to5QXyxyI84QCR9JJMXrSw, h6HbVmgIY8WPa6LF9XyqQQ, phyWFgvr8SCIgM_44U-KwA, Qs_MYKfkw4dASKgG7rWeLg, DKdttAvXagfAfNFIKeApuw, reEOGQvjBwEX9wWGgWBZbA, FkOmPLXOIhb6994LD389Rw, rWG5eAf0S6QAFYI7MPPejg, IgNWUr4mA6oG1Fn3RsckFQ, -kQkrKDXs12XiXVz18Bvxg, qBELhT_fpSeeV5xLTFbF8g, QrgNwyMbkdSmO4VvUv7MJQ, pppIHoA8b8B8Wd5t72sDxA, ByNfFYaW544SRchjvAHscw, b_qzqJ2_UT_CygtWNqnadQ, vuz-qW8G0e_DAZwkRUn2JA, YziRZOh5MrqN5b84dQ9AIQ, dNd1YklV6Np2bpQzAclKqA, IW9PODn_2g_15nkhQcRVdw, u3rRXtoRxE5W1O19yVfslA, fwasfCCwbxLjxLNhYLuF3Q, lajJmUngWrR_4git9MbfQg, BpJygDyhzDf7Pw1Is_5zSA, _SkhXkYQuhqxCPRcwJP7AQ, 7AYewXYj61WwmUQBWblKtQ, H18GvfA_Te2AdfSnpM1VIQ, E6yIc0cvJDKi33IFZdryHA, 63rsfkJ6ptD9jU_Rf96iBg, 9M7ZESgWhQ2hUtP5RrY2WQ, ysMRR31VmcG4Z1Caz-6W1A, AFLTfmNdbbX3lat_eEP-gg, 9Sc7vPSSdC4-Kkm1uzB57w, 80uOUB-O6p4EYYD_l4XPLg, YGkj5qAFLdRRwOoku2tunA, Lzjzma_Cx3RDuxZpuJYOLQ, UBqvkIgmod3uWojPz_mSNA, pRt4nUiNGZiuzAKO5Ow0rw, 6Nyyjk-h9kIjOBySF-YO3g, -ryzxh8kyfZoXSJkFgmzdA, zEBjQm_S26TI1Etpvie9sw, WBuSjBM_nNePS8radyofoA, -ns4OcYy2LLIfSGBZQDZAw, K-u6YVIqmJb6j6AIrH2Mkg, cUTAO7xfjpRuOcXefbF2Bw, 4cFGvTyX6DIpR-M78u3z7Q, Hh5ZtUanXTARKJ6Bwnj8RA, MoeuSTbxJBqQefgW0smlRA, DH5jIS0mX1wY1r3fDRczwg, M3gzVLkR7MMzZhFLNh02Cw, 9JZluLC7acNIUq2hbiR33A, 9U5dvEKxyhVTp_13BH_7Vg, r4RvHiChaTEtJ3s3QNVIqg, dnU5xG0rjrT6JEHSQBvVaA, bZnjSVQApjVHrAV9jjtH_A, 9SLg5RtJxOaD0weYeO9SNQ, ug0HXL8MCuVQo5_ddjxxZw, mkjEfiCAloI4PzSj_rHL7A, kJao8UzzQm0Y9yi1fBIb9w, gp5gF30YpiPWPL6o7OLFpg, HOnc5pzYrO0zxADmw20sVQ, PFh8avfj4IGFbdegJ6lIJQ, ONhOXPWOeyg_J6HNQny8Hg", "fans": 42, "average_stars": 4.57, "compliment_hot": 27, "compliment_more": 7, "compliment_profile": 0, "compliment_cute": 0, "compliment_list": 0, "compliment_note": 16, "compliment_plain": 16, "compliment_cool": 96, "compliment_funny": 96, "compliment_writer": 32, "compliment_photos": 37}
{"user_id": "3o7Rptti0q_Sxaa1a8xOYQ", "name": "Diane", "review_count": 199, "yelping_since": "2012-09-01 00:35:01", "useful": 761, "funny": 222, "cool": 553, "elite": "2016,2017,2018", "friends": "r9AFkmMdmxFqm2_BkoQ70w, BA9SDRZGyRcUMxTdUTVhmw, WfofkUGAsX8HJdBHTXNuFw, s9x_X8z9bFLvuFHvx4AXUw, 9OJwlQJbl3Rhcv0lD_4fww, cBPpf1j-FT287n8qoqUGhw, LK-Q1wEtVV1skasRNf22TA, GE7DgP1uFPEBCr81NEWMjg, 3kpoitFg-n7K3DtzSh-Y1A, 9EeEpkZg5jV18N_KvrcT6g, y5zqSJE-rFihsKmUZRbbRg, g4CZGW3EjDrlkVxbRssfqw, kagDwJtnRHgWstXS1qarvA, yYHejQL1xKtxuMZzeiuRcw, eZfHm0qI8A_HfvXScwIYsg, EKMvtp53otIbSFS_ZRUTdw, DU4ZmT3zPeNZ6XiGp5o_cQ, gELwad3XC2fthoffd5Kafg, 1U_kCob8HXv7tiTEdo826w, D582Y71mmeIoTA2GmFho9A, H3KluKXf1mp3etCToCJhqg, yqa2qWN6acpmDuDL3U61UA, MGz_X94fAD23apDvKKyIjw, --Rm-VyYWgHA7ZpljAMlvg, dgTyzURwVLZc-MN3VcGdow, OgJKswDMHhUMUCGHW4j7Pg, M8DD9IIyq_NpI-A9K_Vfaw, 44CBjHPCtaYhLVTAmWbM4w, TSIcT8lX8EqCOMz3rW1NRw, NwPnvTALYMNZgdiwHHkuAQ, u1dJcoE5DrpDa-g1E4wzKg, g9LUvEAloT5BZNrvkqqAOw, 49fV3g2mHgzPvPktV64SfA, IDVFG1pNSHIHoVuoLuZpcQ, TmyPJONZiiYzEAO-zAu6Nw, fS1AuRKHElAhldTw4vIPIw, KAwR67b6iC3M58A635uOYg, WDuh7QhFJtWJy1WqzudT6A, k7J0CjxFoxdSayhlDE-k7w, -iOeI18tVuwxFHcqCe--fQ, bpumXJ7CDR8-Ap9HBYmgSA, F78tJHr0qW6FsYBtWMmLpA, 57WeHY0VpUCAVuk5fJZFlw, mePi5ot9h5_1YYed8PEM6Q, hCy6ojPi3GTzWMB8_lpAYA, KBSFwLHntHwf0e28a94ckg, tBANVdxh_if10BXv6YsLmg, 8l6HUVnyvhZmjoJeUC-hjA, 3hQsSjTwfqD1_WweirShTQ, scb7Z1E2TqphdocSak6www, 0mWRAT95QOSkc_PqKTURbg, l5x4wzz9VOcQ22XMthU6uw, ObKf8U2E27qqO8nEyqLBdg, vgKsPicPEr9adOg_ck9yGg, a85qPvr6L63PF0v9Zs8ZAg, 8hvd4RrseJmlbjqpSY9e_w, 61AymMi8D4RTQ2aa1w41ew, M_W1VyiRrsAqIhNDtT5y1A, eU77PxGTK58WVRWoXULlEw, 9-l2CEIsujp85OOZMamXUw, e6iCOIhtupBCiw-VwBvJ4A, UqkrP5O2ToeXRcYbp7okIA, sOudRDE_R3VYni0rEYFkSA, BqE21d_vGACZFU2U8dCRSw, 5ylIKMA-zoXZvH_-X26YOg, D0bSeYXSec5LCyhOPts51A, yETN69bQ_T7ksid7lfg-FQ, GS7BjPN1Af4OtUsFurxwSw, XT2h7DfJ3V9VpYga1U-aRQ, Qa1YaAtpT0nuqwL9-A6m9w, 8XKSiMpMxgdwI3qjuqmXFg, cctZ5e0OLd1g0jNdRk5Buw, GN53ljFNcT7Nwc9kT3SxiA, C0AT2by_ZNe4MTozCsIGng, 4cZ3f3i0Slv2W9mLN_VZBw, pJHg-bdR2SLO_-r8FCLzEQ, l-B4axUNxQ9FVVxeQm8t2A, X9iNNkbJ-tCzQNjp11TqkA, 3uPAF2-YwiTUN5NvVH6pIQ, 8AJj3_TvOB2zjYHo0yE11A, 1fPiKjZhkGWLya1QLkwlhQ, cggzCuDDtfvtKFp2fnLzRQ, pss82aEG-Vph5R0CKJJDLA, wDjRSl3cTjb-c4jZiACazw, V7B4KTBitlBs9YH_B00-9Q, -NiKViuY1lvifZ2CEHZnAg, XPZVfP7DQCSL3Nb9t2vxsA, pceN7X_afFDUaZAMf6vDIA, 3xORNxbKdd08LUf0tclx3A, JkLUGa0FE2PK4G0TiGNcpQ, 2LZoWentq70XPt2TqWTS5Q, h1ovyYne78jKZPo8gFVM8g, JjXuiru1_ONzDkYVrHN0aw, XIdRZs52-O34FAB50hySUA, 3yX7ZXb2_eSh9ahcMb9rJA, 1YhObU_XJk00GvtOzjPPrA, g7Nfe1nHrHmlTtkBwFr6hg, NsYNI_NqDeERp8sR4TMilw, K1vgSZmpV3hHJ-mzphkezQ, AEaQGWCD4hL4QIv2oAHkBw, vqMnEIdScGip-n9jhKpscg, W5cwxNwGiZJd393PCDQEvA, 590epecarVWAb5g4-K0a-w, PcvbBOCOcs6_suRDH7TSTg, OK7jABaab-ITXjFopirh2A, tm-O-2D0mRt2mSwo6odOZw, 8HMch7dbh53OC9lXfcTxhw, QvMN8sGV_0onMKDPYUi3Ow, Z4GC977IxrTr5whb_sEY4g, n0yX0jYa_ItvoXTif_QMOA, 6GT6kAIyCT9MA7y1ZN_PUw, MwWO6axFPTCXqN0DAfUhIQ, e0pVHbAZE3B_iwRenLfImA, HmILc-lgVKZS7mWNdYCSJw, qK-CX0G2JEd8jWFNsVlsNw, mQZJfkhi7iUT5jNjxfIM_Q, nY5nJJ22yu2HfOPmGggOTA, BpJygDyhzDf7Pw1Is_5zSA, dDe0NQfi9IYXozrodCbf8Q, i3uxV-4BqJLZsp9qGp5wVQ, c7KRpENpwni-RfjRNrYfRA, MmiUqb_JWr4gVpabkgxoAA, TA-wRnDB3Xv7_pSajJIUBg, vRJUVOSOOY4VeQkfiV6nIw, j3WnZTYMiAA9z6623v2_nw, V0paFRuAuYigBqqFL5m3hA, Y-qqc0lQ9bxrF8h_Gdo3Aw, Za04ZUz8FQYyG67Mmg50Hw, VMmz7VNoLwCi6IuImICp1g, YtbefIy9Svn7VuDAky69YA, mRCQ5-zAM0I_jd-8Q3OQwA, 6ZEIvCcj3xCx8TNH7-R64A, f__9p6lo6hmwnAEh3yorsQ, -tQ3UVVdNBZBR_HOVFROzw, KTK_ws8lu_TWfR7DtDWjMA, j0Hnfm0nLrkH5LHaoL2KFA, 2yOofTV0u8fruuMtTSVJpg, rMsB82tk9uOB6JumPMgczg, OuNHzBUaatejTsuhjMtnqg, N7E-CfqdME28dakWdEKNvw, CG1LBeZIp35fy0x91SUN6g, 2aI-PmFX82U50ToNmS0O4Q, 0LUL00o_S3yJOKpcLn4MOQ, A8HJOD3JPQ0OBtueICttCg, 4ECIXWllFTxtJaj1cKOZWw, 97gJqJ9JzvMyXHB8xfigqQ, MQwSyZ2MZ6N7rtAmphZCow, eT5DoFyzKEWz47gteMiccg, jBrD7Wqt8h7aBsaXAjAGvw, zFYs8gSUYDvXkb6O7YkRkw, GwWjnIPiaw9uBOVGC8s-RQ, RO78oDy7vbEcOJU8anY5MQ, K3nqIGJHeKl3OW9HbVhkeQ, tAk5WETiP926l4_AXtJ6FQ, fbqb-z8c6e7d6SiyM2tHPg, ysMRR31VmcG4Z1Caz-6W1A, 1mwLPy_kpeZsB-fHm02cMQ, wi_a3hdD7pnZU4mzjCbdIw, a9w5CF3LWx_Hyi_A79qUhQ, RUn2C1UgxiY1enPzYG5OyQ, ZUoL4srnWYglcbzUjMPi7Q, Gj_a4TEQqunhcNxQNal7ug, 8PL8qGpLgCeh_2z4MgHaag, -ns4OcYy2LLIfSGBZQDZAw, Bfzuxs28-J7zQjKTvzXEXw, IXTG9q4HXF-sXfVYHwl0rg, AtDUaCAPuSKR6E6QaSmmow, JyCdr4RjcOlCLKRYZk-bog, 5NrM6LjqJPRYj1zs6xHneA, my_L-IvkYQnEjBLioibdgg, McLm1kVpQUcSKzxJt8Vqhg, cUTAO7xfjpRuOcXefbF2Bw, WhD0NhIqkkuNJPNOYn8TKg, 4uJXindoZlYPawRRJp4LZQ", "fans": 18, "average_stars": 4.02, "compliment_hot": 8, "compliment_more": 0, "compliment_profile": 0, "compliment_cute": 0, "compliment_list": 0, "compliment_note": 7, "compliment_plain": 31, "compliment_cool": 55, "compliment_funny": 55, "compliment_writer": 10, "compliment_photos": 16}
{"user_id": "lKPUyA6DveoWk-3zFrHA9w", "name": "Camille", "review_count": 422, "yelping_since": "2008-11-25 16:39:57", "useful": 791, "funny": 737, "cool": 403, "elite": "2009,2010,2011,2012,2013,2014,2015,2016,2017,2018", "friends": "BQFP_MyeI2pWOf_hgH1jxQ, WZwIVAb5rG-mG7H9B4bPJg, K6GM4-fMcVPG77lzgpOHeQ, JpHPmNMmEYJavCuWsR_mxQ, QGgWWhEi5R4SLAKN-xwtNQ, qU3V9WorGOz-vayEwK8qDQ, MQkBlFmmSoU827uEiZ-uew, gqL5KBs2oS7qobnyd99iKg, BqE21d_vGACZFU2U8dCRSw, PeLGa5vUR8_mcsn-fn42Jg, TE9o4cWvNXg5IYcjAwI5hg, 5kWLbT_Rs6SnskEIo4NpMw, zRRurs5wB7er42zvPktv9w, np2cEu_LDw4R8Xg7sZK3zQ, NKtWNbc-fPV2S8xhDyvhjQ, RyfoLPa0diSGTCQQ-xEoFw, HtCPdVujYJAZF4FKr-C9Lg, KjXGaWhQJQCi-MQQXwP1Xg, YspKuEXxYxaS7bPmYfsr7Q, Wb_lm2xFakSz7ATPrC5QJA, GuJQS4Z1aEVaVzw6HTOgKA, _3TaJwRPb0DtMUeyZrfGTg, mRRAB47V-gjEkdfeUiD_xg, 6tbXpUIU6upoeqWNDo9k_A, MfxdEmaH-0_ITpuXU4Hgzg, 445KFUr5BnlTa5MZdZUR1g, S62nV8czFuske-QznlEbvA, jsaLwsFvr-hDqNyBeEwMdg, 5UYjT5YDKSuApFax2t2eqg, ECCC0H3x5WJCRNwsT0CkFw, _KEnqN_q2nTmznX4enCEDQ, Cwkb0lYxcGk5H4Yg2zMKlg, Oi1qbcz2m2SnwUeztGYcnQ, uqJ0kCrmZOEZzbt4qV3ODA, ctXFXk9-m6PCMoI-Nz2_XQ, JmhVFueYvJe0CsUddwuajw, KV5akRZ-l2kLAPWcl8IPFw, 2Dccs1ARX_faleQ2_o49NA, LK74j_CQzxYvB6GcK4H5xQ, hf27xTME3EiCp6NL6VtWZQ, zcfD7Bd0l4UYp3m-laHNAw, KGsXnYHvYddGaL_jyl0DMQ, Tq69-Wcqx_XMnDM4yVoL9Q, vdYhf8gh22KTCeON6a-qIg, 8lL-554wLEOxCrroFa4aeg, 9E35LB29RXJixo0563Iwew, 7sNE58P4AvsX6QHE8ypCiA, 6HUXGkyAr1pk_g-4KCvDJQ, joG5gHpa475N7QVe5o4lcg, lOx4CwZ8kJ_1IzHFQnCUcg, u47LXIdE3oSrFXn-V7LKQw, o7Xhg3mXTv_Rn4ka10h_lQ, PAeEkjrXTub0ENa4rZiWvA, wCFk5ax_AXL0bvEQWQvSIg, EoVKoQcCVxz-wWVqCAymHA, tIYPXf92oH4mpGVd2Lxumg, beNQG4HQ0QnNdjSPh9yq7Q, gZsOvyTkTpRC9TL8M5vY3g, GCS_-8YWhdFL0p8S1XnuKA, gxVQZJVeKBUk7jEhSyqv-A, 6Uup5yoodhI5upHNaPUKVQ, ugNArsXC6cdvQiW_G9HQlg, RtpFznidOZqUdg69qj7ahA, 61meSfN9Morngpe3a-D-Sw, zE2dUuOh-e39mjLvDXvLOg, CcRfRjqvHkMTWK7aU4bnPw, Qa9ZUdURgtLjxgm8w6xwjQ, ShXUrRDaGi0SzZvqhwQ0uA, PNx1x8x3wjTIjrjhaNiVAQ, LM6pxbcfdyUS8M2jWoQk1g, boEZZlPJj6SMZkaGrRKzxA, tUI5CMfTRHZOxGLdUnhBkg, iL_CR-WQnveqrff9LecqAQ, UmXzwFM2OkZHWJ5cJZlqkg, dIIKEfOgo0KqUfGQvGikPg, t8a4wTKqHjF6b_6VqBfr8A, kxQLKmzcVxJsRvCfGVHW8A, 2sK8sapyXF9FXQif6pWjzg, ou5lx0y9nC0gCrzSo6COxA, zJhWdV10lILYVgA2QaPrNg, MMf0LhEk5tGa1LvN7zcDnA, SNLlkmEX-bX_8I2SPuby5w, L5uq2v3GnGiYi6DzO2KunA, 0UI9KTPdtkwl9lMdMT-Sgg, L-37u3rVWrwYDwJMD70U8w, OPN-dDUBkH7uH-G8nOnskg, X_dshILexK9i-aUj9NH4lA, lEMMAksnmSoMKvb6oY7N8w, ERyj_Pc-vlsmCWi6qEBaMg, 8SgjU2fID9VqKQooFt1DIQ, 0g73ZCJMY7wxt_wQVXdq8Q, uF5V6WYHa38TJU9LFQyjFQ, sJEgIk45pmVEJAHQMDKi4A, QFjqxXn3acDC7hckFGUKMg, YztPBAV6L8e0Te_3_Q-PGQ, 5xVQnatXPX8Vu3ZkoLDgeA, VQA4V7Uv_PDkgifBcuG63w, _VTkMoIa11C9IA4zlYbsOA, w51xb8Sajlz3f7hbc95HnA, i08JAic75yXlq4r2iiN4Iw, WnXS6EpEbyNDQXEvUnArWA, n2Qm4X7BvDWS6E2_VMurMg, AsagL_wzNHVeYdzQFQlQ3A, BIyo1Hf23H6EIujLSYzw2g, Ari5xGAhy855Zim8xMfP1Q, XEHZoTDWjw3w-gcQyYIe4g, 0GtiBIll5d86_C8qYKhgJQ, J9c0XM-wV_KQmtZYxvIFFQ, 9JkDYx16OTRFvgIvFwZgOQ, 7p1FfxnjZAuNydjLKEW_Yg, eYd1sygl0Thd2JRQTVgX5A, a-Ug_MFryz3utca-NaMkNQ, OLqkIgIaKFOgttxeaUiSww, qO3BLn-zmyjj8dedMsfOMw, YORJi2JtQg5Mo4nmKOXzag, c5XbGsVMiyC6RYGutY_cZg, bnf7t21SCFw3HWfV_soG_Q, Lj87irQyar6ly2S7RJ22fg, lmEUru16W1dp_j4X3rccDQ, 8mPiLZFAzPp9Njm5U4HT6A, znS5L33UhUibvQ1wWq_NSw, 7nI_9eRz1YKnaA0AYTLiBw, uJTEn40MZuwQSwziAJxOSg, x6vPP8OLiDLTC42xKtkHHw, f__9p6lo6hmwnAEh3yorsQ, UTDR6KJAE8d_LdJ89pHSLw, 5-pRU922nkAwz7Fh7zB6BA, bDcmdEJsMDVV5o2eiLtaGA, OdMNiPACHRZc8FOr6IE1Bg, lZbotco47bHU7oE5b3d1DA, D3GeQgpvMLwZCCHHdvyqaA, MQwSyZ2MZ6N7rtAmphZCow, 5cBfwjuOT9HV2539Rucz5Q", "fans": 19, "average_stars": 3.86, "compliment_hot": 38, "compliment_more": 5, "compliment_profile": 3, "compliment_cute": 1, "compliment_list": 0, "compliment_note": 27, "compliment_plain": 33, "compliment_cool": 58, "compliment_funny": 58, "compliment_writer": 18, "compliment_photos": 4}
{"user_id": "ia5kvJxYR8gPItl9O4W0Mg", "name": "Tzarina", "review_count": 280, "yelping_since": "2013-09-22 00:07:03", "useful": 963, "funny": 454, "cool": 744, "elite": "2014,2015,2016,2017,2018", "friends": "wtQzQvsPSTV-83IRVhi1vQ, Ywu4a-4fmeg9HTT5KNXnWg, T3k8yd4k66U2BtaebW05lw, oiIbFMwdViEXH6KQJknuqg, AMsmJX5llMTe8RDeWUV2ng, xIeoYnU6-oTw5j47cZgNHw, 8AJj3_TvOB2zjYHo0yE11A, eSU_HjKOA3Ppt8oS07oYkw, UI22qrdULOccVyWGhYDI8A, od0m4pC6C37I5Eco0EHNnQ, u61rHAQEGv6UUUGGXDiYZg, z4DHjadaMMV0RulQ41l1Xg, V7B4KTBitlBs9YH_B00-9Q, VvLhL1THnDwNNWlP4ydv8g, OyG-ntY4tAmp90QzI0Pd9Q, duSUitlT0NG0b-rJReJBew, LepXPfR3rVBoLAAhPsYhVw, MCl84g7BdDfykNkIlMFDXg, F1d0aQcDvhwn9EfXC6vgMw, xEbCNG-3GTw-OxFusnVP9g, a68fTwBqLwYDp80ZPQo4NQ, NWuFF7-HjYE9dvt_xGbEhw, Yp2p6n1V9pEfV7QUPDfXPg, VM-pBrNPfZm-5YWcMCVbqw, yPRpwi6mIz9TbrnU2ZhMkA, 7PKQM6k_TMJyWhz5XD_05Q, ecyiv6zAAocMc5BhVfCSMg, DC-eUCITuotmQ1Fyl4-Jtg, XPZVfP7DQCSL3Nb9t2vxsA, EoGSgyXph6H5tJd0jQvYsA, 47f_WPZdFYwbwmE_4YunaA, J-ZMQMjMhoJ6oTDZ_Y-MNw, 9F58QbrcZNZRbR8aRrMx_w, vl6ArC8iG8SYmeabSZ6TPQ, YcGHib9G9mEzQBWZH90m4Q, hE9FCBh0BPd2hEhTMNFp3A, VQA4V7Uv_PDkgifBcuG63w, bXwZ86LHDjW2iEAQcPPDtQ, iCRAiBdVQ1k9RTAdYnMosA, IQnWaKJt1MhRtDcRFTr2kA, DUHRhQ2jW0QPvrj8IThIPg, XOk0Wx1X2qzK5GQq05Aaww, PnP7LY0ZyY0JkbZp4ecz5A, HmILc-lgVKZS7mWNdYCSJw, FZTkBavnUWVQRK3ULOxePQ, LTkrTJvik6JtmCz8h8lhhg, uJTEn40MZuwQSwziAJxOSg, k1WjXpc0WjJSKdlovXHpSg, yexJYbfhWhwup_ejtGwbAw, BWW2xDiQ2LcxuCStoLGXaw, vMlIOtpXWm4kjlePx32xLA, 6Uup5yoodhI5upHNaPUKVQ, iB029G-QpK_VeH70KpwBvg, NUh5fHTTDl7Dmr69QBU8rA, -9gN9NGyUasyipbq4P_IVg, MdGnY6eLxy82nEZhCc6rnQ, fwasfCCwbxLjxLNhYLuF3Q, PdgpUK6fHArEXsPcKFHXOg, P1IQm0Rr5eA9VvmV5HYGVA, a-Ug_MFryz3utca-NaMkNQ, _BQMCYEIfsn_Ldb4W3TjUg, 2JFpu99eB5Ug6t8M3RAtNw, c7KRpENpwni-RfjRNrYfRA, n8QJDJexITRTTa8Hl5qorw, 9E35LB29RXJixo0563Iwew, HCn_c4OhIREcNNBi-5MD2w, zOxFYwqq8Iwhsqm_jm016A, 7SuWEgp0Lbz5ob8ckEX75A, Gfxb_D1k8tueAoGn4cseoA, 33R20PUrjXyQPxgn6ZKKYA, HYgQXwQAW8QWvZz6KKTmJw, qWGWaYz4WISQeU_A6kCPkQ, fVILhIglx6RNOXQba5t4kQ, YSb8JRyI75M8FkbYWLH4UA, HSGTDWW6d7rSf7y9NPmJog, p3xVYeWAO6mhc18bwIZOiw, 9EDFbhEtPTsG_Jz1SWnl6A, eENyVsQ4GC4EdxgydK0OgA, dFM6_C8JLqNx_8fkT6TAVQ, sGgnRGdk_4OuDpmL28x0Nw, m9lvZzJBlfFMQz97CyWfuw, xZIS0iyY463Pxv9_v8GBTg, MQwSyZ2MZ6N7rtAmphZCow, BqE21d_vGACZFU2U8dCRSw, Agdke7kDB03iyXPjnQA-pg, w_qSHxEMNq-YiklzvkQuvw, 16xIUxD8TbCJSOrBf7lnbw, 1l_O3VEl9TV_JjKAzzyz0Q, wDjRSl3cTjb-c4jZiACazw, eA8WqJj_15lWURDwE6DsKQ, pasrJI-LWX6fqyM_9ZiFKg, 1UwJVPsIiQ1VpzRZhLftSw, YT3SBP5ateyon8oYrm8-JQ, HR5TCqAjP9rlM_n_BA0JfA, ce95wMzPZ6kYBN-J-2oowA, zUafJmPmZRZ0j2nKxqOjdg, 52qmaj2YRk1Nq0-ymgCUmQ, ET7J8uMkO8mD9ushpocnHA, 3EIc7WAoiojTFdy3TGOMfQ, oeCIKc5BJYL5a7EpfCVa0g, DhGELuYBYjnoXnPHF9na1Q, ETfxh3RoNmGskMusOTjy-w, XCZI9UCyo-38g5RpdOgCPQ, 3qGt2xRenpww2EXRCCJddw, PhUqhfyk3jdaS0Xb619RJQ, JT3A6T_7whMToRxTmy0Zrw, dRvtf0UVPKk6vog3pkS0TQ, PqX6OuXz7II9RHWmGEp0QQ, xbxmmu1HIjnbfpoePTel2g, LkD09fHaZQ64pHynsWnMpA, Wgz1TRHGm0O6vH6SUgtl7A, XIsa_68V27CPawjqEgdnsQ, hs0u4xSFmgrKansls_atBQ, MMf0LhEk5tGa1LvN7zcDnA, ctXFXk9-m6PCMoI-Nz2_XQ, siWQ_6Q7-t6L9G1_nLxYSw, oIFs1aRUpBotap0NADmK2w, PcvbBOCOcs6_suRDH7TSTg, Y8RDlqlDgOL0n-tjFvWdaw, YmfwxHZPQrIPeO_3Ng4KJg, xiI5xCJhNLXUY1_8Y-Ehew, R5WcogaoAwjdHxrB2v5NsQ, -Biq3Dt8YhkRJEO_ITrvww, 98mah-cKyycaaIQppo8XIQ, s0DX_KzUAbZAbRIcRudDNg, RZA8EzClOaehF3DprMSpaw, BpJygDyhzDf7Pw1Is_5zSA, pwQ8E-hbDUJe3qtKt_IBBg, 2ZplGEz3gzg8ZNUePMR26g, -AWnOAeQvgxvcHkI2ruhBQ, mmIsXLfDb8M6J3E4dSFHZg, H2bQUaUpkkJAaxQ7GshKzw, Zy77d3ySZ4B3fJurNVF0iA, mlyWbiBf2l0fX_5pYL3rCA, 04J_q_VhSBItxNiEAN-gkA, iNKw_DwqK4nGanwWMErYYA, Eg5niduTCVnaIBzGmoLiVQ, OqlMVsysOvDZnjWwf3MUhg, MVvWOlVgOfRAtP41-A-g2w, MW2pHbbkYIh92CWfpi6q1g, 8mujL5ZlIEou7GTA5g29nw, wTfb2nfzPIyFcYQArdPtuQ, cW7cD0n5EwDK_kyfIKV3-g, qPx9RNEXlgb-fBchLePj1w, H5hQMKeIdWMmcrfbtjTWgw, gVbM75yN60U9ylWhL-hYew, hesGaU1cfQinyauBQpuZrg, Rl4uL2-PyL3HkAUuLY0miA, C6LV0p8L6IfBfh1YFRkWzQ, -FZBTkAZEXoP7CYvRV2ZwQ, rMsB82tk9uOB6JumPMgczg, GnQZjXl_6JuP-0Z82U4z6Q, BdT8GuAC6hdn3yi3VTeiew, zFYs8gSUYDvXkb6O7YkRkw, McLm1kVpQUcSKzxJt8Vqhg, I9rRZrxnKjlQvuzzoNUh-g, QGgWWhEi5R4SLAKN-xwtNQ, 7boyirafeVroJWFJ8M4_lQ, D3GeQgpvMLwZCCHHdvyqaA, NwPnvTALYMNZgdiwHHkuAQ, qKYd9aj_qboes1mbSeqqTA, x0u4Hen3-YIEEZ6O3wZpRQ, 3uPAF2-YwiTUN5NvVH6pIQ, qiC8X6KN_zat5Xh7e3z7Dw, SiBKGCAKjufDox7yccT7RQ, hhdPKzUQBeRCvSH-iZwoGg, 58yhbFfNHjULDZx0FD-Dvw, CjhTdmN6qWEKC7Zo6qadow, 5OrHsIi2TsfJrlTQEUtI8w, S4cxKot55ouRvJOYVxtdvg, OK7jABaab-ITXjFopirh2A, 9gZ4pQHdK6v8xMLig6EEFA, 6iNK8f0Y10Uy-bZjkGYU5Q, NFEcnI4evuzIxKYw_GDPXA, MFQ2r01_qQLZjzU9XAcp-Q, uIjj7EIVBU4kGNgmKPO02A, QvMN8sGV_0onMKDPYUi3Ow, paYzTx0r_UTANZIGUyjYPw, rKeUN86Qu625NtLvjbnM2g, lZbotco47bHU7oE5b3d1DA, 6urS-vMeMNMw1ogB577H7w, kfAs5S1XGtZZyO0QCuXD_g, EiMaydGgNzj82ef8Hzb1kQ, Z16OsDnJl1aOkutLuEm7zQ, r2UEPbuQVCAz1AWm1TSP-w, T1TI-1x4TJB7V-nJhaP_NA, KtTXKGxVt2YYM2_BaE__TQ, 3gRfkaVcEWri-Ju7OQX7uQ, 4u2gTwVdPJpF1o8T2_adng, 2MxPUsj_cytoQYmbIQavMw, 7G4dFO0phMPxoHtzsWVwdw, rFYUPjgPzJWEipMjxQSXmQ, ysMRR31VmcG4Z1Caz-6W1A, 8Sp0YauZTLbVJPG-fUMA9g, nXMMoDzXRByQiWH9cf-FAQ, -64EGdshqPYRlbCHSC53ng, r9tjKaqLvLKF7PvDnUsFnA, TqRQtQpEc_NHczvb2y5vlA, Za04ZUz8FQYyG67Mmg50Hw, b390h2DvCTZAk4g_M_1tzw, QHfNQDx5oRi4ONjvdmbcBQ, AmMd7xpnaf8axS_roCBFRw, wi_a3hdD7pnZU4mzjCbdIw, r4RvHiChaTEtJ3s3QNVIqg, KaYukl9swlpo71HupJrUWw", "fans": 49, "average_stars": 4.03, "compliment_hot": 80, "compliment_more": 2, "compliment_profile": 7, "compliment_cute": 4, "compliment_list": 0, "compliment_note": 34, "compliment_plain": 66, "compliment_cool": 110, "compliment_funny": 110, "compliment_writer": 62, "compliment_photos": 60}
{"user_id": "EIj7osC_bYTkv4eyHHuvNQ", "name": "Donna", "review_count": 424, "yelping_since": "2014-03-17 18:20:40", "useful": 1124, "funny": 166, "cool": 615, "elite": "2016,2017,2018", "friends": "kalHxPxZpm4G-k8HMMbh3w, WIhUXAn7ZtFg0FdOjvKsZQ, ukoaLcnNy8if--6DTR591A, xSFdCw1fL0QPkzcom_nVug, I1vJAnZ3-hUcD9gE8m00_g, ky8rXgs3D8_z5rRGt1Fc5Q, MlXwLd4oF1AJU4wPTsesIw, 4b8k2ukRDAxTbl35JHxNvw, c7KRpENpwni-RfjRNrYfRA, SbD2OP0pXY9pyPpTq_BQHQ, AQIIeIquLDTLXJqnsptYug, bpgbVPJcG-wQ4cNBcPPIxw, PcvbBOCOcs6_suRDH7TSTg, wyRSlzhbPHTltU2l8Ool9A, QdO1g3UqwyKDOxZV54CKXA, wsfe7Op4uRPF5SM_Cnx80A, ecyiv6zAAocMc5BhVfCSMg, L_THa_0ZJQavwwtIZWTWPw, 63-3-dliKhSbk7gKJVmNng, 5Lj3UWG5hsjRoP5wgd2sUw, bDcmdEJsMDVV5o2eiLtaGA, hncn3pyp5D3RN0-Bf6MqWA, hCy4Kkyo4N0fFLMDpKjYyw, AEaQGWCD4hL4QIv2oAHkBw, Kf5PVQUdDvQYf-MXoeWqZA, tM84r9rP7XTjX4SnRzviMA, AtDUaCAPuSKR6E6QaSmmow, _9T4HTCqCO2vvcWEq2wnyA, QJAPR4rKhJozqhOpw4WX0w, oPoGQw_M_7NPhD_VFuRO6w, W8mHi0dEKhCkASDTC4fSCQ, ixrSFYhXLpecE78EJQQwVQ, hCy6ojPi3GTzWMB8_lpAYA, _jQWVUlb45gyrb-ip_ShMg, OnP0xQACkBvAsVbWvanISg, 5FAD2Yq7DLBQ_-ef1iDA-A, kiJl4Rw7PY-4CdwI1pfLlQ, YEiwJC4G30oBcDp-eVMAQg, hQbPTCdg8GBXNCAorI7Y8A, 5NDk-q5mv8PIDvz83HwMVg, eAJ3Ip0vh-zuk_BmcmchYA, Eg5niduTCVnaIBzGmoLiVQ, g9LUvEAloT5BZNrvkqqAOw, wDjRSl3cTjb-c4jZiACazw, 7nI_9eRz1YKnaA0AYTLiBw, ApjSaDZD9OeSqimHE9Qo0Q, koOSl0Hm8lF6NneMfHCZaw, ka940vuV4adoJhptapC4Eg, 9gZ4pQHdK6v8xMLig6EEFA, kPZKUFCQPR2ruy5Ya2dT3A, H7Rnu9sO6oQ4NmAN0ULlIQ, KTK_ws8lu_TWfR7DtDWjMA, 3f-u61rWz8apUJQM0l6n1Q, KMQ-5KpTWIheGxlCOzowWQ, bDF4XoMF-bApT_YQD_duTg, Zvx8Y1KMQ9z8nK1ZVDSRPg, rMsB82tk9uOB6JumPMgczg, 3R_dB9VQ_D3WPJEw7pmorA, k1WjXpc0WjJSKdlovXHpSg, nwiKQDuOpZHCCvIEq5Fx-A, e6iCOIhtupBCiw-VwBvJ4A, Qn_RQgboJ9JRS01RJAfwsg, wE-y0EhbtyUQKqnyFybhNw, r_e2XTc9tCokqo0YA4Vg9A, ojVxGI5iLd5fb_wQIkRAqw, 4a5d3eehyYm8H6F5er2LQQ, fd3WqFntkvw3cY15sNjFPA, 5ar32vM26sxZZwThNid22g, 9q2HbRvYYvebvfAUugkZlw, unIAaPVIn_n061rE_OPj-w, zFYs8gSUYDvXkb6O7YkRkw, WdezEW3GjYnCeOmTCxX1TA, LiNr0wVEsP2yDiR885VBow, diYbASjeqV4CxkoyeBeBGw, s3rR0AOS4Yt_Q_xzk-x7lw, rmw8xK8XEmo9yPPrIRbO5Q, Bwpp9Zl2lhz7VA547EQwwA, kE1DEEpf4GfR8Xm3pmo7DQ, 4bxhIKz9ePWqD93UkEjnbg, dvl2HYHqn5Md8zUUkljhBg, VvLhL1THnDwNNWlP4ydv8g, LkY684w7qaiZgjTxM1cDkA, FbcxLJk6g93KbyTEYL0CSQ, 9XJxkbzctH2eL12u-qAZUw, uAxT_ymDBlvSdnl91xgR6Q, McLm1kVpQUcSKzxJt8Vqhg, OK7jABaab-ITXjFopirh2A, bK2s6N5-bkfksDK4va2Aag, EtBYV4tWrKH6jR0RCwV_JA, TMhye3Vc-B2-gktqCrs9rA, U3sCAJc4_E3MGC1jGi19gQ, UizQwlbiTErNXewgSnp2rQ, 08Dhk90xsB7X_0CmMfYMCg, NVV3PfdyTIVGrSt2gc0OpA, V74paj6Zok4DvGnciFEZMg, MFQ2r01_qQLZjzU9XAcp-Q, G07lyfjw1IaWNFHJyEGSWw, li7AtdY322dAqBGicsgL0g, h6HbVmgIY8WPa6LF9XyqQQ, iMZ5b31T7KMkWgiEZYLf6g, MyZsyUsEA-r3Wv1RyV1I5Q, Nvj8UC6GJsMOKHwuaI2wlw, 0LUL00o_S3yJOKpcLn4MOQ, 2DCKZKJhVuHPaT7_tf0Khw, 20UG-IdW0qCB0SR3ZueYVA, f__9p6lo6hmwnAEh3yorsQ, tS-n5gzCgpUWKMfHRCkFZg, gqrkz8u8PAobRMs591Pe-g, yuW95jpipnokAZ97cESZUg, UeJ98sMQWrl5cJJqSeOsNA, MQwSyZ2MZ6N7rtAmphZCow, KBiO52efHeiNnNueJ4cqxA, c8aP9WKUlxwckZ_OfBsLsA, 0zdrRxjWcBNXOwKVRDFFFA, 2PfNH0lr-Kv6wrU-Nu7nuA, OMEl_8PMsst9UVF5l0k7Sg, 0zVNLGyQ1PS_AQQUEJTN4A, u3rRXtoRxE5W1O19yVfslA, KuMnV74eMj9h_xpx6bpBng, REnIBVutnk7CBmy8auVGqg, y_BGgXNSw9Z-UF1KEw6oTw, _cpU0VVdQcfN5AnuL6M56A, iN1-o11zBC_7vgVPgPEuXA, rgOqh4ffNudqBDDTHlXFeg, Qs_MYKfkw4dASKgG7rWeLg, fzcXTWrnrHD6HS77aIL63A, UXXVzJiyAAd5ntN3iCyEUw, tm-O-2D0mRt2mSwo6odOZw, GWs9J6lIUqrySTxl6uXO0A, ZvkbHmIQg0z28aPoLB8-QQ, uO9wKs5KF-fg_yoByChPgA, ivW0Vad81qJ8SIgqJ8p1Mw, T7UOTXOsi6ZdJkzy8czTMw, xlSnjFjbh_zxqZi7aKc34w, N61hkQVfKF0GXP3UIVnbWw, VIMB9Y3EsQSeVFTGM5pgpg, Gc2-y22xyciS5pgVINQplQ, hVAOnpnZPxY3988Q8fvrbg, 1YorWW0Z-YDuYC5GplNabw, zQ1OJLGeBLGEcnIPzxlCPA, avbAP7ZQpDUgNcDywZtCsg, ysMRR31VmcG4Z1Caz-6W1A, R_Eti3OsQS9XsfhUcNf7Bg, BpJygDyhzDf7Pw1Is_5zSA, U1wH4g9eq8N5gn1kXTiOjw, Bfzuxs28-J7zQjKTvzXEXw, 9pNcdrQLWWrX0vEGGJlEbg, p3xVYeWAO6mhc18bwIZOiw, K9VrkMX9rL_VYY-VOhhi4A, -ns4OcYy2LLIfSGBZQDZAw, Rx23TGuzQy5Dvz5kh_hNAA, wPq5ecYz3BX6tcFrl9eo8A, -jw4ubicNnAP1iOIUXurEQ, kUr8SEGHwgGHEZZ-sT_s_w, D3GeQgpvMLwZCCHHdvyqaA, a85qPvr6L63PF0v9Zs8ZAg, ufb1C8Oqczl4vzoxMwYnIA, JyCdr4RjcOlCLKRYZk-bog, cUTAO7xfjpRuOcXefbF2Bw, PhUqhfyk3jdaS0Xb619RJQ, bBt-AkvfwHOj66WxghcMqQ, qKRsE82Lw0kaVcKekBb6sQ", "fans": 58, "average_stars": 4.16, "compliment_hot": 5, "compliment_more": 2, "compliment_profile": 1, "compliment_cute": 0, "compliment_list": 0, "compliment_note": 10, "compliment_plain": 13, "compliment_cool": 26, "compliment_funny": 26, "compliment_writer": 7, "compliment_photos": 20}
{"user_id": "ByNfFYaW544SRchjvAHscw", "name": "Emma", "review_count": 224, "yelping_since": "2014-06-20 04:58:17", "useful": 1344, "funny": 610, "cool": 1144, "elite": "2018", "friends": "4Jsw-cZTxWN605Ep4q2wOQ, nZI6-gWMqRPNnezL0mZioA, 3ksvp8ls9jX_UAEIX4PPsQ, v5onHER3b1hSemYZDnYohA, E_iOSz5G3TCB6C1WLlQoDg, o_c0K_QLZ-3Nue0EURSjwA, 4i0idEJB-RoO8cG6L7DOXw, hjEwyXlWzZraYYSXLEJXjQ, osa1VpqxuX4rpcDTRLHCvA, X4f1zKIkW38zsdNR597Dzg, kAyIsAqWCZep7lEeT-vqIQ, yZOnOv3w6aD6ExD7Fy9Nyw, p21V2RSOqHwaiGKCnNGTUA, Vk636ixzKfVnEEOkoGx8Yw, ERF3QanVLnZyS4mVpSFFJA, FYTHxKszyx8iEpX_gjNUyw, yNXl6trDlVm9hMSKMhTLsA, 1ifZou6X2RpUq7exRQCLrA, vDRoaOopoGfDlEpNZvMCjA, d5tLiJ1C7Nh6BPYoXX7WKw, U812xJgyE84dG5F7Er6X4g, x_VT0IZuCcihfBRKKqMmDg, xiAC-5RbL4fxUB-mun8bUQ, zlFj4sJmPwzS1WdEB0FnFQ, k8BKkY2r6dkEv_2KZWhslA, LS0Cj5IiH28NnSChCLPSQw, tAgYl32QHeIkms7frgcKIQ, 5ylIKMA-zoXZvH_-X26YOg, OXMIm4EzqxaNW6gCEkK0Wg, 0gtzJNRAjLgtHiv3J8T-2g, 5A0IUPoy71BL0V2otNwltQ, qKisiS24Pmkb2wLZ_joy8w, FJ_Us5rDjdXCkM9TQ1IDQA, s76BDmBx_8kcxGFDiU6k_g, nyx1upP2fuHrcmAAC9jd5w, lRG5-aQHA3W87NG9STGjaw, MTfbkOQvNx-g4xpFExusNA, lZbotco47bHU7oE5b3d1DA, btbCENlwS7haV103yDfoAg, wzUFZ3DaU7k9R2S54IMPfg, zFYs8gSUYDvXkb6O7YkRkw, _LoEKtIXFRRHSsnXf8EK2Q, YtbefIy9Svn7VuDAky69YA, cggzCuDDtfvtKFp2fnLzRQ, TJ57yRrjTlEC8wcyvvCoeQ, asItVgPyD9584jKDkVoR1Q, -lGwMGHMC_XihFJNKCJNRg, 9AM5b_qctEbEQUrBEH1uVg, HbyHhB6WOSQjU-JYwED9Ww, asL1d04xS3y8YQtU5ota-g, KaYukl9swlpo71HupJrUWw, qumjKpb34tsSJ26Y2aaTPg, aKhv49qQ1A1MDvGZ-cVh7Q, t-ECvbw52FSpcdNO6OhbgQ, Yj9TXFf1qNuIyVFT3EHzDA, hTUv5oh2do6Z3OppPuuiJA, YF3KmwYMeONIfX02OTxwFw, 7C4B2Skmh4X9f8xJDo9O4w, 8AQQ_iBLNOzF_sgsYAOv4g, 17f-n5Rouu89FSKuc4c7xw, fbqb-z8c6e7d6SiyM2tHPg, MQwSyZ2MZ6N7rtAmphZCow, MwWO6axFPTCXqN0DAfUhIQ, OV2QAFVRbm123awDPQsFkQ, iMZ5b31T7KMkWgiEZYLf6g, WhgZtJF4maYx-F1-UVRHnw, 1S3NXAluUp5FB-YVSj3yOg, 0jaYxbIA5-UORDWcFx6BrQ, q8DpClBORerI6CGWIOOfAw, UkalyjVTwn2STEMBDxmVyQ, 4bxhIKz9ePWqD93UkEjnbg, m0bMsG8iFuAuXceyECIfFw, 4wdHHZNtEO6a6yXfEJZEaQ, YSb8JRyI75M8FkbYWLH4UA, 6AMwQ8cFWIKGbGpVwehkfw, c5fPdZRsT1x4SQorS-YDJw, RO78oDy7vbEcOJU8anY5MQ, igMNBAXVw0Q8IT0EWwxWjQ, BqE21d_vGACZFU2U8dCRSw, c7KRpENpwni-RfjRNrYfRA, 2z2A6ayPZmlVwZFK-uz60w, _GLdJlcnCa81-06JJoblfQ, yEqnapIduS1Tfv3RpUS_Dg, 1mwLPy_kpeZsB-fHm02cMQ, Tzdu8NMT7Sv87HLkpHl1LA, xFlB4AlIq7hehJJkjj6Myw, j_j4DLfvNkhCRNWC0VBS9g, cnQXH0wqMce-s8P5gnUO3Q, jTiDn0qIABOi-EHfXeM0nA, kzRq4H_nSf4b3F_sdymWSw, Z8VyYmW7ILy969V_5Ge5ew, W5cwxNwGiZJd393PCDQEvA, SsYDYuT792irBRoGpcOmrA, irnXbT_38np0IfkJZiUaNA, 61AymMi8D4RTQ2aa1w41ew, M9rRM6Eo5YbKLKMG5QiIPA, RUn2C1UgxiY1enPzYG5OyQ, GSvZ1ZJmVqQA9O2NVfO1TQ, N7E-CfqdME28dakWdEKNvw, yfmUgi1JrQTsTOVG9BPEnA, EXKDLuYoZUKUNNNYA7TlGQ, uIjj7EIVBU4kGNgmKPO02A, RRtMl0kS2ntfoxcQPJcmZA, dYRJDUwkWcZJIqBI-Q5rAg, -Biq3Dt8YhkRJEO_ITrvww, MnkXkxV6UJbAVCKbOGcuhA, rMsB82tk9uOB6JumPMgczg, LFROYWpXtMU_f5nQtVkUYQ, wUgRsMwL-BCreuMBgmFdWg, BpJygDyhzDf7Pw1Is_5zSA, 1UwJVPsIiQ1VpzRZhLftSw, V0paFRuAuYigBqqFL5m3hA, H5hQMKeIdWMmcrfbtjTWgw, F78tJHr0qW6FsYBtWMmLpA, 2daYFot2hTbBdayKPrv-aA, 3Qv2rjPXC2eNKyV5lh3J_g, oeCIKc5BJYL5a7EpfCVa0g, Q8zOUnrRqMzkC3H8MN-niA, X9iNNkbJ-tCzQNjp11TqkA, 1F5wbSbtUBzxS8IsM7fWsA, ZcwLnR_VGfgLmuJ_7tnAjQ, dobwUcYUESqWWTzgobfINw, joxsgw7JvT33Xfr1CafgMw, UUqGHQFu2tQDGv5r3yJWPA, io3JoPj05TGtuaBCB-u-6Q, qStyJZBeMylrwAn3IBSt0A, AbMjnKOwg736fcIu8apuyQ, A4bsa7ykYRVCnb4h2vZALw, tAk5WETiP926l4_AXtJ6FQ, QvMN8sGV_0onMKDPYUi3Ow, ZI-yLgAtuE54YTiNnebCDw, 4FE8md9fMr_jZFNbcOmHsQ, yqa2qWN6acpmDuDL3U61UA, kjeX2RXvW7RhBbD2QLd5jA, ZUoL4srnWYglcbzUjMPi7Q, WhD0NhIqkkuNJPNOYn8TKg, CDvhiRiczAq0M5pktyiyog, 9gZ4pQHdK6v8xMLig6EEFA, 9XJxkbzctH2eL12u-qAZUw, Gsd8iShe0T_hi7sAm6uq5g, 37muZxUZDqPKUmCYg5931w, zvQ7B3KZuFOX7pYLsOxhpA, XPZVfP7DQCSL3Nb9t2vxsA, keBv05MsMFBd0Hu98vXThQ, n80yX5MTlxPigDBYEG7dzA, ufb1C8Oqczl4vzoxMwYnIA, tM84r9rP7XTjX4SnRzviMA, 6ObFF8-uKnOAlXuSH4TlyQ, 105tIg6brHiGDBXuGbbizA, qURtaMkkiSUEKm7Fy_1jtg, MiZ_ojckXyWbD1jcG09pog, LeQ6tRKkZqDWlnX0PypBNQ, w3xfd6mLksNzajpWs-URSg, FQMf2Rpu97j0n59qLJP1dw, wi_a3hdD7pnZU4mzjCbdIw, CHvqnjqyBRuBRL4Zrog80w, SsYHb0uyECshxjzUJ8ynag, YtZl1LIZWWZ2YZbBM2OgLA, pwQ8E-hbDUJe3qtKt_IBBg, 0JGU7X3w7wdnfYxRCF-V6w, A0j21z2Q1HGic7jW6e9h7A, bpgbVPJcG-wQ4cNBcPPIxw, EUyW-g53YF5_C2IWbxStZQ, 5NrM6LjqJPRYj1zs6xHneA, GWs9J6lIUqrySTxl6uXO0A, unpx7Qaj20H7pVVWheqvQQ, e6iCOIhtupBCiw-VwBvJ4A, 8PL8qGpLgCeh_2z4MgHaag, gbQa6CCtqivfPTuR4qM4hg, NtHdYlyRq0azoE7kZbZ_rQ, KMZDZqP__XpDKM_pqq6eYQ, 3GXXeevx7uEdFMrVYekFyQ, TyGJpPEzOSrIuYYdn5Kvmg, nf7dY3evihisaWf1xgKKwQ, uEvusDwoSymbJJ0auR3muQ, LD8aGSqEsam8Y-CdYRVWTg, UHhJA_yZHWuxbcz9yGG0dA, 3gRfkaVcEWri-Ju7OQX7uQ, KxGeqg5ccByhaZfQRI4Nnw, PSnUXFT5luMvb73mQQSjUg, 5jWaMozd4Ffi9YGwCC3QQw, vJwHzprQP_E9u7C6FZ0GOg, a85qPvr6L63PF0v9Zs8ZAg, Z16OsDnJl1aOkutLuEm7zQ, -ns4OcYy2LLIfSGBZQDZAw, aIbYxOV_3dBIPUcnl806xg, ED7dq2rT3IWXjSl58CR36w, WRVRKv7fosf2ZUi4Zz9CxA, cUTAO7xfjpRuOcXefbF2Bw, 97gJqJ9JzvMyXHB8xfigqQ, GEZ0Re6VjyN2bYtbTekK4g, 3iuuvf486gNPTq9HQMW4oA, ysMRR31VmcG4Z1Caz-6W1A, mkjEfiCAloI4PzSj_rHL7A, J7-hQgS-YK8o7xOYtLuJsw, txz_rAIre7KR8JOUhhd4cg, HT8fywuIwxjT3fcWpYGrtw, XXz7QpECope6EfZ5CIZ49Q, 5FAD2Yq7DLBQ_-ef1iDA-A, w5rOV4mqDFzQXgI2yBFcjQ, 8WmA4LLAXxMRsr4iAJYLsw, YpGt3hdq5adPlEFn9fQ2Zw, e0pVHbAZE3B_iwRenLfImA, 80U-J9pRef6qNP-UgW4wOg, wQtaZZ54z-Bfc3HUV0fpFw, FGmWx0hFD-h3YuTEql1x2Q, CDllLqyJytjERtBeck1HLg, McLm1kVpQUcSKzxJt8Vqhg, 2m7s1hywcdeDt69u439cCg, CHa6N1KJtRmspb_-5RRjAA, _T6f-15h98uPxkDiVGUD4w, hCy4Kkyo4N0fFLMDpKjYyw, tCbEkK11lnqeaNVkhlurrQ, ulM0B0JOkRDNLdZW3-rvFA, DvDEccGguYTxxPDNU35y8w, tTw3qfN9qI8k6k_yM0w6-A, h3q7CXdmUX5cisXHk3dkHQ, iVhdLd5D259PO_n1QliZYw, ozUsNrw9QlEtz_JqN5PlMw, S9h619NPvzDZaFkldwERTw, 3AV5ONopdwL5qKYW20SRdg", "fans": 19, "average_stars": 4.42, "compliment_hot": 9, "compliment_more": 2, "compliment_profile": 0, "compliment_cute": 0, "compliment_list": 0, "compliment_note": 3, "compliment_plain": 18, "compliment_cool": 28, "compliment_funny": 28, "compliment_writer": 8, "compliment_photos": 23}
{"user_id": "u3rRXtoRxE5W1O19yVfslA", "name": "John", "review_count": 409, "yelping_since": "2017-08-12 20:53:22", "useful": 923, "funny": 410, "cool": 669, "elite": "2017,2018", "friends": "FJPiAnjsuYx8GD4kGiNCWg, BqE21d_vGACZFU2U8dCRSw, LDPVkNDhdYNw1HlXAEEKsw, 6rGVoAI0Bl8ZEbMNJWOK3w, cGskg8zw1KuSkpdraZXm7Q, UkLiM2r9UcVXdx81JPGZyg, k7J0CjxFoxdSayhlDE-k7w, HHrDK8PKL3div1uBYym6LQ, kK-NklR8rOBsdBXL4oJLZg, 5ylIKMA-zoXZvH_-X26YOg, boYRJ1VOX3iNmsGmJ0Mswg, k3NJaBzzhOV5z3eKNhaBOQ, hazFjLv3rVO_9V9wSQ55Gw, gzMfex1wP_chpF11r3JBFA, i1vrRKKSiTYymk9ufn-47g, r_fMsMmdPW1uKxOSOxDjbw, 61AymMi8D4RTQ2aa1w41ew, hZFzo6HD06gtj4J7O2ki_Q, 2qyjvU55tr6ExEHzV51bEw, KBSFwLHntHwf0e28a94ckg, FyaI7g6aIMBYeMQHLGqPXg, XOk0Wx1X2qzK5GQq05Aaww, pwQ8E-hbDUJe3qtKt_IBBg, asL1d04xS3y8YQtU5ota-g, Pui1HPGa-LZC0s8e2M6CCw, e6iCOIhtupBCiw-VwBvJ4A, zTCwJg0hPY_cb3vWY0XMbg, YlfYMCw8bLmPaJD8m7fcSA, wzUFZ3DaU7k9R2S54IMPfg, A0j21z2Q1HGic7jW6e9h7A, a85qPvr6L63PF0v9Zs8ZAg, ZcwLnR_VGfgLmuJ_7tnAjQ, XPZVfP7DQCSL3Nb9t2vxsA, hCy4Kkyo4N0fFLMDpKjYyw, vRJUVOSOOY4VeQkfiV6nIw, eU77PxGTK58WVRWoXULlEw, ysMRR31VmcG4Z1Caz-6W1A, 3kOiqN8FUDz54CsbdfaWRg, YMgZqBUAddmFErxLtCfK_w, 105tIg6brHiGDBXuGbbizA, DSDL_v5dvLOIJ-o5sRhz4w, 3gRfkaVcEWri-Ju7OQX7uQ, bGysaDn3BxeWRjRUlSghbg, Olo_x4fV1sFBtlj6COf9Wg, LS0Cj5IiH28NnSChCLPSQw, WdZXKWoC9OC72kkvHZhUgA, C3O_9k-4ItnP8b8XaPbojA, 5jz-BicrPZGCp-Mi-oBRUw, M9rRM6Eo5YbKLKMG5QiIPA, 9gZ4pQHdK6v8xMLig6EEFA, MFQ2r01_qQLZjzU9XAcp-Q, 8ktLyldH9JwNpD70-Ho2Tg, zlFj4sJmPwzS1WdEB0FnFQ, LFROYWpXtMU_f5nQtVkUYQ, wd3xoNaDLib8dhQ7BxUl6g, bdTzsZcoyzKdSz21SX_YyQ, eZfHm0qI8A_HfvXScwIYsg, Tr7YMpWd1XZdXdm35CatqA, F78tJHr0qW6FsYBtWMmLpA, HmILc-lgVKZS7mWNdYCSJw, 22dqLO1If5t3j06a2gd7lA, SCPgLdL2hoeP3Plnc0dkzg, j_j4DLfvNkhCRNWC0VBS9g, 24AzZDQKHySwMQR7VQVCAg, 1sGYXSkJHPhJ6wQtc-RbZw, Ysqfg2Ah_i3mBCxWHCFBhA, PcvbBOCOcs6_suRDH7TSTg, w7RP1MZad3YO7Vjgp3s3Dg, TVkU2gHhe05v_lgsE_NccA, vZFYa63rZtbyiL4bH32CdQ, zXBH5QYe1WJCvQdkYBs9JQ, 18qEoFOVEernpVLh97PQPQ, el3TmKFEFzZOcNbCw2FNlQ, 3R_dB9VQ_D3WPJEw7pmorA, X6WHLksjT7IqGlGz2Jx8HA, bd5PF6hOz1qMyKhPS1GWzw, KxairE5DKJevRD_sZGDasQ, GSvZ1ZJmVqQA9O2NVfO1TQ, H6HS5pZDrnc4HG7eWYz6nQ, zFYs8gSUYDvXkb6O7YkRkw, LS4_diW-hUJrHbxzwxsD2g, qaqkOxupLgwvi-tfGgNyRg, -nIVKbFxgBMHPVRJV2Djqw, dvl2HYHqn5Md8zUUkljhBg, IW9PODn_2g_15nkhQcRVdw, DK57YibC5ShBmqQl97CKog, M8DD9IIyq_NpI-A9K_Vfaw, BpJygDyhzDf7Pw1Is_5zSA, zOxFYwqq8Iwhsqm_jm016A, YDn3B7-AuU5arJOp73ai2A, MdGnY6eLxy82nEZhCc6rnQ, KrZRAG_B-NJzq3MrmwzYNQ, 833kFGQgQORsb8cfUgIG7w, PwGZ8TZ1aSl4UBvrSN5URw, LTqMzRytA40A13u70rlJoA, aKtwtq5cKsbugghoHYSTww, kycD78Z75r167eiSG8X6Ww, a9w5CF3LWx_Hyi_A79qUhQ, -ns4OcYy2LLIfSGBZQDZAw, T1TI-1x4TJB7V-nJhaP_NA, 5jWaMozd4Ffi9YGwCC3QQw, txz_rAIre7KR8JOUhhd4cg, r_B6CZ-gZNKeW1bOzSAXPw, 2yOofTV0u8fruuMtTSVJpg, TdCeQnHVjA2FgwBnA9lx_g, cQK407Dkqyi9pf4Bqtum0w, x4rQMKeYMnqKx-bpzQ4zPg, TJNkg75ODHabE5GBfV5wRQ, 1i3WvtGsIW8FGOFLvHHFMw, cV8vTJWxbB0WvgckqPKXlg, LG3R1R7ywPILZi9o4Uot8A, EiMaydGgNzj82ef8Hzb1kQ, GQ-jAKIajOPYY5Qk0s0MJQ, 70deb86tgKR7QKfJKAyYAA, 4h7oD_o70n5rxu2NGqSLmw, znbJ6_mDUsMpZ4jTCkSjaQ, iG_FMFr3QU1IXLcDupDJJA, PbxWmKe-quAqEE8I4--vvw, EIj7osC_bYTkv4eyHHuvNQ, AmMd7xpnaf8axS_roCBFRw, r4RvHiChaTEtJ3s3QNVIqg, sHY6JcgWOHLP4vR836Esmw, D3GeQgpvMLwZCCHHdvyqaA, M8nzl3ndj0GQZw39llpOtg, ukoaLcnNy8if--6DTR591A, z_tqPytGQF_tDw_buHKJcw, fQGcWW4VCmAYGnmgLOSBDg, Sz1off3L1LMXSnQjXRU_hg, 98F1MRVrJP4WefdFTIVjTA, w3xfd6mLksNzajpWs-URSg, HOcRsLa-nJRBX0tB8ryjvQ, 8ubBK8XpGqhztb8S_gEGjA, pb1t7DIx6x4QG-mNOp7bvA", "fans": 12, "average_stars": 3.86, "compliment_hot": 1, "compliment_more": 0, "compliment_profile": 0, "compliment_cute": 0, "compliment_list": 0, "compliment_note": 2, "compliment_plain": 3, "compliment_cool": 9, "compliment_funny": 9, "compliment_writer": 6, "compliment_photos": 14}
{"user_id": "E4LX-6jnd-ZoZ0mwMGbWmw", "name": "Amber", "review_count": 8, "yelping_since": "2010-07-16 03:57:00", "useful": 2, "funny": 0, "cool": 1, "elite": "", "friends": "None", "fans": 0, "average_stars": 4.5, "compliment_hot": 0, "compliment_more": 0, "compliment_profile": 0, "compliment_cute": 0, "compliment_list": 0, "compliment_note": 0, "compliment_plain": 0, "compliment_cool": 0, "compliment_funny": 0, "compliment_writer": 0, "compliment_photos": 0}
{"user_id": "a7bZHb4rLMqJ04DwQIPd4g", "name": "Somebody", "review_count": 134, "yelping_since": "2009-03-12 19:00:48", "useful": 122, "funny": 24, "cool": 15, "elite": "2012,2013,2014,2015", "friends": "6BXJJ2HaZKj5rk3_Eqi2Sw, ya0gjXEHjpvuLIFybCajcQ, Ve0LUwcrzxL7w0RYgY4Aaw, VbAoiw-YbFGg4IdBi-lIbA, K7OUS9QNKSoWLKkbSWTwMQ, HbLTtxtKHeUre-3AJc44fw, QA3fyzlU93AH3mqpZ50TJg, RltxaRS89a5jtGW2KniNKQ, KWGn_o1Zp9xLL5dyYyk1yw, UqULiSnzgqq_nzTUkeTlXA, kvD5JKQeCuJCtlJo6EZbwg, L9rtM6KuHuZnXB3vFNB1JA, MH3pN4QOsU7lEb1_8FNUNg, Vkt-4PNkikOJVfguITw5cw, 0C-CL6Kg8y6ZezYXo7hPhQ, AYKeVqTxqdpke9vZSn6VrQ, TD02uOmfki-d3_ZEWPNyfA, 58IYRjxtf_E4XNUXysecdw, hE9FCBh0BPd2hEhTMNFp3A, N9t-VNhuIUgaRsSv5qkE7w, -mLyvsDB7YR5H1-s8iqMOA, Iznw9ukisi-AZdT346QZyw, iSgmowV1xnSNahAlPwbeOA, GFyA9ULGAeD-xZEPto2y7A, KGAT7p2tnzH5Eo6nAf_VfQ, -55MPi-QkiSLmX7lL7wIew, vWtTmXUC54HvunermBr8eQ, c_iWulEMUKUU1WIofY1-LQ, WYMsLulaAfa-RuCIHrRLmQ, GG__7k_-NlbEf3mVgSBFpQ, dlMll83TBW-g10uGTNNAxQ, a5hyrWp6GuGteNxOW7yGsQ, WZ4-cxLoXiybW0u287mxIw, m5dVjHbonMrN8PQbYBzpoQ, wBbjgHsrKr7BsPBrQwJf2w, LqD6Zwyk9gtPKE65Uww0_Q, Yl_OHSJ12aMeIUFuK7rN2Q, On3XtDIVnxtVq5iGlfo-3Q, yVA9Kuk9IwtHYo5junyYSA, aLy-t_-Q5CY3G91xWsLpxA, B1cGWGflz09MTBgJrvDUtw, 5CSCULaQCeoI7xeHNSqrZA, xHBRqXx5MSV037wXGaIihA, 3C3zSdJyals9cpa9meBz6Q, R55FEqSOQI6ZCvff8WfCtw, tKtIEBTzmZrRbTiomoH-GA, d4GTD2qfb0U-c0auA2ZSeg, sqzelfoQsToL35A5fxD6pg, dICb6hIN_ztu1CveavQeYQ, KMhMGXil4NoI5U1zjJupDg, b0frDGh5F03CifdFOUSS_Q, iYXltCQvOWKRIKAC4mFg7Q, HzJXWgZSgXE6EJfSue6-_A, F6AyNJt8DU2c2z014eUD1g, GYLIjGosx4F-ZUu7MEl8aw, EtXxEZlrDFQKD6P2e51QJQ, 2KzKOMlxGMe9aEy28zqNpw, 0juzbrgcLHqobdK-OZAyiw, DEFk299pEBqKgUgQ703V9g, nz91Bo50MvIudnBxe_Qx9g, 6YvKcxVWjYCRfv5CA4gwnA, awBlguCcD8DpkvBi7kwMqg, lA2CI9dRYwTI6pupv1R_kg, P3JExhe3CY-BYo8FmVdVBA, fsDAsxxrZ377YXT3EZpE4g, qe__2emPOvYjlPfjcy4nBQ, FkOmPLXOIhb6994LD389Rw, 11yYpst9wbS1xsh0SlmdgA, Kv1cjS6t-5fDNbd77Xej4Q, Y2pj8nTmVA63dDdETOxocw, 50Kz9-sXq0wwE_Kg9w_HJg, FTKeukbnWCvE4cUYTPWxiw, JQhOnIgDALdsXQkUwk7Z0A, LRwRkjfxv8EWynwGL9NROA, G3qZPteUDs22kUzTAB5NTA", "fans": 8, "average_stars": 3.65, "compliment_hot": 2, "compliment_more": 2, "compliment_profile": 1, "compliment_cute": 1, "compliment_list": 0, "compliment_note": 3, "compliment_plain": 12, "compliment_cool": 4, "compliment_funny": 4, "compliment_writer": 1, "compliment_photos": 4}
