{"business_id": "lE7rlU_kOvLhhOGFEutgVA", "name": "Hooters", "address": "4608 Macleod Trail South, Calgary", "city": "Alberta", "state": "AB", "postal_code": "T2G 5E8", "latitude": 51.0128779, "longitude": -114.0657281, "stars": 2.5, "review_count": 8, "is_open": 0, "attributes": {"BusinessParking": "{'garage': False, 'street': False, 'validated': False, 'lot': False, 'valet': False}", "OutdoorSeating": "True", "RestaurantsAttire": "u'casual'", "Ambience": "{'romantic': False, 'intimate': False, 'classy': False, 'hipster': False, 'divey': False, 'touristy': False, 'trendy': False, 'upscale': False, 'casual': False}", "RestaurantsDelivery": "False", "RestaurantsPriceRange2": "2", "NoiseLevel": "u'average'", "RestaurantsGoodForGroups": "True", "RestaurantsTakeOut": "True", "Alcohol": "u'full_bar'", "HasTV": "True", "RestaurantsReservations": "True"}, "categories": "Restaurants, Nightlife, Sports Bars, Bars, American (Traditional), Chicken Wings", "hours": null}
