{"user_id": "YyzBNC_5aBhJi-aJWiEMvw", "name": "Blake", "review_count": 244, "yelping_since": "2012-01-22 05:55:25", "useful": 365, "funny": 305, "cool": 160, "elite": "2012,2013,2014,2015,2016,2018", "friends": "atyCaAjUYatIFDOGKy00SA, u21-2W_3lMiHuRniRwvWHg, is5vAvanYvmF-28i9no2LQ, wC03fIAG3WZMx7PUttgAwg, QTsZhIDuKyfwr2gwJInEUg, qVh_77TIJ63YDXQVjB725g, 0jCXbP2xXqqJITCfDSX1Qg, iXDZe3KZNVMlYUUPzQF9yA, eWyhZ-114SqkZkG0RyJG9A, aS49PVvvoAAXf9B66ovyaA, 5xWVyPgL4xbGkPzvPGXLUg, oUK6Xs5dPPnP4whFeZExGg, RY522o3qjBKxKeXaNcSyzw, qeN6YaBlGo5wx7YVuNtGLA, bCPCsZZFumbsakidU3O_gg, oZC27ERPm0_3rP2oVQOgAA, MY-OECxeRpPvnOmqY8lVAg, 3tb8GAS63LUaIq3LsedTOA, qQE3L0CIa0saWON6HD79-A, ai1zTcZHEwm6CP6P_VYPsQ, iA3_xfnoBRlSHQx7Hb_6Jw, Q81VIcKug3Rbw7eQ1A835w, flcM4pfIr63a9TbwpY9Qdw, uaV1KNnaWH87ddVazSx6vw, Vc4QSYKAOf8NXriGXo919Q, TZelLnaGbHgaG7LBI6rfgg, ZS_qdLMh1XyXKGTrpKM-4Q, Hz4Fsy6eAeBpEm_WGCP3-w, IsRu3TWnJrXi-37xXdd2fg, UUqGHQFu2tQDGv5r3yJWPA, 2Kgd8_CKyYMvauEA6Z0mAA, APWY6GgUtk1dNgcEytyKbA, PtCnYJdVicJ1BOa6X14fZw, HLZy5Iun2vQdL1Qjj35iYQ, kT-WWv60VZ9NFFkPTc9_1w, WK-Kj8L1jZkXUTJjqgUCFA, PkeDOqXbgEOkR-aKUHoQ_A, 7_EXcW2umdoi9T8KpjqrDA, nayyM5G4fnr7_RSZZB7v1g, o2_QE7ARw7qf_6gQYBqgog, 0xiX3PVkh2WoqZb423AcjA, LMj-LQSWPgqAW4DTQpARCw, DcmoCQ9nGc0Y8SMlt-9I9A, NGXspYHMmrPACos5Ab9h9A, Y8NAVqnwpQPbl6QSmb-zCg, Z0Ar24Xo6Im72JlUVBsRcg, KEEPn4z8dFbkGM_JizgEBg, gdL_CK7ukX-ALDv02V8KzA, zlF-gyv5_lcaUxvi53TZ0A, IoUX_37vmAqjilOtSQsi5A, c-dxY6xKQ6QYzbXGNG9eIg, Vl8fUn3tB5TKJejg5yNEHA, zXWSgcYLdVr0mpwtDsXiaw, 9FknGjHHH6dzxggVw9QabQ, E-F49aokwOCxGTf3cp_MXw, e_l0SsOgPXu3wvqvz2D2Kg, QmUc0IJgCxvUnXSRyJwocg, uvaDuMS7kmUBH_1G5MDmEQ, kZA-neTnGq6gzLt7k70kEQ, cWrKYLp_pSiWA-gJ21GeBg, ZEjXrUKwBECS6MMB2hDwOA, Cvrpn1dL_FtrA-BgzBGxgQ, aXbE5xBGWhXqVRcrgknSXg, KckRMQbo3tN65IIU88PJpA, rCx97Pty86InhWZzNVywbQ, g5II9QQMpG_x5qHAmyaXBw, S-7z0jVijSe0RZQ_b8kxFg, uF_aWkvJKcKjc9rybjIlMg, h8gC4xVYcn_DNy4VrvQHtQ, kQRjzCinGWyf5a5onbwqSQ, nj5U8qDDM34wtl5c1eEc0Q, AfLvV1fCuYbyrIBI3AHm3g, SS-5K0uA1Y6QnYM6PfVB2g, owfGRUkAwoQ9oUl_JwXVyg, 3X90rORHNG8MozRPGY60dw, QWWVaZ8TjYosFbAL0-PUHw, dc0OMG7dLkxlgYrIvNTr4A, FGmWx0hFD-h3YuTEql1x2Q", "fans": 6, "average_stars": 3.56, "compliment_hot": 24, "compliment_more": 2, "compliment_profile": 0, "compliment_cute": 0, "compliment_list": 0, "compliment_note": 19, "compliment_plain": 13, "compliment_cool": 20, "compliment_funny": 20, "compliment_writer": 15, "compliment_photos": 0}
{"user_id": "7D7y8xZJ2H8rjXgjsL1-Cg", "name": "Natasha", "review_count": 115, "yelping_since": "2010-01-08 15:03:17", "useful": 386, "funny": 55, "cool": 67, "elite": "2010,2011,2012,2013", "friends": "ZPRfjeN3yp3p9HejM6ypIg, LhsafncjOdfrjF1vgfzOFQ, _iqQsj5xeGBi5kE9260j9Q, nmtyeEpbSa-zJKaF9qbmdA, ppATz6PAs8pGi4VcfIrUSw, IshjIQa-WBOCm_kiR_cj-Q, rlQlJoPz8Vk7Pbflxfd5JQ, 4rdUFVi753TtKnjcz2vr1Q, hsCceIOnZqAt5g3MpXNUDw, gxFhPcltliz1wW33DD1ZeQ, FmS_qwo7hds1dHner5vjgQ, QJI9OSEn6ujRCtrX06vs1w, qZlNNWCypJI2FOu0_0-OTQ, rfP6zHYSxdfZ9b9pSgGc4Q, onyFe76shzmdYE7iiKJkdg, JsbgKWAXtkFMOAlePsN64A, Bmjrg8ikyDgXyIrj1jzpMw, YKsuKhp7k-tVAamsHEjaZQ, wXi-P691AGOdonMy1TrL7w, oUK6Xs5dPPnP4whFeZExGg, G19KCtoxLZvnTOXDUrav0w, TwPlaNvnziaN2wB3lk_9Mw, Wx7cbLDqYEL3_aVZwh82Ww, -fV3nljuAcDrgX6RNer2Kg, jVYzrVblDFSuL3GHtt8ZSA, KEEPn4z8dFbkGM_JizgEBg, -0zUpn_6kTWXHWzB85u7yA, oZC27ERPm0_3rP2oVQOgAA, UTzUG8exwDoHDW6V0BSE2w, YCMsYM1bqYerp5ruCxYoyQ, -InhDRRVG7wrwsgAUvN4Qw, Uy92iT6ec_VqQbfLSraPZQ", "fans": 14, "average_stars": 3.38, "compliment_hot": 14, "compliment_more": 1, "compliment_profile": 0, "compliment_cute": 0, "compliment_list": 4, "compliment_note": 9, "compliment_plain": 17, "compliment_cool": 17, "compliment_funny": 17, "compliment_writer": 12, "compliment_photos": 1}
{"user_id": "0xiX3PVkh2WoqZb423AcjA", "name": "Starsia", "review_count": 113, "yelping_since": "2009-09-04 10:29:28", "useful": 165, "funny": 47, "cool": 60, "elite": "2012,2013,2016,2017", "friends": "Dw6oj6MFGC6Fm2od7yGRMw, BuGTYsk4q0B5ffUrM9inwA, kpnraN04kZ9BV4IgF3SC7w, 1-7Y9ae2p9k8e_nfbzUsAw, PRd3hhwwX7NgQWyqWfYtbw, pWX8636X1eG8seFwbEjqXA, lwPhlWLdDmxKB-xG_VOLeg, 9_xosDshAjCU1DPH5mFkGg, gdL_CK7ukX-ALDv02V8KzA, PkeDOqXbgEOkR-aKUHoQ_A, gxFhPcltliz1wW33DD1ZeQ, 4BODhptVEvhAIYOL6ngajA, X44CqQOfAurqBgTuWf4ovA, k-sFSDp6-5OSsei6BosxBg, aLraEuUUGicJSh16NMfUcg, YyzBNC_5aBhJi-aJWiEMvw, eWyhZ-114SqkZkG0RyJG9A, K2SrlDLE9sdn6BtI__xG4w, E5ypZM7SuTXMEnlJL0ZDMw, Ur9QdjnNXE_6ThX4qYQUrg, hY6Fo9BVu1m2j2An5tUMAQ, TZelLnaGbHgaG7LBI6rfgg, n9F-Jo4zDmR4PxCPUnN05A, PWDmPs1weJfxx2T5cjaqZQ, 5Ujdrr6RwPMjoZskZGj2cw, RWU1AgzEJMVg5KOZug4JeQ, uaV1KNnaWH87ddVazSx6vw, aF2zZHEw-kkN9sgNnBeNNw, PtCnYJdVicJ1BOa6X14fZw, 6sCDDaSiham_N90DV-TO4g, S9zMHMOyCZCmmZW1bgWE-A, PUXi6dZYEArXPGhIRIa98Q, AJ7OBUjRaf0FZDq7VFxNTA, C5nYdd_5wBdfTLlrGQpvXw, oUK6Xs5dPPnP4whFeZExGg, uEKuEB0lsvd-Ht8z4ekEiw, HSUvsyOCRMV2rb4bdo1Iew, TDZkS5M0cnTYzesMubvGXg, _h1Zq8FKh2kZSSFAbTK1Og, b6q_64TvgphKwtlRvpyNow, RzcGQ4-SKeXVr2EgFVJoMg", "fans": 7, "average_stars": 3.44, "compliment_hot": 10, "compliment_more": 1, "compliment_profile": 0, "compliment_cute": 0, "compliment_list": 0, "compliment_note": 13, "compliment_plain": 13, "compliment_cool": 25, "compliment_funny": 25, "compliment_writer": 8, "compliment_photos": 5}
{"user_id": "j5xtbqfOYZbLFd2p8EGi5A", "name": "Christopher", "review_count": 307, "yelping_since": "2008-09-22 03:40:20", "useful": 730, "funny": 423, "cool": 173, "elite": "", "friends": "Y0roAUKwzuKnPGECPkp9Xg, e2LzJZEIrKmSSLbTM9zpFg, xp9UEkFyz7h7Ii1XVzU4tA, fYTXRCy0fGPCQWxo3HzTmQ, ppATz6PAs8pGi4VcfIrUSw, XOEkotCBez8E-aIvpxLkMA, FogNlO3S6XGzbAR61neFWg, D03IM852xrqHPHguN1FDzg, WmxT6iHQnkgcFeNEspz30g, 2nN1AB27gN7SdiWdyD5Qlg, yJD9_N-DVNcXKKgHZeVKQg, Wx7cbLDqYEL3_aVZwh82Ww, H0Vpod3MzV_Z4FOggWMIvQ, gdL_CK7ukX-ALDv02V8KzA, -InhDRRVG7wrwsgAUvN4Qw", "fans": 15, "average_stars": 3.02, "compliment_hot": 2, "compliment_more": 0, "compliment_profile": 0, "compliment_cute": 0, "compliment_list": 0, "compliment_note": 3, "compliment_plain": 4, "compliment_cool": 5, "compliment_funny": 5, "compliment_writer": 5, "compliment_photos": 0}
{"user_id": "U3Su5FLssAUKNYonpzIgRw", "name": "Jason", "review_count": 266, "yelping_since": "2010-02-23 01:55:38", "useful": 641, "funny": 279, "cool": 221, "elite": "", "friends": "Vwslifegl59fQVOe5BH1gw, -fV3nljuAcDrgX6RNer2Kg, 3oIAgwbS8MzlLRB2sgiNJg, dIIKEfOgo0KqUfGQvGikPg, Wx7cbLDqYEL3_aVZwh82Ww, yJD9_N-DVNcXKKgHZeVKQg, -InhDRRVG7wrwsgAUvN4Qw, oUK6Xs5dPPnP4whFeZExGg, DxaCotuDfWzzoFf0EJGD3Q", "fans": 14, "average_stars": 3.79, "compliment_hot": 5, "compliment_more": 2, "compliment_profile": 0, "compliment_cute": 1, "compliment_list": 0, "compliment_note": 4, "compliment_plain": 4, "compliment_cool": 8, "compliment_funny": 8, "compliment_writer": 7, "compliment_photos": 1}
{"user_id": "FPTTIu-c_tmFLG2Jh0LbcQ", "name": "Ron", "review_count": 24, "yelping_since": "2011-11-02 18:23:25", "useful": 18, "funny": 11, "cool": 5, "elite": "", "friends": "None", "fans": 0, "average_stars": 2.35, "compliment_hot": 0, "compliment_more": 0, "compliment_profile": 0, "compliment_cute": 0, "compliment_list": 0, "compliment_note": 0, "compliment_plain": 0, "compliment_cool": 1, "compliment_funny": 1, "compliment_writer": 0, "compliment_photos": 0}
{"user_id": "UT2qhTs4u9BC6V5W5lnKoQ", "name": "Jose", "review_count": 42, "yelping_since": "2014-04-15 22:43:33", "useful": 26, "funny": 14, "cool": 7, "elite": "", "friends": "ekfOPFLB1E2oYsOPNBqoKg, kKCdkYmpHwUdWU7MgN3IYg, rzXxlSUQdCjSsQI6Eziqig, Tg2eOnfAmfRjUZUgPqAtAw, 5aekKe0GjfgkQPXhO4BXVQ, D1v6GGskO5_WEiMWXET4Fg, 6EXlbROt38UA1UMjjIonRA, x2h0sUCNnHEeMS0afGLwCw, YeEUeu7W3TM9PjBsGlyktg, pou3BbKsIozfH50rxmnMew, 4olV0L0GWD2QnzzHALRHOQ, GI9GuvgpFM32iWlxBWO9yA, 5TszLTxKpzxjXYhodzsppA, 7qExJRlw71KCWMzuZrpY8A, vyF4pnMEFkCAJHzRRIIZfg, SBQtWtT7IqDqwwP5X5q4mg, A2x8U5_oWzZvTj7-TaKfIQ, Km9oXYzBKc0ZXZ8i8A6Dbw, gfR3QMaqM0LSeEXrNJqxzg, axWb8_USxHwdP0A_n1U59w, Cr71jUamNKknYLXDNx34uw, HzlnEzxBIZY9gN1lgKW7ZA, BrTq6vpahpkPIn1l3Adp4g, jNMnc8XXl9pfx9rphkce6Q, Rh3arwcZ6978-6ZONiCPnA, 4Gp7MSHl7myEF02vydgUvA, 8uL6UzH2XcPxeQUWHqQ2DA, 9see0dwiBfcBDF3udsmKNQ, 0iuWgNb-KbM8zY_xUKqObw, 0iTLzOhy4XNMIoOHnZFa0g, FcSg4FwTxk_0cjKLxrznnw, vnjE1CdYkfQHsZJyC4YWKw, 9O63Ntvimyilfrn7mud2OQ, 0DtROgsRCeChybBkfURpOg, VJU4KDIYWeOqByFN-FlbUQ, sQCMHJhjHpV_PwU6ZV-wtg, pUgjg7ZIen9zbnyGeoQN6g, cXxVhVJ6_PvjZkWZsvMAXg, IPYACVpIOPITXjzHghuLJQ, lT9hDDBztaKARl72NW2hCA, zX2gfJG84mGt5NGk1qjyWw, dUUluKO8teSO2PIge4m59w, dEc4Yy7kWKjLj06Uozm_qg, NmGccEV6W84fZ5zyWzy5kQ, zmUpgeGCoLZefG5aF9FnWg, DXV4VTDcFQJ4RzRFxofOUg, ZnXuGd4GrenWhMs7bRVA3A, MLnvJyYmuddLPnFa5U3JZg, DrP52h6Nz6yl6HCYvukI6g, 2mqvBKHUCFz6laMg0Cib3w, Hb_yVdPCDZALMk--iXL1AA, EnQw88RthDMiKhnMhX51yQ, ly5Fzko0dJAEXDeQvWxeVg, pr6wPdsZMSiESNkwDAEpaQ, B-EJZYY2UrbImIBd8LX9rw, rEJYM65zF_RGOaPKXKVKng, 19Fz83n9oBjWlgR2ZoRD7g, I-v70v_xEegkzl2NBaznTA, phMdr7RNaKqG-NWiEkH5Cw, GDJbWK5-z7NtXSBj_uyxwA, 9pmhjBSfks3VQK0u_f4tHw, N5Hl-FILpDgwzUMmN6TR8Q, 1m16mWPCDV6WspNtLWXZ5w, -v5W_iJgBaIAPIzaq2fHfQ, 9q4gEXo8lfKPVcmhMNIlyQ, CCQzJwzgO5XtZN-TZL18Ng, R1E2Q2Pg_VV6cwbiEBFWhA, d7oe6unwx9KCvh2k7uxbsA, iTbc8GxUiyRKd3FEFWzy4w, k7tls7TsEgCBpvhEJzcj9A, bTf1UNayVyFgtLESM1pBLA, 2VUQoO8ahMHodJYKJscRRg, FiBnXZM8TN80GVDFtQsGHw, 9QUETNIk_nFiERT5v5sbHQ, 5VF1YD0uwgqkSosjPgh31A, ywriyLN_xydNpM4DWr68lA, i0SFnqUFuWwDyWLCASSWiQ, 9cMqKco24IYdcFQtSdsZGA, K93SsPhf65vbggow2WY0_A, lYOtNWzDQCi-DM7TUtgzsA, qPw76gLAGkqMD7VNed8tcQ, BskS183XU2w3FFHtPaAB6g, t9AWCIPxsRVpwL0Obx4ATw, etHSAbxwGMhgS4VIYfc7cQ, IgT4hFTYeVW_WaUqfr8rCw, ew9NF43AaHSYabstsFBBrg, XrIE9S2cHUxBBxaRfUbl7A, XbZbeJN08DLJ0GrF0VHlxQ, HFZ1YoX7rX4TcYM17cJ7lw, BNDvrL7pZlbiSSDnARqpZw, -ET8Q0CnZzeAYtZXiVxjuQ, V93ybBzmGnbiWODxygEngQ, RGxJVVoMxOKKP3ARArK_tQ, iTwbWnP1hzoZ-l7rU3luMA, Ie9TZWxfWrBihVRZEKuM-A, _GXb5rDQGs3DVmmET6tFrw, 45HA9Vr1FImNRk-ZlL2sgQ, n48Xuz6AEbbvvGBAxRTIoA, YL8hrtCODJOnxrqbx2b1gQ, _T_kRizact0_GuzeT_BBZQ, uZRwMWQTluHSvJFNDeroNA, L-b2EqepWzNDLeDvxW_YWA, vJw9EgijfNQIguCQzpPhyA, 8aij4SmF8FTR81RzLgan8g, GVxR4mKU9GTOH7v6O_lxNQ, dYhB2y63uClhhQrQqzS5DQ, AWlitAwFS-0KtCfyCWh0nQ, _7annbKl5FI0iFz-JLemrw, VVJE26AvVJ0Pb8e5g7-Znw, bD69hCgQTolOxlNAlFE7Rg, PSP1c9NPiJMKsczD-tIWsQ, pHN8QOelmhbPcl904YvrDA, IyL2JWt2yDhclejj4A5HMw, 1DvSE5SYmepdGWjelIQaSQ, Hj2lNqugqu0qxi_F3d-_Wg, HMJYuBCdkcjzEbkA1Da9kw, zaG2x-eVzvzhvXSu1S6gPg, pQ4DWFOtLFdL8bbcsI-8Pg, 51HyRDs8bxGy6znf7xIKfg, l5CTb6yq6WvZj7x2_ODeLQ, egfZ6QV7VJfuxrrLRFrvPg, BowZyAnkr-sLcfESe8jH-g, FSl_96pLgl-4sxB_7QBfqQ, Mxm9QJCEJ4lyjs8GRFnFyw, xumZHF80Rw3U3biw-8iJ0w, Xim1KvcHqh-OPVmoDKnLIA, kTKHSkxg4ezA3o3SrTLGYg, KsJGjmujMENbkNpu6X10Cg, 9k_LCfiNlw_N04-I120vFQ, ZhPwwDEEDN0eyG-GB_OujA, upJ1vMsomGU4vyYwQIbR9Q, IXvTOj1xGtwZA1U-wFpykg, xvCNM8r02IKHE2xx4Zu2Kg, _WRdSCEB086l7_ObdRQ3Zg, W9qp2xpcwkefJIOdLoDyDQ, 9XBhy2UxtF7qxFpdU2r7fg, kQxC36sNluOlXYmnTQQIuQ, U3p6VbudezppJGK1toZUww, brcZB4QliYSVZgtT5H7TRg, G5WZzwgwk3LjxYGnAGDw4w, k2gpDnPrdz6B22unabJNew, Zyqg-YUkjsHJFXcBPnUILw, VP2_NBsK-aPozMjDIqWHAg, loHpFc_8WIcpJGYKHlytTw, LIqtQHQXPVeHIQOWh7gNoA, Ih3nXXtLSSLhQaddy9k2Iw, U6KBMcvB_qk1Eco0DP54NQ, 57GRtMGTu0PvG19LK7Zxbg, BslZaGNwiKZysbBR6RhB7g, JoCNjagLs-vQzG3euozHmw, Srwbwr1LBwPtOp5H80XW1Q, 0dEW0IM3a0NwepGr8rhcUA, ZYgDq3QdDCRzvJJdwro85w, xvsW9Crcpo1HB2K_h1f2SA, 25jIRwwPKWgjd94NZv6O-Q, zzqBhI5uJgumDdvyYOMUFw, M3g8g1j8SEQz7msQfLHiAw, s8vpPcDXb5OGe9uEtZ84gA, RYrhIQyQPYG-wNmoD1M3iw, gZpuOcooiKiNiQCRmS3NWA, hyj9m2H-cxnm6YDDTXoEXQ, YB5fgB9L2WtcQkLFnk1Sbg, 3LHWNkukiVBztEXdMXUaLA", "fans": 2, "average_stars": 3.52, "compliment_hot": 0, "compliment_more": 0, "compliment_profile": 0, "compliment_cute": 0, "compliment_list": 0, "compliment_note": 0, "compliment_plain": 1, "compliment_cool": 0, "compliment_funny": 0, "compliment_writer": 3, "compliment_photos": 0}
{"user_id": "Wse0ZccuS8bbI323pkLCuw", "name": "Malcolm", "review_count": 12, "yelping_since": "2013-07-31 08:30:52", "useful": 12, "funny": 13, "cool": 1, "elite": "", "friends": "Lh68z3ti-ue6hOuJxrflWQ", "fans": 0, "average_stars": 1.92, "compliment_hot": 0, "compliment_more": 0, "compliment_profile": 0, "compliment_cute": 0, "compliment_list": 0, "compliment_note": 0, "compliment_plain": 0, "compliment_cool": 0, "compliment_funny": 0, "compliment_writer": 0, "compliment_photos": 0}
