{"business_id": "U_ihDw5JhfmSKBUUkpEQqw", "name": "McDonald's", "address": "3850 Sheppard Avenue E", "city": "Agincourt", "state": "ON", "postal_code": "M1T 3L4", "latitude": 43.784517, "longitude": -79.291325, "stars": 2.5, "review_count": 5, "is_open": 1, "attributes": {"GoodForMeal": "{'dessert': False, 'latenight': False, 'lunch': False, 'dinner': False, 'brunch': False, 'breakfast': True}", "Ambience": "None", "Caters": "False", "OutdoorSeating": "False", "RestaurantsAttire": "u'casual'", "BikeParking": "True", "WiFi": "u'free'", "GoodForKids": "True", "NoiseLevel": "u'very_loud'", "RestaurantsTakeOut": "True", "HasTV": "False", "BusinessParking": "None", "Alcohol": "u'none'", "RestaurantsGoodForGroups": "True", "RestaurantsPriceRange2": "1", "RestaurantsReservations": "False", "RestaurantsDelivery": "False"}, "categories": "Burgers, Restaurants, Fast Food", "hours": {"Monday": "7:0-11:0", "Tuesday": "7:0-11:0", "Wednesday": "7:0-11:0", "Thursday": "7:0-11:0", "Friday": "7:0-11:0", "Saturday": "7:0-11:0", "Sunday": "7:0-11:0"}}
{"business_id": "LixFCMGKdptI8WRsjAl5cQ", "name": "McDonald's", "address": "2936 Finch Avenue E", "city": "AGINCOURT", "state": "ON", "postal_code": "M1W 2T4", "latitude": 43.7943048, "longitude": -79.3299954, "stars": 2.0, "review_count": 7, "is_open": 1, "attributes": {"HasTV": "True", "RestaurantsGoodForGroups": "True", "RestaurantsAttire": "'casual'", "BikeParking": "True", "Ambience": "{'romantic': False, 'intimate': False, 'classy': False, 'hipster': False, 'divey': False, 'touristy': False, 'trendy': False, 'upscale': False, 'casual': False}", "WiFi": "'free'", "RestaurantsReservations": "False", "Caters": "False", "GoodForKids": "True", "RestaurantsTakeOut": "True", "Alcohol": "'none'", "BusinessParking": "{'garage': False, 'street': False, 'validated': False, 'lot': False, 'valet': False}", "OutdoorSeating": "False", "NoiseLevel": "'loud'", "RestaurantsPriceRange2": "1", "RestaurantsDelivery": "False"}, "categories": "Fast Food, Restaurants, Burgers", "hours": {"Monday": "0:0-0:0", "Tuesday": "0:0-0:0", "Wednesday": "0:0-0:0", "Thursday": "0:0-0:0", "Friday": "0:0-0:0", "Saturday": "0:0-0:0", "Sunday": "0:0-0:0"}}
