{"user_id": "KBVL9aPlcLVwqyFQ__EeIA", "business_id": "LixFCMGKdptI8WRsjAl5cQ", "text": "Go on off lunch hours. It can get packed otherwise.", "date": "2015-01-28 05:03:14", "compliment_count": 0}
{"user_id": "BsARs-RfJUj5r-TaVxUVVw", "business_id": "LixFCMGKdptI8WRsjAl5cQ", "text": "$ 1 drinks all summer long!", "date": "2013-05-26 06:37:28", "compliment_count": 0}
{"user_id": "mLeMygUVo3j-RgP5XJQi8Q", "business_id": "LixFCMGKdptI8WRsjAl5cQ", "text": "Wifi doesn't work", "date": "2014-06-16 06:57:04", "compliment_count": 0}
{"user_id": "EisUuXVeVJN_FcFiE-tqwA", "business_id": "LixFCMGKdptI8WRsjAl5cQ", "text": "There are no power plugs anywhere for charging. Come prepared", "date": "2016-06-03 03:14:01", "compliment_count": 0}
{"user_id": "sn2p_WGpxu_cKUa8nEolgw", "business_id": "U_ihDw5JhfmSKBUUkpEQqw", "text": "They have fresh stuff. Atleast everytime i went there i got fresh burger and fries.", "date": "2014-02-26 04:49:06", "compliment_count": 0}
{"user_id": "qEVzzrg5tjnmZlYmSFTCSg", "business_id": "LixFCMGKdptI8WRsjAl5cQ", "text": "No drive through and give the coffee a chance", "date": "2014-05-14 19:04:39", "compliment_count": 0}
{"user_id": "bJTKxBIvb_AR8d4SuLPV8g", "business_id": "U_ihDw5JhfmSKBUUkpEQqw", "text": "It's now  mcafe location", "date": "2015-03-23 16:29:11", "compliment_count": 0}
