{"user_id": "KBVL9aPlcLVwqyFQ__EeIA", "name": "Kenny", "review_count": 94, "yelping_since": "2011-09-19 15:08:14", "useful": 214, "funny": 71, "cool": 105, "elite": "2015,2016,2017", "friends": "uQDKVZehCy0z71br0VBSVg, yVI5J7NGd_WtavM20dBBQw, oe1g62z_jUJnUcHFi3FqYg, nD5bURo2YvB5S6A7T1H5Gw, W2vqH3QnYy4gYcda0fiqcg, O8jv78PBtLHrvqoBNF0v9A, qHfky0IVMG5Lj7E4IoDswQ, R-xGsTpwlwuOe_vAbg_aeA, -In9MsN-XludFfBQmjXwTQ, gh7RO6jWEgROAm_3j6h4aQ, RU216NPxIKBQ7fywd7eaRg, B4GZ3kX1TpxJUCkpPqYqng, GXYc8Kc6Em1OEbPlAwCL1w, THrJZEsPll7aIrXH6PGk6w, 9UM_fZJfl8V5BWMU1ImlWQ, DFzs85LXiL3xNfzuaFAEOQ, Hci2c0qo98CO-Pv-VmV7gg, C1AUww2PFRRmbQK2IwqEMg, 8M4wclSRO-a21lDd66XlTQ, GR_y_Rsz-4WjCUzdj973RQ, jsPWBtGTB0_jm-IW0y1KWw, WXlxViTwXHPBvhioljN9PQ, 8EMxc1vnsLJG3bJuARMItg, KYV3TpJiJB2LGN9umfmsHg, SDclV3TTWDu2Itb3f81jLg, by9baOQ7GLiFENZe5qMXOw, H3tbSSoX5FbCyKxl4Fu6gA, aF8OCnNhhbQoZcKcbvXdfw, WVTxk0-DxPKJ7TckvUx_dA, bCLqNCdhUdsmTj9Braespg, Xu0TH002Pn7L5VRg_3lrmA, eTqkngyxFIIoLKm1hq50bg, nU13XDhwVSNUERaPg3x6kg, _A8CO1V40LPIkXqE-LTYTg, XrYTMhY9YJvzX2pMepIz7A, c1nxcvSI8wDjkij3hOutzw, 6l0uXKSp04vXjH3M7WFR2Q, K5wryiIzjJahEaUpL7bGtw, HUB3_9VL6tx-htOpnPXSHg, EiP1OFgs-XGcKZux0OKWIA, FVJL32C2GW15B1xxlHsqlw, 4TVcAVhnypLekIauJyb4OA, f0VRJ4CYW55bvwtrBZZ48w, YxrQ5MI4AMkcvkOEw3j5VQ, 7KlKHdsrKVwPAWuFJYXpwQ, IAAI0zdD3ny3NdCmB5KGhA, 5yGLBWPpMFZpjJooUTUvSA, nefYrZL3vAdTd9SBPf8kPg, S7Cs1wTBkkim20OinXDy4A, Ua1TLAgsRe3LA9yjA5g4qA, 5pLgV9XEWAiIHbBt4-r-qw, bR_iIHPpv1FlZjmWobKIvw, nkSf1NKWFGiAyrnCa-A5UA, wky4BZxCELi4PZcvb11qYQ, pfNCguf7wUf3JoPM8LT2hg, c-cEuur8SLFlNpu3X3Du5g, CXZgxjrwnBC25H-figytMQ, TTsmgnmKlsv0fa9CPNvfcg, iMsC_K8H3tst6E3AFT236w, AvGKAzOeriemqmuGYWNuLQ, MylxjEKiTeaWb-GAaPA-zA, CA1N8B5ZkSiUJeOXYcWImg, EisUuXVeVJN_FcFiE-tqwA, HenS2umVrMcyOWA99A7dBw, jsEzCXrpP4jiHVLiAmCwdA, xxrThVf_tNS_Jq0275-DVg, 5bsBNYxwHJRzzBKmkZ12KQ, 58G0feTTHb7rcK7OCscUIQ, y1ZxiCnd_8O0yF4aN4qxiQ, qLq9eedYCLaXjcy2XfZQcQ, 5LOnYzbBXxQrea7En2EhgA, 7hAhYoMPjHnxKCz6MQ95Bg, 8zXgNCkusOHMwh5Tj_8yCQ, tOzTi_wIS2Gajy90pscoMw, Fnl445En362D3_cyTcbJIQ, Bs16eIP4Wj34pof8hka0wA, HxgbvA05jmRxKyJSq4ZmrA, DwXlVdTgM59p7QbaTU84Kw, d_hn1iMN2b2QhRkTTWRfpQ, xEajChTkzWIYTMLkYNoIIw, PslWD005xCICaFYOLje7bw, 06TjiB7kFn_XnlhxkiEKwQ, TX5kwQLpKUDvNf4mfdaH3Q, s5pnkBoiAgYJeEYSLhTX_Q, eRcw_UAxjwU8OBE8cP5q1g, 1po_dDPQOKC1QzqpagyC7g, 1tVRQliYQ_Xw4YGy52njwg, ZBllYKrFzaI0I7v6Wl26Wg, qJwbuBTjRwkP35vCrSW8LQ, KC6RQlajTSBY-VrZeme2hA, aAOB02BBeXLnQfWPoKTLcw, B5HBzx4BtHBaZ23qj_69QA, TvenTNXyYtMNtED0i2tXfA, kxn-HtLu6QlxmB5x7tdzcA, VCkUyw2HpE39570bqwKsaw, 6z8zJY4G2CaxLFSvRozBvQ, TwpFapxGnZwY9jFy0WjLJw, yLW9qGqQF48TEHWYlu-Hwg, 6eCgSb66TE1LeiWPPBPnTg, DLJCKzrR8g_WXGh0RbbEeA, xmHTC3mvhdXvMGvczCSimw, ir6XxVsuuV-WTK4nrS8lbw, q95u2FJu4KvTKEWkaFMmuQ, 3uWCWMWcrn8YSH_qBvlr6w, kCnJ_24Kl9vc3WDNyOCljA, 8Rn8cddMRkHCJVTEeOrG4w, PIG12rx9hiH4xf9_KBMj4Q, MHn01HpwdCeaN3NbOVp0HA, pAknh-nZcY3C5f5BUTHTEQ, l5szlQMQ1xp5gwX--qtcgA, Zd3wzNdevk15CwMIJdbjZw, U6cZ-opbsL2z7cd80hk8jA, L2QfL9m2TOqJLlGZA5M59A, OmBHPdD3UhTeO3UHq6kBjA, XMXkpppmCAKMD5aCQJ9CJA, U5YQX_vMl_xQy8EQDqlNQQ, GPsJAmqWfsYUF7zkUsxPxA, rTRSHcHH54ACiQSk9V4Twg, Ic48xSpFI6L9-0J4k6oaVQ, y6suoC4zUG3GzhULj1WcMg, PcWAfgDwLP2raBgHnAl5lQ, OqEXqtc6wkPE4IiFEck9RA, j8n9kRvVrB34E3ksZD4RPg, Tjv5bBtJ-Z_CLiY-rheG2g, Lf2xdMOPrV4GpfABV-Rsrw, PaXfi2uGieoCQniGGSBDWA, 5obc4jMh_s0qrKY2rGJpxQ, 6qFNGWWKDHqkFhXkfh-dgw, cB1PpNWe3DKJr9ysf3ATJQ, 9AIHJS4PUEFenVNt0dJBag, 8rExVI_Te8ZWi6t7tbPy_g, 8Ho76SmTaoPGN1yvaBNrtg, h3IrRmHVl7T-7ii4wLmzUA, IHPUtMO1Iyr-q4gJ4TBsRQ, hUTnmW9QkmnjzQlpcV-4Ew, MLN5odHK2s-dvmYXo0vf_A, 5qVLDHFrI-hpjb0MebLjYA, w-bVY-dhpvnNs8W3BTTgAA, SGNb_PGGjw-yIsDBlERZZw, xXyZPAbfQzYTCig7jnZO0A, -ngKtxn2tB_c3fnNouRM5A, u9ps60AkkW62rimOHGLdbA, mtNbjoyTSP9ETJu1mPOC9Q, 1fNQRju9gmoCEvbPQBSo7w, lJEbBcOR4pySsjaQIoIoRg, y3BUu6765dE3vUmJgnkGxw, N1V9MYIlqGQFrZa-Fp9M-Q, 6Q_daZjAbQ4WLtI6XpwrlQ, L_OxAt1gt9l1gokgGoW7Sg, CWHI-Fzd5L9AQMcU458IHg, 0gtEsazPeHr5rj2IAsZePg, UZPycrVJ2eOXfcuYC0D4cQ, OubHWdtZsu5Ica5bEZlc3w, 1-fmxRGedcwBXZxNGYRa7g, ZLigMWBOWy4hGETKnILtnw, CxDOIDnH8gp9KXzpBHJYXw, eo775Ge7MXWqqHpOBDI5IQ, Wm3KWBXmG6BQqMd_aCIoVg, ntuYgYgQEMj2-skkch2qQw, S8HIOziA2iGj6oZ3l_yd9g, FWZ5ZrjvUaP9YNBbl2GaXA, wL76zLQe3akVdZ73lofZrA, eY6TPklHTeOaQt9F8a_SGQ, CfGCj80EdA-xS-mTWlAn4Q, CHTUT34Me4L9SMRy0KLZ_w, 9sv4lPr5owwLRzJPKkn6Vw, NzlqN1Ca9SW5z780thoiAg, XNbrAATnVNAg1eTjMjn-pA, iIBYHbuDVgOpGyZ2XTEBNA, gwIqbXEXijQNgdESVc07hg, CC1gBHFPIJz06ds7LN2F0w, ZBsTJEyJWNKPok2eXXD98w, rYw-Q_5o8cxyai9rrnl7Jg, 87MesQgdhmZfb86AocfkQQ, gael6a9Gcjj6UywxlzNPiA, 26cUii2Mbr1yFgwZ1sIFEw, orh0HRUNCWuQMt9Iia_osg, kbke6K1pZZZuR3axczTUjw, USFcb3SwZswP3laXSq6avw, 5snWEoA7Qsu-H7nY4aTpAQ, Z409JSPUMDlpIAtA92o3rQ, R6NNz2Zb2yqpRWJNKIWldg, VI3WYpyaWGj-jtz3CkMP2Q, g-Lo19SnvVmKjeTTfjZi0g, uv1bBNQ7Zb-93WDDEwZEvQ, hwo2-3ulKGYTV93E1U4E1A, p4Sa6Yutm3j3boI-ylG0KQ, HRXCDZeC7_a5rOCnwTftWg, P5OfrGFDCmrWOY9LcjfT8w, 4bxhIKz9ePWqD93UkEjnbg, jlu4CztcSxrKx56ba1a5AQ, z29EHHQsxUDXKYxqn0rybg, SAdffUxscHOEygtbQqREIA, lzvTjnlt5fs5EWiS9WZ1-Q, aZvNQg3zSF7sPHMJvSTOpw, wL1-nb9MQrJFQXqpZsO5mg, x4TwK62HyLeO56zGsSN0yw, MUTKPdivWB4OPpnv3STjGA, YJLlvBPtvB8iJg8_WKxVzQ, CEMoKr7uvqgJb8Mw9R6sdQ, cOhKXszEeOB1YqX_-KiSoA, JesJ-LaNfr3pKhL7gWhDrw, ssIZcXson5-C6KzBYlJrZQ, 0IwZb1ePNpSVYcCdMtGoQw, KcA53Oqh-LzfESJD8ZxBog, oJ0DxrOvW5EhclB57WhdZw, jY4LnRzeoCTOcX4iyJoqAQ, 2bbqRC9dFWAQaeeXfTcxtQ, DBHCFW3mSmmOEpONHVu1rQ, Q0DH5WigTWHN262T2zZfYw, S10Q9h_W-MKyog8IdcCNCQ, QLVnh0t3KTD4qNyUc0PDAw, pn_flI3EBNugBEYFp9okxQ, bKAPpkAsxV4Y7-slkdPSbw, bbk_lvObdUJJqNWZ8IK-6Q, g9MYC0QTNPPmbIdrtdan9A, ukkRTJLkQTx95fCalVn6BA, QCFG_L8X0MtN-XkzCmLdcg, IXJdt3wTXrw4P6y8BDE8TA, EjivzO1K8IJP8qCkX9U3qA, Yi3GMgZvyy62wuY9rPF8ZQ, qCh91okYV6F5PsZ38xq19w, V0_02Dy8Um3Jw-oNRrTLJw, 2v-1FL6gNSxjcUlre_Jnow, MFnXQb1R1IGLL_-W4oflJw, P2E31XC7SP4v_3hXC2o0Xw, R_evEjQUmtzNalScjk2_Zg, AEcFEo11aEtiGf9_-5FBoA, mXMVfThnmi6dnKq9NlC2ug, jqFdVLWIAuZ4olXcDAkXkQ, iBBLkWtXWzOUUjhT7IqUBA, nUN2FOWj4G3ZmyCeDkq-FA, dLIZA2qTduHw69TDAEHUWQ, NMDmoX5sh97PTzz9HcSC8w, RSG0TMGYeTp5IZuw8Ybhhw, NwVyki35xOcaxhMzHNtHDQ, _3WlbW1RkJmyKMMqLPYorA, i6ZDJFeypkj6kCvSFjMbyg, 6tGvcU8xU7Mzmv4VVEIgCw, mOVyk3O18VY5nrUMTZgM1w, _zvoOUAMWrNQyuqmepcKeg, rnjDbdg_lByHGWw-yfWB3Q, zE49S2Em3l7vgIlvFzZFOw, PTcKYk_qU-WzbQjraE3TgQ, 1g8GzzONkNjDR3_78Bf90g, i7mBC7m7k2FLrdVUx0UqUg, 5HkXGkqPoDqFk60UUb5NRA, xYciRtVZ1PW4IxSX4oJ1aw, oxuFxa8pmIQBtNBjqc31iA, Z09rco1enQXNCd9H0u7kvg, wQCb7mjJmTafbnW1y128rw, KHR6p9KJ79De-ilLI9yb2w, 3m-YWnaFvUOBDambLDC7vw, SsOiVav4V5_NjTl21Lj92w, m7z-tX6XDZ27xGhGjnI21w, Ufw2jb2JCJELgCkxG5YdSQ, OiRnzvW40RQ6tqcgk4jv1Q, ZYu9vVywiF5np-n2eV3JJQ, dvqQ6hYwrblg0VotcIfAnQ, FMA1_D8JzrGq2EQvCM8P0w, IU2DG8wdlvhLJwl88NPCUw, -vGDE0DGVHdIvUL8FAH37g, EWLDXJ2e-B6NSDraJGyt9g, HyXK2GNR9i4SWpLQGOqQYQ, jkVaPj3MIS69-OcfX0c_CQ, 2vJ2e51kdbdAmAo_HTr4KQ, gxXlHqih5KDqjcalHeiItg, jnsd_65W2v8OTQ3szS0hYw, dmLORF2j6yRqc6Mf8ZqmEw, 7_RaCe5zzPBYWm9znlffUA, JPGhZJt7qWkjD1CoCnSftQ, G6Uip_QNP7UG0uk5IkkJ1A, 6h2NNs9o_CzNUhxJH4WHyw, H3opBcOLJnuJCzcHQgZMjA, ySYy230BGNe7Aa7ayAJiJQ, 1mWig_Kq2rxkmcGvOfpE6A, X4FlbqinfezlvhLFSZoeXA, i_S_A1DrL8HVvZj4U0fJ0Q, zMpUKj12WzGwO62bWbzR5w, jhJkabt0tHlcFH0W9FqIcg, QZzYd0ax8CvKHU1RGQCnUw, -ga7pQvnJcMB1_pIapHQRQ, EiwxlbR8fb68lMgEXhcWKA, FSlg8LDV1m5yOotU87kw_w, oc-ASRy6jeuPQeZxfOV4Ug, SYNKd6mzw-vBJpw8GHWj2A, Oyf-31EDTFuczBTp6LdL9Q, Tc3GAQdAfOW542ROdyCZPg, 0dYKgUz-v_RYZQxFfheMyw, osbRACpH9iP-n4PZivyUaQ, eEgeuz6Gg12HZkFZTfbb8A, 0nfxmMVBZU4B8NE9OIVobQ, J7uBxfVLSjsVbzESkHmPFg, vWZbYMFteqB85HlMCA5GMw, sAmkMgCbt_jMAjGl3U4dYA, 1VWyjMGNt-rxrnnlTYC2zg, SeoBW9qGT4z35TBhapkTwA, I_3AUfSj6nXecO1xivgWLQ, Au2x3TAtO69vssNJYzGSWg, HRZOueeHOyNGIBjDSq8jwg, J7ubdQuwasqfHUh8Bwa0hg, nJLtYgyxJNdSyu7sd7N9qw, _1UbhUyIKUxBV3pKwPCB9Q, DuoBTfKNM67965BcrlYBYg, qk8A9yNBKkwue2i96zHfMQ, ECBcrmKdi1DJBZDiNFdoVw, xDed_RrQv7xuwOp9hESt9Q, Nq6e5N8bjgD9B46O4va_zA, sFdtRNYf0lLU9QQsam1Vmg, 7oLjSIjy1ajhzrswMGVnFg, bf8z35FTfAUWwd0oDGiquA, cSNER_qF_bb1t7kN0kZ44Q, -d2daWmftYumOaYpbD5D8Q, fM9LC2P8jQrQGGsXKccLQw, 6ay4KG1Ku_FJwxWVFV1hLQ, zKSiU2IGnvBCxhfyGMJsTg, rI9PeQ1y6RwKFd2r65DkTA, peVsgFj0qa8SErmzIDM0lg, E8OePk1xwajGXLjFtzsucA, QPJJohtGqkMkaN0Gt3TRIg, fOjB3SxtD31u667h1vGASA, II_Zh937j3a6_AVBBqI56g, vKJ3bd6tJE0VsXlKtOPcZA, J5TFWSVJV7YKzQd7e6wPiQ, 6VWcSinzrX70zwLf1vopHQ, nBej4OQGu6XPFQ2UJyRDug, QozLnf7sjzQ0IRzEAsepKQ, QxBIfPH-0JoOPpBKVQg8Bw, dOGCIC__6E_Mvra8JxnYOw, KgJdBWS3ReP6TVhYWJRKmg, QQZuDyn79ciJCig5s6hmxw, 5T9s-OoBzOKmlACvf2s9fw, mCun59xtQ_u8tq7iiI--_Q, uQSnFzTJWZoPQbm_yn6PgA, ujK32Lo3tdYg7vmTHwqLUw, MBYyuQntKeNuMkzkHHgUIQ, 8HCEPF0IflyB690Q745fKg, 7pSFUKPsbaC3qZ11TuLiAQ, kMBBSayXN5tlY-xL_REm9g, rhweBkZziDKEYSzVqs4K9A, xOvISkZDWK9M8maRVl1NHA, 8P2LkzPGV4ID_fE7gJGKGg, Iu55D7RAAW8TACA3lN0w8Q, mWGwoZTvtQP1K-OcvaPnaw, sxBKC2jELQe1HaZ7ABevkw, 2XDb0aPZFKNxnrsBnc5Vxw, He6c160Ngx81maTfzxYARw, enWrFtQxO2YlG2pA2opAbw, Dt4bzEcDdj_mdxL1uhDo5Q, UXpTrzITc0yg08sXftsa-w, kB9QPxar7HLKIpK7qeMnFA, ZIQSiu6MbC1Fc6xoycUaWQ, jbiI4WJrvhE0ia0mEKvz-g, P7EV3yrn1PLHDBX6rF6qIg, oXvYpri1ofscaiEqmCjknA, 6O1Dj2lDNdmzxwKIbWGK3Q, n2WdvOLYvMHQJxPD8rpZYg, xDtrecOuYEga6v49EEILcg, sg2o0WxAtvzKcRFYU-wSDQ, 7FFFrcK7doq97ejuVZZ0Yg, 0xRAAStEi_dBFLD-1xSMHQ, uHp54r1vc1jPVHm3tgjBhA, rGi58WvjTRaFLZdiLB6_IQ, uSf4foMtjQI7G83XWKy0og, 0oE9H-4YROwBd22KXpNaGg, CQ67NJigSe5-uBDX3b_CUw, SuOLY03LW5ZcnynKhbTydA, u3oZc0texIYrDZwpq48MQw, 2C7ZPk7LxBdeA2wIcreP5A, HA4KqFmrY7gzBXzAhmS2bg, H05nHg-VYWGR9rt7UlwF7Q, NxYfc3lNDCnAMX_Dknb7Sw, ljdo6-BZlywsF5RiGd5e5A, C3aIEUOx-vrHAeGVDnMAjg, uoU05nhzkcA5yOVskH4fhA, O39xJL_Q-YcZB9eX5fFwNA, yTjQlUo9JFWkDUMaJc2iFQ, DoUEOgllx0VTLCn5uyciOA, AvunwFJCSA6VEn7CsmQPyw, wxaAnhOsEpXj-kK7qBdMSA, UC27mopi9fL9lVoSyonwSQ, vBcXjjVkqzihX6iPAK6o5Q, ngBDdwtpgtfFc9LNQT2Lzg, ZiYaD26hvB_azy71PNSu1w, XNs2G2K0LFMmaP1ceUZQfA, aZN0F-hDt67NdnNKlfJwWg, TS12_4YZVXeC0xATN7EEiw, XzwvDEC0nPk1Z9hxV-NdJA, rLdHWLhkBE9_oLncl9InuA, EyVtVVwWmijNMJqBGQlv3Q, zsJFjhBQEFQ6gJ7BsNM_Ug, X12ACTgVYCp9nkLVeq-59g, zlIRxZge5oPtrITMoqLR6A, ma6206bmu-a_Ja7Iv-yRCw, KmHtoogKhK-ID7FWGOPvag, jf0G73dG8eI0fZNN-_F1pA, _83fTnGepw0clt33qM0KsQ, zCnJQKvZgET4llBbJD1aiw, bIUNAzhCpp-VM3O3XocYIQ, DwxRKaf5rIHehDdp9PfxRg, m1TPD7NBUBpYxPFVniucTQ, 31ChFISnVMNGXxCEhiPQBQ, qWOarY5fsrVi2zdWmk30QA, L5Fxew9R97Rcd3QfhBHj-A, MSnpfQEnD-7-pTS5yqylZQ, jGuI5eP2vp5_uHYbXBHqwQ, XzZ2ftLgS7ArQX8vH6-qUw, YttDgOC9AlM4HcAlDsbB2A, mFwRTTDW0Yr-rFkTF2cFsw, vjUyD8NE4zjYgQvtPLG7dg, cSeFpiawBRXHBU4LmlxwDw, gSO_NFz9zJaddMbldkfOfw, s1XTZINUXibQEfbCvRKBMg, z80IcKr-uaGC1xILZt3ipg, i8A3MWU33_mtMu3LUMlnWQ, mj22XHVEWOe-mRh7GFuD9Q, Wgo0BttsZfO_d8QyDmlbzw, Vc4QSYKAOf8NXriGXo919Q, JjXuiru1_ONzDkYVrHN0aw, eRDWzHCldd6YXypRECvHYg, oPVY6-CJt2EI335lKWwxmg, SkpCulULgiBfLc4lV8vx2g, Z7BJrVkRgch_XRxCcx8spg, KvNTqEG5tUDyrhX4o7NENQ, _oCiEDUZqu91P0Tzdl_wMA, aFwa2mUUFaNzoOJ5CtOyGg, 7OURjtceW40mhpRX9P2dDg, 3BxHoPcHUQCYAh4X7zFR-w, m66FgLj6BdkZoogThZ46Xw, rO6-PelmF7vtBpWCAO_hew, zYp4lB4JQ1AsxLKKleYpKA, 0afiw9Y5yO-yEfdynweShA, -3Kq9ssSot4QizbPYO6ZQQ, oIFs1aRUpBotap0NADmK2w, Jt1zgNmwz_jheOSmEsljPQ, pQVxah1wtzR2U2munUTdtA, bJTKxBIvb_AR8d4SuLPV8g, tE0aznXzQo-JRbHHHoFmfw, Sti2tKaihhr4oBEuEYkfLg, bUqLOVMd-EA9yqiXa4N03A, GBUjDchCyoNV6GE-Fml8Ug, g-y4Me4bqDz8jwFzX_e17w, jwctwzboGhQmtC50Juxa9A, keLUgL_4y60BkppiAsIk8Q, uHCvH7v9aUEnNou06-OZrw, C1xXm0K1Uo3cM1DxvQDd7A, 3jpbX4menKw1Zj9WVp6S9A, v-_wEl7yiX_MkmIqPq2BLQ, 0l27iQojNiWWaArNxdC9PA, LoLmkPhGZr-2FlWSUCE-Kg, aMR4zRIX1pcA4kIhN6nwMw, 5sH6Rcahm4R0CdXfSIdOOA, MF-4u5xl0MoAvSdLf6tK7w, dY_fCC38PbNE3mVwXL7Vdw, aCpAVyJPLN-4AfL9GIz0mA, 7bAnU8PIEmAV_tUeaIdCaw, HAA5QFzaDwn867QNG5DIuw, V4TPbscN8JsFbEFiwOVBKw, maiMhuGMpDfh1MyyhAcgOQ, 6Y44h_B4gQvp_2sR2N3f-g, sWKaLjpYG6VABf23CXDhyA, zN7UEYPQwUQdDULm_pDWdQ, rj-_NBuCDKtGtuqKEAtiZQ, b_hOVL43ocK8Shn91hdlHQ, QlRsVCCytArycuuKSyUBLg, hTZb1INhnCG8URaFywVoYQ, OIVAJo8QryN-bJOjOvxkVQ, bLbSNkLggFnqwNNzzq-Ijw, oqOd-BdSCHGirleO3UwLjA, Q9mA60HnY87C1TW5kjAZ6Q, 6qTeyUICmCWl8H5woPRhpQ, nKN5dlEOvHAZ5cvvMCIfKQ, Lsj0KFXTrXl9wjT1myIG1Q, XYlopcztSQVRQ5VQbC1iGw, 4pmNxufbrzc5u8MwNdRyuw, LBFEzFA5aj5Yj8rer8NDBQ, YcbvMpVS0y5-jA1usD0BQQ, rPjsFBUQ7ziznFpnddlNrQ, _iBliY4plQYZjHj8FCMvjA, JLvoH5EfNResDJBeQUIqCA, xPy0EW4HE3XQQ7EE9-oWuQ, _LPbcA2JqIQs4xXuzSfMEA, JDwWpPAaKiLpwGVjsvxAHA, zZSXs90-sXaYa6Axing0Iw, -RCD8F7qbsLfzT3k1HtMxg, pSzBgc61VoY_89K4dReuew, _PuWIjyivzP4-Qxg4jRRfw, hRjwJPIz6s74SjNBFVcS-A, nyl_1VcRIAyI55bb_scpdw, jsPUvVv7ymh1Bs0Q9fLimA, INlYC9tjar1FukoLNKbUIg, MkFySOILZ4yhADa-0tZWZw, BQKvXYu_rZUZTX9tcvf5KQ, L7XYFCErnKOfIxAM4HalSg, buv4fFmsJhDfFWvOgUWxtw, GkSc8kWWbigUL_V5Q12GrA, yJAqpHSqOrxzUNCCF___PQ, sbDkK9mRKK0EiCPZr-VR5g, XVOhcZQ0Nvuyh14qy8E8yg, j36Y71O5L_BB8Et6auXFpg, GknVK_P2BTj898LM6Voe8A, qe_Yiq-Gm60TA9cK0VfbiA, Du_IfiiJLU0ReeRetapkzA, xhotIMBE-znxcma3CyIvKA, C7lXOTSLUAHG3gkG_Q_39w, MOKG02vMLnzChSJKcx_ysw, K68N0xASg24BfL8CUUX40A, 2AxoUMKy4fM-WikXbIPcmA, OucFS92pVsGBwzELoBnWvA, e58-Wppu-QDKLlwwhMChLg, ut0awwM0M_p19FR88H92RA, wxtkuHEUWbl74H11s7ZweA, GjkUI0QU6o1cSb3UUWQlHQ, 6GFD4koqruqlLNHEwHAa2A, SeD4Y7F3HGc1ECuqhMhmCA, HXwYfDela9nGww_Vc1YxFw, xd5wK6B3dt0X-rJZ18JvZg, 2oMkzQcRL7-d7URt3Xo_Xg, hTiMANgiIZP8Fy2wvGEJHg, mrru6hbeQLvagU4vkfuqmw, oO-lakGJZ3KHI2jxAECw5w, fiAZB5jSD_JMoq_BZbQoQw, b_bfdrTef3c765IsOu1hHQ, KAapQQpTr_UbCr8AKR_-sQ, 6btMczuTVuoJnmarbkWP_A, Ndl-9Adf8SBSnUhMt2MfoA, z4OXFh83621EDM7L0eH5ww, 09BJpVP_xfzShhhdoYj-HQ, BOijsp9rwVGS4ScmOMf9bg, oCo0M4JEat0-x7o5MwnYvg, 2YPh7_8xFms4qJyniv8N2Q, WeVkkF5L39888IPPlRhNpg, jm_efW5Isw079jHupBQO8w, k58KNO8Rya-q8njKq8-uBQ, CQj0TIfYuAaJJMB__UlCMQ, IFFnqNHf_YUjopsYvueFWw, MA9h0fmKxMeYRhkVb2c8xw, IgqZZnftDbKF3XMgTdfFxw, 5KbjwPRUejPfYWDEtJHmxg, gBMEoKL6F2E0eTuVfmmn5A, VVm-TFCpi9M1-k8ED0l1eA, bz3Reh0S84qJjAAB_hpl3A, ZmbNKs87g0ZQzBMj9nWwhQ, KBh4r16e9Grc1HI9pG4wTg, TwilnpgwW43r9-O2AS4PDQ, uHZr3XbjKvRTwdXLXrFuvg, TZoVHYCF-yF23_m_XzbjDg, NGH1dCL6ZPioOVZWiFRI0A, iiwzRZhiPKctOqEfhKtr7w, H-utr0d6Gvz3wSvkxoFIUA, dEDId4Rp2JpblIfYIoH00w, wmGRAPjKQFf3SuCub6wikA, IdAiDhcZ0USJit6c8GE5eg, n7oHpl11EoEMxGKO-XxRow, N6FDcxseoYGUoUisrlA3Tg, OZWskTOKCWvYejhu63gFmQ, CmahoXBP17HudYGYt2Brdg, GOVP7KM1mVexOWuzP7Epmg, vbvGTfxCNPU0Owja1h-_MQ, eKLrhchyOJ2dUXgVhKKhpw, 3P-iv16-QhM1UmYcLUfl-Q, 4MPVjqw7J-BvoDqzN1nhrg, 9VH6Ul2YvmfkLEWotut6Bg, VMzyWm65o8wtATeqjkCPcA, 63piFMwBkCVQEcnSn3RjMg, UZHluUg7eJr6dW8_70erPg, xecuSgvqSEQ9Fee_zk6WDw, eH4YIZ1Ptz00HXyORrhrWQ, Op_bR45UqghSa-IDr6gFsA, Nvpx9fUIAB3oddqgRLEPfg, SCPsrpbVTdl3jsXU4foRkg, KS5EORjl5gi3a5u_93V8-g, R9xFsU_EqLQtjHD0GMqmSw, iF8oa1M5SGNU8Ai7RpUn5Q, deN8UVV0Bex-dbvCDeOktw, rQQstkCvGb4zoxefz_fkKQ, 2iF3tUMtgBknONKqqog-pw, 2zGh6QDSdiu7xfJ_IyRP4w, fAO0-08k2tnsSdktHOQLqQ, WhQKk8rZ1qcjqKBj1m_CzA, oyUbFYPwLWf3LEtR9-zqfw, WVF1gdyPbZv6TDlmTGcYbg, xJ19aWYBCe-6VROziD2s1Q, TibBhm-fbksozIDFD8wjPQ, TkAgUg_BMbBrR_zgNtaqWw, iJDRTzVYka9r1gohlqmsgQ, IBMI3FEp1qW_PbPlIsB2cA, SRq48LSN4SG77HRm6L0HMA, Fo7XsydK0p8eZiIL6whhXw, zRAxfcHWdjtWikpvUP2eEQ, Ncn7FCZr1YOPZK248R2_DA, Md4fwvXq59nC6mQhoP8b8g, Vqp0dpug9Db-kFHO3PkAaQ, pQ_ovl5BFTk8iS6fTFJvcw, lDtXjw6HWOxQT0owoM_1eA, 23kZi0r6ekLgI9K3MQb9kw, Pvc7EaGGTsi4eJGUTp8I9A, l1C2eJgC9WDfeZx8ubaQQw, 7j7qRFmV3wLX85U37RW_0w, 2fWpSOr_RiLrifln5ghtGw, kbB1FfCf1NsJN-PZAQ0xwQ, g1fpuLXaZri0yW7spXk4bg, zRHpUJADtLSLLU3_54gQGg, Ah9cTw7XP0QqBYOOc9S_qQ, ZBpOfE_hYC4SDUW6CWZ6RA, kXn_VzN0YKyNX-1dwpwDoA, b-R83s7LCLkhv4JDeAUOBQ, -jkKsDCCxXTAD0mkJFI4iA, 4KLhtx5foKij-ebFkuO7vQ, HsoeTR5hkIkUkmGwBMK1rA, omYTOVB-NEYOaWPOQcBNYw, 1TqwmnfIrx6sQLdj1J-RiQ, lfsrDrQYRlp3a-hyYLthNQ, BXArXggl8u2xnLI3seS0NQ", "fans": 10, "average_stars": 3.36, "compliment_hot": 8, "compliment_more": 4, "compliment_profile": 0, "compliment_cute": 0, "compliment_list": 0, "compliment_note": 18, "compliment_plain": 42, "compliment_cool": 25, "compliment_funny": 25, "compliment_writer": 15, "compliment_photos": 8}
{"user_id": "qEVzzrg5tjnmZlYmSFTCSg", "name": "Phil", "review_count": 139, "yelping_since": "2014-04-07 03:28:50", "useful": 236, "funny": 77, "cool": 79, "elite": "2014,2016,2017,2018", "friends": "B3cuyQJDL67nr_orEt3LPQ, lg6sQok5bRNsSKxiHvCczA, gwvvDptxC7peoTIo0i4WTw, pWjwQ_acYfGnPxu9y2KWOA, _KGvVcNMLwuLZMRT2yzXnA, a0NN7iUq9zqAtx6vFQmlcQ, d9kh8m6QyEkFk841aTaDUQ, DvjNrJSPSkfMoWm2iXRCyw, 7i6bqNBUhszwpUW_eHpa7w, 4EPqn-YAjGLyNfWa1N4XnA, prnJXxLKPDtGTu31N0LscA, YOB-jL6enD31Jj5z2gr-lQ, ju-Tiku2hSfiIwwXglIVgw, _4RcsWzQT88zrO8Vt_u_Ig, Et_S_YK4KlWRYG4usOqRKg, 1BWVJnVtYWOBrXZWgnkLig, _zbFLbuDsWhVYkVhwezMYw, hE9Qvs3hanP3SScSMYJV2A, bjYQhbJkLRpPu-Bk0o5pEg, F3zqe0AikJlK1a0s39EXlw, cLR4G3ocpRBOe6TZkZJ3ew, chHKub65ii9DfdNMU3fQWw, WrR9Bjq5iLPfV80mJmPeNw, 1VYbTgCICv_vI7Frg5B_Lg, fTR9nlcHU13UGOI2CtRhcw, oUTPvUoMhCXt9Sm7VKy3Rw, 4Xcazmd9RbkDdcn218joaw, bOcTWgkG72G3uMjiAgCfmQ, oisQE8RrfeE5gyr-mTjROQ, U7vho7KIDuDnpfZRjXf7_Q, fw4OMd8szJHnWuKGrJHYvg, 1tVRQliYQ_Xw4YGy52njwg, qxuJk8rRr2Fm7OphnzOkoQ, 54Gwjy2pvI-VPAX4Dq6J9w, UjftvbbiOh-FORQDb-LDtA, QJBGhqLr5W76N_YKcVXMbg, kOWtN9T9ToZItoinqmerFg, 7NoshXzi923njspdCU9kwg, __GnqqwjKtq00MUE4hOyVQ, T-P6tPbgD2tS6oCj3Qlwag, ZUNDjTpS9oiBetsRZSB2JQ, 35X9e15hMwF692PxBMQt5Q, glyCBM5Pw5XuYRZ_ny6LOQ, R2k0RfzoOxbjVhGazImC2w, 7vFRPGlalTKyz3zvS-Hc2A, RNBK_MBp7IsV7XV63GiEnA, 4MazwmlJZaBe1OaSCj3nAw, e4ef4B7Nc23d7Oi0b6wMeA, PFo2gXkcgjsHXvPjZfNlFQ, -8QoPJ2PpLmBUG0de70C_g, 2GwMWH8i-zzoMIV1ffFqCg, wSCvW8_mdXcTDZuiDgQmSg, Vu5vEMOpCiVMB_1OtCoy4A, XbPpTdgIwgee3ftEq2usog, E2zp223vcNeKvSVV9iQD-A, U9sRM0RiM40el0d8xl8ymQ, hNg85JIcG4IFJKh4_qOyIQ, uReja01D1gIZ0nQVQkgMtQ, He6c160Ngx81maTfzxYARw, W5v6pHBKWte_DFPV-VdfJw, zPayzHS7sEir3qpCzlAavQ, PREqdf1QgeAQBQQhphIVXQ, yoRLSINaCxz8sRPxLQAH2A, Rr617lBIeiAGwMwYM1O8Zw, 6RPoQIG2yMwGfTaZaWHOWw, KvWo6h9YowqWHyO2mURI2A, MY_w3hGyZIDpC-GdSAT8tQ, aOYI4396eG2Ago2wsc84TQ, GIeKqDeE_McmUG-G71r81Q, d5qqnuYjv8kjlrbweY5QWw, TREv7ZvHG0Kt3ftyNEtV6g, _okLlC5ngHtiq64OVmI3cQ, m-2OHy6aP26oefPIiiTocg, 03GuKpwLF3Vhs5GmvxbNxA, IAiY_pFUbMklyLfVjo4cWA, XsUHLtb7z8cLA3XnN3V34Q, x3UKR0IzrtymwMJAuQ8IeQ, czyDnFjKWU2AwMX4CAr6pA, xxpYwNUPZWHXGhFbYOVWnQ, eG7d2x0wzPw8hS6Iu3K5Kg, 2vyAZVUa89ANeKwfPq3-tQ, xWpiO_HZ5k8Ax7OqTiS7vQ, qKAtUfnSiMs4UY6KZBYEaQ, ZlPA8AUNYvLTae234H_mQw, rN6Vthr_lKBep_9jYHBfIA, i_KSdY2MIHQSZr3lL4o5Xg, E7pymgq8ikJCYt74u621iQ, DFil5RfVVnY6pb8snyD3Ow, 8FfyAdWTGrjJ2tr32YYZ3A, KB0H8vhbX86rFOXR9BVxrw, Znyf8B5Qawj_Zs7Vd6fwgg, Q9mA60HnY87C1TW5kjAZ6Q, 0o1tQiN5CZiL-U5ZF2wS3Q, ZnL3M6yelV4ILwc8nhLjqQ, JSkMGjX9QICtE2_ju6AU3Q, WmoexX065SV-4D7lW4sdIA, cLHD4XJtBcYAMy4StM7aCw, d7NhhHRkRmEg4K8KAbR5ag, N6FDcxseoYGUoUisrlA3Tg, xzPA15tz55MlVClgKCj8PQ, WuivvQfVI13ih4IewmUagQ, TqEVcRxbX-wmmfnlpr98HA, l56cmuWVcpfofXdGwkTPPQ, VEGzEo0tivQhvHI3JUm6Iw, 48-X_KMrgxr2aSPInVgPbQ, CVZkbDsPoaHjGp3jNZsW-w, hddO1yg-ApxopI_syLqNgw, AqQQiKDPSJcTIVsnOFNb9Q, mJkEC8CTeSVvNQ4TFAYIlQ, ZQdivwQfkXEeBUzrg4duQw, qMxqZ2rtgL2N5CNq6zV0nA, FGSqzNcrHxN3v0NUF41IGg, CHskPU-IQcT7qOMmZrdcmA, UlJuxj0kQlWvhdXnhDXFmw, EiJQ8uQuXeBLIbq3F_wm3g, de9j7-UzlltOCA_e-km01w, -zEjzh7h7MIIrq5m8Bwj8Q, O0v-MgyhGrxR5p_0T4HtVA, ReP_JaiiGzxk_Bm0alTBVw, 2yHVPf3obKxp66xzmfOZXg, CzmVY9-WOgwktdTo7OzKNA, dd_7ueedu_j6zl6CMabXEg, 3Mrwjhnu4BITK98pDQoNSg, Z3T0BZT-UNIeV2fATWWESA, siYTfwp6Cp3nsdfGKn47rw, QrpB84qr0n_H6KgurFcYYw, psPNcIYcKwZ8zOH3N6b7uw, EOESgZuIppPxSN_6kSFgsA, RykFPIhMWTqsg_cr6Z6AEA, izoxQIt-EZPpmUkdBvUTqw, i6ZTF30vPDx2kdSP8wG3KA, cRqJzxz-DTTY8zwcqYbKcw, 2F42DknNVWnc2quqheybVQ, g_FuUgdmydfO3T3z8rwaeg, FVztUpl31kDyxozETwhhbA, hw8blvgR2TYc5Z5IS4Q73Q, jExkoVLpJeB-yPI3tPi0yg, 7NMqEsBaWessuDhFspGpYg, -sgvDg_N1SArLuAy7eOdtA, 9YXTNeZ9_Q89qAHOCpsJ0A, sb9SQTOdFyNPC7QR6nKrzA, nWH0hyQ2JB_jd3MS9y7dLg, 27EFdQ1tBj4oV44GJegYsA, SRa-v0kG_N3-qo-DMDw9sQ, nqyZJE5hEGsAcoyiPdXdkg, ZSy74FRIGsXtHFJKs4fLsQ, Kz-jBgj3PtVyn7ZkSL1GvA, mupB_lKsaBWOAvkDkpFwNA, S1FNZMN3eEJjtZUrdB3mMg, NTgCBojzf55AwXOGhRzQ1w, wRdVGpnE9UYrQ7dc2JOPQg, Yma6qcw8nv_Oxl9sUBfb8g, dU7IihA1SuCt2ubLXhPqiA, 2_JpXzCMtmriBOLDSUR-BA, Bjdqqc-3M71z8Gbpt3lhYw, lHN4dRSxzoTJOifuYUn-aA, 7cKrGIfaazmu4YM0dLGnsA, Oj9OlXFrfNUItvFdflDVaQ, H8J6RrgiTmcw2mhW2CBm7g, 4KoXXe7wy0aaY8VZOUyuhw, hRnv_OAMBEQ0kY836nkt3g, rK4h3J5bQTdmEX68R4KhSA, EcVxtDpoU_KwYxXZWC4z_A, 8hFweg9sZMqYKI7NciwD_g, -flJBSnXjJl9NVYRsCGPCQ, 5VUz4FiSC_aIhLVw5xqzPw, Wp7Z_D2rMwPd3xucfIg7kg, 8rAM0KZRKuMUaAOuZFr0wQ, zEXpOj77DdEtOUJ6czAhgw, UpifShB-8kfIKoHlfLXj1w, GdC3uLGLl72hBDWZM-cqrA, vH5rawXA3KQCBXxAtzCpjA, 575ceikLdmmyl6VV0Dl3OQ, PSFkf_Bc1OuG6UVbTk6k1Q, 8DC4-zZfEGm5tyqsgdWcoQ, G8XfzCSi6_sLCpKHUafSgg, hIVfBibSnAvPPW01ojThoQ, LNUkPmDyhMElNYNiyKZYsQ, II3lemoiTMPNA4SZFdvRuQ, Nh9joXLr8Nm11f2UOvmRrw, Fkx6mWsATtN4W1J5l9dFvg, 10KtqUS3GWKKxOCjvqtoRQ, vvMf_cQ2WMgulP_9BigVxQ, FbAl-cPnFWFtPQ6onSsifA, sqb8EIxoOFWKXVh6CnpsGw, TFOWSENnhZum2TnZwhtnkg, NmrycuBdTqSnnixCVoODeA, etfawHosVQBFIdSiv49YkA, Rc0i0hBUTEgRk5xUsl-1tA, o5d-MskVmhS29Ky9JA_X0Q, yW4rlb9gPKP1Thc2qir1og, rrrCXdpo7gbdHhSvLiAn5w, VfKXXsVncETdVfaFUcaRWw, mnuU3y1CPzEz4pRtnctoLg, FTAOjASTzZ51UxHBuphVHg, z_RA02XTepeaYbU8bR9rtQ, -kNU6WaTUN2vietMoprrdg, zukm8pq_Yh9M6ads0_Hc1A, ujwJfZ6OIkn8hbVE_C5dDA, Cv6gYL6eUAgjRVRBOqz2tA, MhSL7B_4klKUdqLnNOYF7Q, iRMII719hOLpBYDH0zQ9Ig, AJbdP70X-CF5U7sAzzOZHg, MrgZDTcDBf8dmsjrCQNsaA, KUYM6neLDaBCio6cZ_ClXA, ZiNqhWMAVrkcsPbB_-feew, gv77wKhwefwB__FP-kcJyw, 7G3FZ6vUqQ0ERNnFnsyViQ, 9AfS56vL89BJ_uJKsZFJZQ, sd1gcb_53Dlfm5l2Vr69kA, JWEabc5Hz25qdb2PuG4lmw, dw8IOF-aAFUlr05M_vYiXg, X857pgud1PY7UuCia7bm_g, ILFF3xxlKRqziLpPKQo-TQ, x10U0L9wZmzoR1TMIux0Bg, nfRnZICasbkI7r9qjoQwDA, Jtk-p_AToyyYzv0gkVskXA, fjrhGoqS-nZJMFDGRBmo7A, jv53q5Amj0mtnMa4P-dP2w, l8_fdiRVODx3sxs4UWVG7Q, TuW_Ue3zhDI-Qut6I7NmsA, zRETmPkwm_Z37LYHVp6kuQ, OrDmcN2dOKKkmIoGHPVJOQ, cr3euPafkiqzgzzrD8gy5g, UrOXYi_hMdfo92QJLVIqtw, 35H5jfBNObtW0w9lSsol9A, tP23n9LMs-IeGqlnvmo27g, MAY4Jff4C8PuJQ5VWEV3oQ, E8_UWScSy1ry_T3-F2PN6A, PjMGAafch3IVtr2ub_VA0A, VxK4_eh931flmesQn5Glrw, BwmdvkStwds1_jd1aYOKzg, oepW5rNxqQpqIPX3Vp_siA, ys-udEGR0xVo7R0iU6SHzQ, cjWDiy13mImwg4HygKLUAQ, ml35qUNY6AmptWws2buMcg, 3G_tRjpZ-H_7RLgcuEIxIg, 8fv_LOVUHZ7kHNYJUJAcQg, J7EmWn1CdOSYSYa7rk9FLg, foJrF6OVBPs3lN4qMeb00A, hrTTTJDyWp56lxCYGjXEJA, 8o2MLUU5hohq_bC0Nha2Cw, xPpLh93ndkp0kZO2WTo2Qw, KKC0OXZdwX9y_IXRkyQiig, 8bDkV8dcO0gHFoMwW8sIpw, cA9wwqI40pfVHxmktrTafQ, ZNzUUvFiZAqecEY89rdWjg, xm8sGLhCMMGvhKrap2t4xg, 4XvAwj_mbIrpwrHZpIsK-Q, 60U1Kupxc2-GkQCMNad1sA, fcSXXEf2HRxD6tbZoeBbkQ, 3gr6vIvMNOd4HzuXHDaqog, jigPho0pfFKZioUcLzpBAA, v0X0oIMoVf5E7phF7pwIow, kbB1FfCf1NsJN-PZAQ0xwQ, GpC7R25N-MBy1Rii95AFWA, WY1QupYsnMnaBPsmpwdJjA, c46hqX3PLedcEW6bmt2xgA, hUR-GKg0ly2Om6OJuTYKSQ, w77r3xh4OvP1-mI-syXYCw, ivOkeCXbAZAB0p-8vDTeqg, V8ISMsA6dPSOrJwA5stWwA, LPHFGSAc5MioKI-_Ua3Y4Q, 9-oFF_fYUJEfpm_Gm9fMAQ, 7hSaRcPEHEH2dyjp9He3BQ, QCpWaENfxgEr_jpcS0eZRQ, Dh9hnw-L3qQjJHcb1JWx9g, okMDyZ7qmrk7nFak3W-XJg, P0Cy3_-EZwlhsTWQlsw4RA, UQVykkQcBmo8-lAmz6krAg, JJAXGHrLW58Rjs9058dsJw, 3gRfkaVcEWri-Ju7OQX7uQ, C0DiKNwUYZt40ldRMqapqQ, jhw56jd95RidOaUHKhkuBg, Na423AehJx9EipzoceUHLw, D37sPiGAMokYuaN0h6pUzQ, 7Z8zVe9a2lcXD_B__gw1Ig, ahSTFvp91SqTSg16IJcdQw, c_iFFl4gT2cMq7L9hy_KdA, pGIV25R05FRFIKJVe3nwhw, -aq_7xKL7lIm2KTQN9v3cg, rIsr24lAJ_D8teHONAgO7Q, 7d53zw1i0xGyD-8xo4h8RA, 1NlSnvjtY0cpQNQhx_0hxw, CQCEbHFNSi36mYhtHh68qA, GCAWW7MUEXiMgXBL1SYXrA, tBzwymsA5GWdPAdqht3nDw, jfw2i8XR3Mk-FvDuZu-uvQ, A49Fskd9q5f1xKSASPiu3g, uQifz4CeUJ0Uyn69BRi3bQ, -GmZrbH_-83-M4QYASbZGA, uFC38lqpvMvbrNnY3vPzGw, vfksOxIM0NCH1yusTQiNBw, _kMFb-31Y0qHOdH2PIq2_Q, 0gtdDm_bxYXJePIt60zznw, Yr3zZp0RVqKnSPtg9GZHrA, v95ESneXSi1Eqpy388NdUA, p-IRJYzZ8yD0XD5DHJ-N1Q, t5e59oGT6NvzwyMvf5xiqg, eTqkngyxFIIoLKm1hq50bg, Op1YZ55le2AIlzLAzlLB1g, BJeeC2Kk4nghHwJCMAOtqw, eEgeuz6Gg12HZkFZTfbb8A, JdEQxHbtvayjiDxZF8IX3Q, _HNeA2t1ixgY2aTrFMKXEw, 2ygAfCk_Vef2msei6diPSw, 3FFrlUTysaXShwFwRMOnew, xsOH4WTJgiXgUuhinQNJ-w, 5pVGcWafADkClL94BYJ6FA, zCulenH9LE_S0Ev2_weFrQ, YMSjTKGSvGZxLmP3gmz9Uw, PUmH9xUVMo2azbdGwcVnEA, gsVitTBOsEieE04V2bItZQ, eH4paMOmX4WA1ZLqbNN1DA, JzDlERzt_wRasVEs2LjS0w, thHfPsRRpRzwSyIp5DfxOA, VuIB-1LYAPkC5Ojd6LI6AQ, liVJOLa2NgzWTnmBwiPRbg, uPEIbCdnCPmcaAfFOHuoZg, yt3ODvx34QctxkAZ0qHnng, Bl68oS-azwTQBPQXNLN3OA, DFgGunR9elVsoS_WRcdxUA, fPmru7GGCNf8FPe3xZcfkA, 92oTIcRcp2Scui4WCRt3tA, 0VpSJU-SwhPsjgKFpiKGsQ, k_eOZD87-SX9ZOnX1beGkA, RXkIddIqAUmvHMqRRhcOeA, t41dPcdZ8f6HXrbC5Jp81w, SJIrvGfMtwo25XooxIJB-Q, qGkVB-gfmJ1BUnSmRZg7gA, NoH28nqDCXaB18qUEXHhLw", "fans": 8, "average_stars": 3.81, "compliment_hot": 1, "compliment_more": 0, "compliment_profile": 1, "compliment_cute": 0, "compliment_list": 0, "compliment_note": 2, "compliment_plain": 5, "compliment_cool": 2, "compliment_funny": 2, "compliment_writer": 6, "compliment_photos": 1}
{"user_id": "aLvxbF2DueKFOqul9eVWCw", "name": "Sim", "review_count": 178, "yelping_since": "2014-07-26 06:44:40", "useful": 607, "funny": 281, "cool": 469, "elite": "2015,2016,2017,2018", "friends": "SLuLb54YcdVbT-7WHQi1gw, _1UbhUyIKUxBV3pKwPCB9Q, A9PzIlg1jlezCcpuN9V8UQ, iB_iv30eyXLgDQ1a_qrw4Q, L_OxAt1gt9l1gokgGoW7Sg, Q9mA60HnY87C1TW5kjAZ6Q, CxDOIDnH8gp9KXzpBHJYXw, V4TPbscN8JsFbEFiwOVBKw, S10Q9h_W-MKyog8IdcCNCQ, rhlNya8-SSlPRx150r2NQw, 1mie5crWiX4eMNEhmd5LDA, b_RDrkVX35ffznFVNSzn4A, C7lXOTSLUAHG3gkG_Q_39w, w5bwTIjGTebtlWEEAxfKhg, j8fbMLXV1XvnoznuwbG3Ow, 3Pskc5TXD6WusQZJ3i21Xw, d5KEW-2mILNf6FieZwDyEA, rMZQW57WW3SdWx6lM4zmbA, bGu1K8WWpAWpYPCjFttiDg, gQWjo858gQBo2dHXTy_V-w, FlroRLQ6hWhRApL9tWSO5A, 7P_MXBP1UcBZ-OXWs9qvmw, bg5vTRlwgqedlW2EUgJZyw, keLUgL_4y60BkppiAsIk8Q, mOVyk3O18VY5nrUMTZgM1w, i7mBC7m7k2FLrdVUx0UqUg, qCYSdhsOzHBKT-V72BiYNA, 4D6LLuJfao_eHGA6XZR-bA, q2u-7DoAs5GHsFMX0fSrlw, EgotOxec2MuH4xvIv_KRIA, 8bKXRJuxEbsqckESoDh_Tw, aomkMAGFrL-gD6cqQjB4bw, GqLTKz0YsSkX-DTc9oHrBg, JDwWpPAaKiLpwGVjsvxAHA, Wu0yySWcHQ5tZ_59HNiamg, 0J9mtVJ4_QGsXYVK8qJzOQ, 0l3x4EgoWVYdla3CPpAKag, MtV1QuQNILQefwWVK-Q-zA, EiP1OFgs-XGcKZux0OKWIA, m42YBmcf3NpgVaHEMLgGWw, YpwJC49L_TTkjMnsb_1AYQ, tOzTi_wIS2Gajy90pscoMw, DKolrsBSwMTpTJL22dqJRQ, W1-KiwkxQfSR4KTAfytNAw, 69xsJFjiOAd8Ld7WWk_tEw, Uh9s9D7TdAvKU0EB6HzNmg, t_m1a0KzG960Vh5wgHo9YQ, b9Cfa7tkxrl8zuH7yEvEPg, qxuJk8rRr2Fm7OphnzOkoQ, x2o4DyS9DUUTD2S0vwlDCQ, t5nWD3Ya10ntwt3iWx5Kbg, FCLkUUVOxYT3r5tnQ23XUw, vh9gbtiOgTgwTGAXBXWkXw, 27Q8zHOTOTz-w6HB2sk3oA, C1AUww2PFRRmbQK2IwqEMg, WeVkkF5L39888IPPlRhNpg, 7a2YLmjpUXvCqFYdys3f2Q, Jb13QyXGi0zD4ZtSTBQwpQ, eBxMrnA5_YrSZyXqv7Bq9A, 3OJEa4qXzjSOkD_Jqz8PLA, qSU-zpyFMluwKDHdkJAW6w, e0AUdCu-jeOkLImiEzlTDg, Vz_JxxxK-I8lijMJjS-iYA, 79yaBDbLASfIdB-C2c8DzA, LiNx18WUre9WFCEQlUhtKA, P5uRLwVRpv8OGv1eEvpvhQ, ma6206bmu-a_Ja7Iv-yRCw, 2oMkzQcRL7-d7URt3Xo_Xg, 7hAhYoMPjHnxKCz6MQ95Bg, qYHijVhZjjXgBumm-5aevg, 0sOleKBI26BKfpW0SEG6Fw, jsEzCXrpP4jiHVLiAmCwdA, SfcUPkA9V1XVIwbQkRxUnw, 4YyVKh2S5XlxQi9RtNmVew, PIG12rx9hiH4xf9_KBMj4Q, OmBHPdD3UhTeO3UHq6kBjA, pJYRi9MB06aiuL-w8Ms-Og, J56C7Dc9E7Q0mpMTJGW6Qw, peVsgFj0qa8SErmzIDM0lg, EjivzO1K8IJP8qCkX9U3qA, XFHqcLqLLC12VAR9XcAkXw, alUuOskFSl1bODjnce2PpQ, SRA86Xyf9fbOAhICWttMLQ, clmrlflES5HrXS-gl_YmrQ, mj22XHVEWOe-mRh7GFuD9Q, QxBIfPH-0JoOPpBKVQg8Bw, JesJ-LaNfr3pKhL7gWhDrw, K9e97tYiWz7RHInMSu8kjA, B49e2hnBhzp7bwBmCPgdxg, LQG9wFTmscbAATp8QWj1hg, 6VWcSinzrX70zwLf1vopHQ, rLl5jjjUK1crVfzbXoQrTA, eY6TPklHTeOaQt9F8a_SGQ, V3cGthDj3umpN9O2KqFbrw, nO2NWsaleceG0Gw6wPjq1A, _zPT9ZmR5-nUfsprzIiRew, pMefTWo6gMdx8WhYSA2u3w, QPJJohtGqkMkaN0Gt3TRIg, 7KlKHdsrKVwPAWuFJYXpwQ, qmuCid52Y-SaJS_6v2CkNg, YEDnTf7d6RyXKEHDGqi9tg, omYTOVB-NEYOaWPOQcBNYw, Kj9cFO70zZOQorN0mgeLWA, oXvYpri1ofscaiEqmCjknA, cqJBwJ7OqiRAUDkGQF-RSg, XLWGMjfutc21CIRdrVSKCg, _1U_RyYbonRFbTVPLAlWFg, U5YQX_vMl_xQy8EQDqlNQQ, rGd8YUtvhSdMm8-9cMdQ4Q, W80UMP9s-q9E6lDm5Lg8IQ, HA4KqFmrY7gzBXzAhmS2bg, P2E31XC7SP4v_3hXC2o0Xw, AuSPHqadM9RCrZnk1i-3mg, n2WdvOLYvMHQJxPD8rpZYg, C3aIEUOx-vrHAeGVDnMAjg, j57-tOoZZWhEMJ0kzOmJIg, 0xRAAStEi_dBFLD-1xSMHQ, jnB_saJqNfOmVoCWquhAzg, KnaVymdqxpmQh7M_cvly5A, EqR1GhIra7n5_Q2GGDhGoQ, 65yB0ydGXOZ_-T6J_GbKfw, Cf0chERnfd06ltnN45xLNQ, JrXC_MDp38BWwLn2SFdNsA, MfRejWq9HG6aYt6StVP1yw, CA1N8B5ZkSiUJeOXYcWImg, J_tWHP2vBryzTkRQcgEQOw, UMVPoZ5YYewEmVZLBPpXSg, x4cp4eLSSEJsnIS43PnKNw, z4PBmnPcQnjB92Jyd9CRZw, vyAkrxESZM9irxCXw_BvzA, i5jSTSpXJtvM-ExWRttglw, kIBNWhaRs0wn3uwRkpwjWg, jlu4CztcSxrKx56ba1a5AQ, GlxJs5r01_yqIgb4CYtiog, 2ADk0EOfjlXfD2jOIrvkVw, Fsl7fnXttgugpoyuCJ0zkg, i7QG1ixeuFwpemeLvmRKHA, uGe2SkX3qd6WOfcvcVm9sw, HxkWE8b1bJbSc4Ihmgy5dQ, Tc3GAQdAfOW542ROdyCZPg, PHUiSJ1XLOBE7MjtEmzKog, 2bSX1ipFgI7AnWHvvjK2Yw, _A8CO1V40LPIkXqE-LTYTg, wky4BZxCELi4PZcvb11qYQ, U3Y7xT8KZwQilb__FGHeIQ, d2Lu9WH5b2Y77LarR-f-HA, AG_bM2ATIvqgcGTBX-gw2w, Ao-6FYE29-I8WwPg67806A, Dt_h4Dt0lVblqRxLLV25YQ, ZXae3RfkH1LnKX0UjXNj3Q, wDTTlq_DX1NdOQ0Qi6RJIA, qWOarY5fsrVi2zdWmk30QA, gSO_NFz9zJaddMbldkfOfw, 2MA4jXpayOxqzul0e6yPDg, 8Dvr-U6jCZTVGD52LwC2qA, Zb67K-yBOqSTwN94xQAOlw, s_SzQvkDfn18Cquma7DndQ, oJ0DxrOvW5EhclB57WhdZw, 697iJkhX1mkVF9RNhn114Q, MPLqWtcod7xPbIPqYYmm4A", "fans": 19, "average_stars": 3.51, "compliment_hot": 25, "compliment_more": 9, "compliment_profile": 1, "compliment_cute": 0, "compliment_list": 2, "compliment_note": 48, "compliment_plain": 54, "compliment_cool": 57, "compliment_funny": 57, "compliment_writer": 22, "compliment_photos": 17}
{"user_id": "yeX7tzZZWCnphQifRJglUg", "name": "Archimedes", "review_count": 237, "yelping_since": "2010-01-20 00:28:11", "useful": 560, "funny": 204, "cool": 306, "elite": "2010,2012,2013,2014,2015,2016,2017", "friends": "ky3DB9i9lDJ7OAZdkZyv7g, gxrEhKHMOhOcUNWceZXiYQ, CgQsF5wV1_vz5KSBghYCwQ, 9mhQKqVhIIK16kbxLjIKiQ, edX1r4pV96iYqfc_0f6MAg, 51Ws-KRpRat7OZUk7-FAyg, CfyL-wpPv4SyhhV0dN9KLw, mUQN8Pq3Dj0F602PswyTog, Rlz3EpwTiKJS6UhGE6S7VA, wpsZOCH9wvByW8zDZcMt2A, SU6orR8zgQyeQjyvEMp-3g, HsWwBz0amV1bNB14CePSpA, 839BGT79DrxSoHHPpT_7IQ, V2eaG6oyce4W_RRlYq9TRg, 6XQ3RcsdZ1xpkwk5DFOVqA, j8fbMLXV1XvnoznuwbG3Ow, 3U3jVa-607eTcit-xkrslA, BpNAPKjA2O6rTu5APobHjQ, PJQOfU-b7haWOLIR7lsklQ, redmsXV0l53PhkKF9nKRgw, _c6pLyVcatz5vn72qXV1kw, DLsLlYdRRMSdhNQkNZmRgg, _3y2d7TaFmG_XZ-6lLuZQw, OMqf9hPGNyhhBbx4xwJN6A, hcnBcIpv7tILRy1wueL-gg, jlu4CztcSxrKx56ba1a5AQ, nUN2FOWj4G3ZmyCeDkq-FA, kU5reQgGzva9LqX2a0m1jQ, CxDOIDnH8gp9KXzpBHJYXw, ui182nHP_Htrchnci4x1Xw, dfgPj43FVRnKIfxjLclqTQ, Or_igt-K8i7nb7_LyZ9E-A, UbkO4-kt5T0VjVX1oJqljw, hYzHlarUbEIF1cuff1NCnA, 2AxoUMKy4fM-WikXbIPcmA, _FRYYU4RqPt9dIFHSBvo7w, 0sOleKBI26BKfpW0SEG6Fw, PhUqhfyk3jdaS0Xb619RJQ, f1-ADSATZKZRdKznOcIpOQ, KF7EXBO_lpnTmOJbWJQPzw, L38_QvQ2V3azaqgvxaujUA, NgSpXzlEm4soUWQbqykUzw, u4zoSnHeiz_N0yGmcwXJQg, VrO_rlHyBB170Adnp9TpGw, fw3MdkvZ9aBIOoEulZqV3w, _3i08epqzpDQI4npTapLOA, BGzavA_ddMr-jGmhArv7fg, eEgeuz6Gg12HZkFZTfbb8A, d6TTn8QoIS1cFLktHr6NGQ, hTZb1INhnCG8URaFywVoYQ, Q9mA60HnY87C1TW5kjAZ6Q, L4MpcgrtXgRVnYPF3BCM7A, t5nWD3Ya10ntwt3iWx5Kbg, yC7q8wIgdM5SSntJNM4taw, WeVkkF5L39888IPPlRhNpg, Jtc2RNTiqzyrzorojYFq-g, 3Mq_8gK5OBE5JKtyUXUVIQ, XRUWd3NRWG59CNeDi7m9PA, rwJvpKFU_n6ZBw6nuCCmxw, EyYVD9n7PlYYLTSEQ5t14w, _wcXzbwzf7wbDDhiugbJug, QI9udwD-0QHcnmA7uT7uNw, i47IqSIHt8ObIFDJAq5oJA, FhhJZP7S2dt2m1m3TBmYLA, gwBHFTFPGaS5ontnruQRtg, Gesg2RzSGhMAfi-Ywd5yog, mXMVfThnmi6dnKq9NlC2ug, mM9wn_u6-kx0Q92nHuWt7w, cPQZQGC_Rb6-xzKouHwT3w, 2J83EzTvV_8yWYLLYAtdBA, SJJWIZLPGXtGTy9UECbVjA, K-oi-f7iTbsNx1JIQciKsA, hSMp-3UX_raUyLGPaJWzOg, IZlDljoFUwo5SrXJT-bfdg, MWbP56tTiZtxMk8Hke6Ovg, 2UgRe1wHjfFuvqV5Cz4fRw, FYoMRbvYNbM4lGmx96i5mw, heEB0lRbimj0qJyDCawTPw, EiP1OFgs-XGcKZux0OKWIA, OCyDDJbaB0WFG4UJ-ZGRog, ytiPxjgEgTTDHMGAstZymw, PImgAvwRQctxiDajz2yl7g, 2rcc5LNa6DUA7PlUJZX0GA, qydMvybLHux2rL73qWTFgg, YN7KNvoXTnEXR9M7r9NHrA, Gf8Jew6GZHKCk2F6kPZh5Q, Md9s_mb8Dxsl5MbjIp-DjQ, keLUgL_4y60BkppiAsIk8Q, DyErOS1IFu7iF6znqUZrtQ, v33e-8HS-S1IqQGqv4M3Xw, 957fCi00p079PQJWKyw4Eg, gDpYGG5noWhNIiXmTlIsLg, J7elgqgsNXBdZfFm0-F_Aw, 7MZ38U-X7dqCWqrOEPnQsw, 56gX68t1kafJ8Y6O7y2dMQ, z4IP_lktXi-VKsO0wq2DCw, M6qQDdaKZorVV6BWqAlB0w, gSlHU1p4E0MCxyk1OGQTsA, WYFendbR1D_hwBhg8NoLnA, jQtzJIiBsgk6VMGQ6PhnoA, 2Zc12RzFF79xMwbMhlQo0A, H0avi1vvlES87-zkV8oYdg, GcF00tWf4_go-mOFwHTHBw, NHL3wkSMQRfxNm-QUuwoKQ, XltIsoUSuFe7qBjPUvnbdw, lxmKonmpcfVEK7WuTqDUDA, 6SYDwCh-lNqMAm-tzQyRyg, 4KLhtx5foKij-ebFkuO7vQ, z1sE8BV8flwz8AZrP5M5cw, Gd5Bj-vPyQm26EQ5HQsW9w, rSbK-IMXC69OSS8LtfTHmA", "fans": 16, "average_stars": 3.42, "compliment_hot": 14, "compliment_more": 3, "compliment_profile": 3, "compliment_cute": 0, "compliment_list": 3, "compliment_note": 33, "compliment_plain": 41, "compliment_cool": 26, "compliment_funny": 26, "compliment_writer": 14, "compliment_photos": 5}
{"user_id": "bJTKxBIvb_AR8d4SuLPV8g", "name": "John", "review_count": 340, "yelping_since": "2014-07-22 14:28:40", "useful": 274, "funny": 77, "cool": 231, "elite": "2016,2017,2018", "friends": "fkMiipV4j_DG5nSoBnZvbg, pn_flI3EBNugBEYFp9okxQ, 1fNQRju9gmoCEvbPQBSo7w, d_Q7j1KMCLG6nwNjZ9K0xg, C3aIEUOx-vrHAeGVDnMAjg, P7EV3yrn1PLHDBX6rF6qIg, kbB1FfCf1NsJN-PZAQ0xwQ, C7N1qSttY-A6orcEQS-k8Q, fiAZB5jSD_JMoq_BZbQoQw, Kf5PVQUdDvQYf-MXoeWqZA, oJ0DxrOvW5EhclB57WhdZw, hTZb1INhnCG8URaFywVoYQ, s5pnkBoiAgYJeEYSLhTX_Q, EiP1OFgs-XGcKZux0OKWIA, 7_RaCe5zzPBYWm9znlffUA, S10Q9h_W-MKyog8IdcCNCQ, eEgeuz6Gg12HZkFZTfbb8A, UUqGHQFu2tQDGv5r3yJWPA, 9MhQ5YbQJNS3F664JWmKrw, yFwxbrmBFcDo22VJGdumYw, cPyH-7oVkcr-9_UYvCYl7Q, f2iqOc1r-rh4xtfg9MKbQw, 8HCEPF0IflyB690Q745fKg, 33Ra4Hcqa5FDBqbAB2TNTA, YKL32LQWxJxLNT9TKzuF9A, YEDnTf7d6RyXKEHDGqi9tg, JesJ-LaNfr3pKhL7gWhDrw, 65yB0ydGXOZ_-T6J_GbKfw, b_hOVL43ocK8Shn91hdlHQ, jsEzCXrpP4jiHVLiAmCwdA, nemB_YaFOkitvmmZUeflHw, BJKWprcdWcx07bah8yfobw, nlxlzre1xnH7rjqF1BP3SQ, GzhiNDE5QU3bghFQJn_lNw, 8d3sjUvNdekV0BJfxgjQmw, 3KwUQVAhAYyHWDWlaFt0Aw, dT1jqOZrFUmY4m4o37c8rw, x4TwK62HyLeO56zGsSN0yw, PTcKYk_qU-WzbQjraE3TgQ, W6CrBiuPNADGDIH_m39_aw, nB-NbzGFyigHrauaXwNHkA, fM9LC2P8jQrQGGsXKccLQw, OucFS92pVsGBwzELoBnWvA, 25eFMLlnsrZVLoKkqpjpCg, 4DofPx-WI6GXXl43YN7x2Q, 74goFJSWzAwmk69XfPqEag, X0uM7X2BeN2btT9StvH6dg, pUjccQauq08ICVR480S-Lg, 9sv4lPr5owwLRzJPKkn6Vw, Jt1zgNmwz_jheOSmEsljPQ, _VtgrnnPVIE3ahJ2R8RW6Q, fcAfTwD3sO2-CXK0WPKOqQ, QPJJohtGqkMkaN0Gt3TRIg, U0S20uypHP5DmGMVuwj9rQ, G-6X-llgA_qAxGxocykHzQ, vh9gbtiOgTgwTGAXBXWkXw, yVI5J7NGd_WtavM20dBBQw, bM8iV6wnqU_RQfA9VOUXcQ, 6U1QP9xkNOnnRT7vqmYJyA, u2qUCuhieSwQs3SC9LxBzw, orh0HRUNCWuQMt9Iia_osg, x2o4DyS9DUUTD2S0vwlDCQ, CA1N8B5ZkSiUJeOXYcWImg, DBHCFW3mSmmOEpONHVu1rQ, C4y80rqxEOgJQOiqhHfq4A, AOmYtTcKe0NHtTgX9nbGSg, XNbrAATnVNAg1eTjMjn-pA, y0Fto7ianqYeO9z-nvxVsQ, rI_wPu4lvAFCtYvgGcEPWw, p45bvnlj2wJ6QGq8G9inqA, sWKaLjpYG6VABf23CXDhyA, bCLqNCdhUdsmTj9Braespg, zWsKlyD-U3QhZ8QDkHcBfg, 5bSjgj1d0_35ZK76JQ4tOA, nu9KEz4GY_7ah8q_n8H6Wg, 0J9mtVJ4_QGsXYVK8qJzOQ, NMDmoX5sh97PTzz9HcSC8w, Hci2c0qo98CO-Pv-VmV7gg, l0LNq3UXaroR0Im7hi43OA, Q8pUXajCh1mTIhrNM6I9uA, Bf-X9oxiiRvzgrwguUWoeg, XzxQV8gOxkho5ic_lHnWmA, LoLmkPhGZr-2FlWSUCE-Kg, 2e5V6M4GNufEnbGJpVdCjw, nUN2FOWj4G3ZmyCeDkq-FA, FW1F_-GhGCDNrR3Hqnjg4A, j8fbMLXV1XvnoznuwbG3Ow, lWZD7nGTxY8DDvIPCORxCg, CvIEHZF79KLrpNachZzDjA, 5lmU7F2y1OR-EJ_IAebirA, k3wbWpHlZjo_frgGUdBMgA, SzVED8cMJvAkDF3YaIQ4jA, mOVyk3O18VY5nrUMTZgM1w, keLUgL_4y60BkppiAsIk8Q, eRDWzHCldd6YXypRECvHYg, FBZqT5U7Xf-WkAHELYyAaA, N3iUwV3d9P7I3ildI1IN4Q, I5CqR-U_Ydr0j7OnkdTENA, Kj9cFO70zZOQorN0mgeLWA, GlITqPNGACqyI2oXe9Gqpw, 6FlrNXbpI-Je_D0g3EK0fw, WXlxViTwXHPBvhioljN9PQ, R-xGsTpwlwuOe_vAbg_aeA, vALB8VNAEvQiNMzSiW2O0g, A2j85GWeecP5Nkx18KkUYA, esO03bMalKNSCtQHRPHV-w, zHH0lnguD0rWcEtJ5VBc-A, NwVyki35xOcaxhMzHNtHDQ, 5sH6Rcahm4R0CdXfSIdOOA, _oCiEDUZqu91P0Tzdl_wMA, 1RKXN8HnIeelHjWDLJPr2Q, Q9mA60HnY87C1TW5kjAZ6Q, TzoJZN79HqcsHQVctaGejw, ljaDy_lIKNWr2MfjV6Mt9w, 0HuRMxh_x8snXcKu6RYDMw, CZZqvNpo3IGoFyRRNBO1Cw, qHwj63QRTu_rWWGMNuoQlg, KBVL9aPlcLVwqyFQ__EeIA, wL76zLQe3akVdZ73lofZrA, DtPW4KOuNxq0sdb6Tvy-ag, K_7fwi_WOcRf8RiwYvcLXw, VVm-TFCpi9M1-k8ED0l1eA, j7xuFPhItGIcc3yoG2LBIw, BZWO1qIMlc8jNDaY3sYiRA, Nxg0dXFMqj_NCBGk85NJmw, fEElH8y0NX6ekcjpDnEeAQ, tYQNQKNSSbA0IRn9KI6CSA, YDAL4CBJcp3xrYgAGVGgaQ, usnKsiw8fFGmRlZafiSpgw, OZjwsxs7ajg_EJ8l_Ghbfg, NgSpXzlEm4soUWQbqykUzw, 0NLq5n-yPMQ5xbTr6uQcZA, ofA8dBG3sWW8_TLQuw0awg, FLvcgE1KoASALKBT9icVjA, GnucrUK4yA-6u1Ovmuq1hQ, EyVtVVwWmijNMJqBGQlv3Q, rkMfbiqosc4bhBshYI5fnw, DcSWoRQ0MNH1A2JwcODfMA, DuoBTfKNM67965BcrlYBYg, HmPJZ4y9PyEua6rV01X0Mw, QxBIfPH-0JoOPpBKVQg8Bw, pJYRi9MB06aiuL-w8Ms-Og, ENajgFB2hMk3t_lDLus7_A, Fw2FH3FMyqkxwmFlcRo6vA, 6NZab2gsFrRG2MGYvdTD1g, _V38O8Q3VfMScZ85TIW3nw, 5UmdWO-mrhDpMnXwud9QUA, _Do_FsaqTv8N1p7DdGH1wA, 6yaJU734nVyHqe9F2CwqhQ, qIIWAMJ_LwlJi0fntUpsjg, P--zSa7zzUdF6atXyI0zzg, NVrxobwlzdcMd0JQAotjWw, Yn5eGDur_oOhPQng9Gc7fA, OjRBNwx4UaS_gmAup9jjnw, ulM0B0JOkRDNLdZW3-rvFA, 3Yqui_iJU2CYvpxnbfHn9Q, ckG7-tdMfxiukdA4jEnE1Q, oT05ibQYOMJhHH9MGautsg, GFAdHtZ8E9jn5rzWQqQIDw, U1vl4SQzO3wTAWlYVnSjnw, FGmWx0hFD-h3YuTEql1x2Q, vf2Yh0uVBFEXsAX_tib0Hg, Ju89u0Lmwrq57608eBC7oA, jD9S1crLvnAxzYEG_r_NOA, CHOK22t0Vb6coVAF9dxJUQ, wLfv9fuyHgjC6rDeIPf6tA, XeaqHoiS4M8PyYN4Ubyrcw", "fans": 5, "average_stars": 3.31, "compliment_hot": 3, "compliment_more": 2, "compliment_profile": 0, "compliment_cute": 1, "compliment_list": 2, "compliment_note": 28, "compliment_plain": 30, "compliment_cool": 23, "compliment_funny": 23, "compliment_writer": 8, "compliment_photos": 3}
{"user_id": "xNrEmIeTn7B0eqOccF56jw", "name": "Alan", "review_count": 30, "yelping_since": "2014-10-01 04:18:41", "useful": 11, "funny": 2, "cool": 5, "elite": "", "friends": "-DXjztWlgH1hjJgvg6cKkg, C7lXOTSLUAHG3gkG_Q_39w, sxBKC2jELQe1HaZ7ABevkw, keLUgL_4y60BkppiAsIk8Q, f1-ADSATZKZRdKznOcIpOQ, i8A3MWU33_mtMu3LUMlnWQ, v6OcRWHgRSkStbAYS9kRog, 8cnzeH2czdlByR9abHPNmg, O-p3JD4E0aHPxiQp6BjP7w, x6_9RC7Mc0SsFUcWxEoN_Q, WeVkkF5L39888IPPlRhNpg, 9ZXaiRPUbjBscTY5F2Kf_A, GcN4HdBO68mdcS2s2svDuA, orh0HRUNCWuQMt9Iia_osg, gvXtMj3XuPr0xHjgmlmtng, KVpXxALpVPpppJIW2tp7CA, 7Vni_5ncUC7QcEVlG1Lxtw, 6btMczuTVuoJnmarbkWP_A, 0gtEsazPeHr5rj2IAsZePg, mhpBk3Oyn1vqH0d8GA0vYw, MylxjEKiTeaWb-GAaPA-zA, msPfLKIaeQg8kKsGfpL--g, _1UbhUyIKUxBV3pKwPCB9Q, 92HLenpDvDMHsJoj4uHvDQ, 9ihUUANkiEa5mPZVmn7KqA, i7mBC7m7k2FLrdVUx0UqUg, pACXKe6caL6vTtBPHr_8dA, SPxVxXeGoE2qMejvDXu3tg, HO3kgFkq7AMmkcE7QvUGLQ, igjyMbyBl9UmMwJNIxjj1g, Nvpx9fUIAB3oddqgRLEPfg, C_2x0MFknQEYI9KXQw5f-g, HRtKAk1kXzo6Beaj0t74ow, X_Ae0Azn6CmWWDtm5zXwGQ, SzVED8cMJvAkDF3YaIQ4jA, OX1L9P__FVnUlGG4YGTtuA, U1uCGHer_Q2mEn_L0Tk6eA, 2YMuhOZA3h4dc0mj9LZKVg, 74goFJSWzAwmk69XfPqEag, hTZb1INhnCG8URaFywVoYQ, OAvCvpSLv0QpzEgkSyn7mA, f3eu9FMU_Vdbx7Lk61tRUg, sBQIv5_P5jmlOXVNp1LEMQ, uxKSnOVAoEj4I6X9YhLBlg, gDLp68YQCe_zIiPp5bsuIw, sbrrFyYuGEGDO3VG6tomiA, HbP8YtU194jNHfauNpxe1A, _mqO4jqwaJuc-8F9XgOE5g, RI3aS1xjxOuj_mgpsWFWNA, oMiUWEE4S4SJw6Ve9AMz8A, PdxBoKwtci2dc5TVZ7m4qA, xDtrecOuYEga6v49EEILcg, peVsgFj0qa8SErmzIDM0lg, J3ucveGKKJDvtuCNnb_x0g, tOTplIk838ZR1w1huTdX_Q, Md9s_mb8Dxsl5MbjIp-DjQ, CUtWutWdXJd8tLOiQNr80A, ZEa0J3cAHboIP8Byre65cQ, FWZ5ZrjvUaP9YNBbl2GaXA, 7OURjtceW40mhpRX9P2dDg, St0KG8-hvbQZoSsXuM971g, JesJ-LaNfr3pKhL7gWhDrw, emClTWXE_ou1_RJ5PHIAUQ, zHH0lnguD0rWcEtJ5VBc-A, ulBZnAXzzpH9UqXggvUkYw, GYQX5Ck4O-vSPi-pOgo46w, fEElH8y0NX6ekcjpDnEeAQ, wdCwBv_TA_Y-IjUZv2HWWQ, 6fQV9_44OZOR80Nu4nGZOw, WhFOAqqc5ez3LR2qabVs9w, haSh72Q0MsQZUpWPeVgp0Q, z5Sbp4ix9OW3HFgEvtLzOA, QPJJohtGqkMkaN0Gt3TRIg, dbmln0ODNfZpGrOsCouFbg, gpXlJTjiCBzrWOA0u3Z_pw, syCxRdiP-0XJenWpJ8L02g, RhgcNmFHzCIdyXoJaWO3CQ, oCo0M4JEat0-x7o5MwnYvg, 20CagUV7kGKjHpYzlIV_GA, Af3s_3KI8cIwweuvjLcP7A, HRuUYRT2ZnTD4UkEwOSzMA, MHn01HpwdCeaN3NbOVp0HA", "fans": 1, "average_stars": 4.2, "compliment_hot": 0, "compliment_more": 0, "compliment_profile": 0, "compliment_cute": 0, "compliment_list": 0, "compliment_note": 0, "compliment_plain": 0, "compliment_cool": 1, "compliment_funny": 1, "compliment_writer": 0, "compliment_photos": 2}
{"user_id": "-9SoHrhiiUVmx6-MkyR4RA", "name": "Brad", "review_count": 182, "yelping_since": "2010-09-02 05:54:03", "useful": 177, "funny": 45, "cool": 46, "elite": "2013,2014", "friends": "diT3Mvv6vk8nPtxCca3hhA, B1HPcKVKL-gN0KRLtrRFLg, eaCE63fvmXR6r0vtCidwjg, 5MPAZiYotUqgxkbXYY0c_Q, zCnJQKvZgET4llBbJD1aiw, nnjyxCQ1qBXkTZqFjVQh7A, Q9mA60HnY87C1TW5kjAZ6Q, F3IxrUdXhmbcyYMgNYe-ZA, kPWL6CJHJxlG0d_1VdsO5A, GfHGOrhBiWr24khz61b50w", "fans": 1, "average_stars": 2.92, "compliment_hot": 0, "compliment_more": 1, "compliment_profile": 1, "compliment_cute": 0, "compliment_list": 0, "compliment_note": 4, "compliment_plain": 2, "compliment_cool": 3, "compliment_funny": 3, "compliment_writer": 4, "compliment_photos": 0}
{"user_id": "x5JmLP79Nm-CReNw6nIP0Q", "name": "Valerie", "review_count": 11, "yelping_since": "2017-09-01 17:32:44", "useful": 3, "funny": 0, "cool": 0, "elite": "", "friends": "None", "fans": 0, "average_stars": 3.73, "compliment_hot": 0, "compliment_more": 0, "compliment_profile": 0, "compliment_cute": 0, "compliment_list": 0, "compliment_note": 0, "compliment_plain": 0, "compliment_cool": 0, "compliment_funny": 0, "compliment_writer": 0, "compliment_photos": 0}
{"user_id": "WxXB_DB_Im9mb00M8balAg", "name": "Emily", "review_count": 2, "yelping_since": "2014-07-13 23:35:49", "useful": 2, "funny": 0, "cool": 0, "elite": "", "friends": "_YZoSfEpMCgyllDMQW_xoQ, cnhiW3oejgdvfIZT3Bnpqg", "fans": 0, "average_stars": 3.0, "compliment_hot": 0, "compliment_more": 0, "compliment_profile": 0, "compliment_cute": 0, "compliment_list": 0, "compliment_note": 0, "compliment_plain": 0, "compliment_cool": 0, "compliment_funny": 0, "compliment_writer": 0, "compliment_photos": 0}
{"user_id": "uhdozpRP_uk303jvIv10nQ", "name": "Juan", "review_count": 1, "yelping_since": "2018-07-11 01:05:12", "useful": 0, "funny": 0, "cool": 0, "elite": "", "friends": "None", "fans": 0, "average_stars": 1.0, "compliment_hot": 0, "compliment_more": 0, "compliment_profile": 0, "compliment_cute": 0, "compliment_list": 0, "compliment_note": 0, "compliment_plain": 0, "compliment_cool": 0, "compliment_funny": 0, "compliment_writer": 0, "compliment_photos": 0}
{"user_id": "HWNMnCJees9B1xAr7wK6GQ", "name": "Keerthana", "review_count": 1, "yelping_since": "2014-10-20 00:23:04", "useful": 0, "funny": 0, "cool": 0, "elite": "", "friends": "None", "fans": 0, "average_stars": 2.0, "compliment_hot": 0, "compliment_more": 0, "compliment_profile": 0, "compliment_cute": 0, "compliment_list": 0, "compliment_note": 0, "compliment_plain": 0, "compliment_cool": 0, "compliment_funny": 0, "compliment_writer": 0, "compliment_photos": 0}
