{"business_id": "M82c96ICluambjx0wWg6Bg", "name": "ABZ Auto Care", "address": "9827 W Tropicana Ave, Ste 100", "city": "110 Las Vegas", "state": "NV", "postal_code": "89147", "latitude": 36.0995746, "longitude": -115.3067222, "stars": 5.0, "review_count": 68, "is_open": 0, "attributes": {"BusinessAcceptsCreditCards": "True"}, "categories": "Automotive, Auto Repair, Oil Change Stations, Smog Check Stations", "hours": {"Monday": "8:0-18:0", "Tuesday": "8:0-18:0", "Wednesday": "8:0-18:0", "Thursday": "8:0-18:0", "Friday": "8:0-18:0", "Saturday": "8:0-15:0"}}
