{"user_id": "E5-q2T6qLSo7XWY3LXIfFg", "business_id": "M82c96ICluambjx0wWg6Bg", "text": "Excellent service, very helpful, and up front.", "date": "2017-09-14 03:45:21", "compliment_count": 0}
{"user_id": "jATnB_mVxI0_Dxa8IjrxJA", "business_id": "M82c96ICluambjx0wWg6Bg", "text": "If you want the best Srrvice,  best pricing and honest work,  this is the only mechanic shop to go!  These guys are the best in town!", "date": "2015-06-29 09:13:30", "compliment_count": 0}
{"user_id": "hDHx3oGSNZIyV8l4lAgG2A", "business_id": "M82c96ICluambjx0wWg6Bg", "text": "Get service and feel prices. Thanks for taking care of my car :-) :-)", "date": "2016-02-16 20:30:45", "compliment_count": 0}
{"user_id": "aVBQicZu0N0wCsEuqGjN9Q", "business_id": "M82c96ICluambjx0wWg6Bg", "text": "Great service!!", "date": "2017-05-25 23:58:54", "compliment_count": 0}
{"user_id": "bUl7ybP71Ch0wn9QyXFEMg", "business_id": "M82c96ICluambjx0wWg6Bg", "text": "Bad service,In service industry should be service customer  before service themself.", "date": "2016-08-18 09:34:06", "compliment_count": 0}
{"user_id": "3twN5O2Ku64i5S7DjR7Faw", "business_id": "M82c96ICluambjx0wWg6Bg", "text": "Super Fast Service! Great customer care! Went to get a smog and was in and out!", "date": "2015-11-06 20:26:29", "compliment_count": 0}
{"user_id": "MSZ415gXsmgmIIevFANtyw", "business_id": "M82c96ICluambjx0wWg6Bg", "text": "Very personable!", "date": "2017-09-01 12:02:56", "compliment_count": 0}
{"user_id": "drbvITFpYjRyHRGo5LcUBQ", "business_id": "M82c96ICluambjx0wWg6Bg", "text": "Great, quick and honest service! Very friendly and will be coming back!", "date": "2018-01-20 16:30:07", "compliment_count": 0}
{"user_id": "t0ZMNCTQF6LZrpNu1yblyw", "business_id": "M82c96ICluambjx0wWg6Bg", "text": "Went in for an oil change.  Awesome service, very quick and good prices.", "date": "2016-03-02 00:51:41", "compliment_count": 0}
