{"business_id": "tJRDll5yqpZwehenzE2cSg", "name": "Ransom Bay Inn B & B", "address": "4 Center Bay", "city": "Alburg", "state": "VT", "postal_code": "05440", "latitude": 44.953815, "longitude": -73.2705, "stars": 5.0, "review_count": 5, "is_open": 1, "attributes": {"BusinessAcceptsCreditCards": "True", "RestaurantsPriceRange2": "2", "WiFi": "u'free'"}, "categories": "Hotels, Hotels & Travel, Bed & Breakfast, Event Planning & Services, Restaurants", "hours": {"Monday": "17:0-21:0", "Tuesday": "17:0-21:0", "Wednesday": "17:0-21:0", "Thursday": "17:0-21:0", "Friday": "17:0-21:0", "Saturday": "17:0-21:0", "Sunday": "17:0-21:0"}}
