{"user_id": "qCBtl-VTEuGjP3B0XKrYcg", "name": "Fred", "review_count": 91, "yelping_since": "2010-12-20 15:17:42", "useful": 95, "funny": 18, "cool": 17, "elite": "", "friends": "None", "fans": 0, "average_stars": 3.65, "compliment_hot": 0, "compliment_more": 0, "compliment_profile": 0, "compliment_cute": 0, "compliment_list": 0, "compliment_note": 0, "compliment_plain": 0, "compliment_cool": 0, "compliment_funny": 0, "compliment_writer": 0, "compliment_photos": 0}
{"user_id": "KDCx3HtEbx_ReHHsmlWYDw", "name": "Doug", "review_count": 4, "yelping_since": "2016-04-28 16:57:04", "useful": 0, "funny": 0, "cool": 1, "elite": "", "friends": "_mPrYRKlBEpP6C5y3mJR2w, iZXVAFSb77-RUwt6u6skMQ, AqdQ0IJsOt1kYTYdIRveRA, ffcUpftTTFQBoWx0QFYxdQ, R9MVZ1RwJotB5FKBMdtZxw, Tf2yqo3GeaIAPQdMLI2qqA, c5obSMJryAI-Mhi4StKt0w, dpb6hMUryL-6anAB_wDMYg, RGsWIj8Hn8I1NmRTcmL5Rg, HFkBQEQ803jPOv13n8bNJw, iDA-iYi6AioELpCyzInPJg, 8RXSWp7evPE8MvrXI0SnAA, XGvVQCe0g7Pf2bLAB82HNg, c7Dp3QyVKwmAGosYIkK59A, d2Zk-j4oRrZtBto0Km217A, ucN8xAsXd5wyy6trJ9YpQg, GXNZZFoW7jwKJ4NnrynENg, PNyQdX_0L7j7nCV9Fo5vZg, k8vfZeulKQELT6JxtDyr9w, caaOBLVTsQd3UYGeXjmYUg, SMagqtupbvrJur2R9mdYrA, h87LMwF4iWNqrQfBqQNEdg, fhU7Ai_0dBDTYMT7y2Vfeg, 3m2GjUpkODSBkHYK--2Kpg, JfPHx3EpqtRR2nAfDiZ2Qg, Bvzs1AZ12o8FB7rwRfimvQ, PuTMajkSA6jB6bHmA0MPYg, k0x9OH_0ilMdMjk_1DWbjg, R-0Qx0XeevVTyv_fvygI7g", "fans": 0, "average_stars": 4.75, "compliment_hot": 0, "compliment_more": 0, "compliment_profile": 0, "compliment_cute": 0, "compliment_list": 0, "compliment_note": 0, "compliment_plain": 0, "compliment_cool": 0, "compliment_funny": 0, "compliment_writer": 0, "compliment_photos": 0}
{"user_id": "zcTZk7OG8ovAmh_fenH21g", "name": "Michael", "review_count": 20, "yelping_since": "2010-06-06 12:35:16", "useful": 29, "funny": 5, "cool": 4, "elite": "", "friends": "Q3fu0g6llaUhNynT76M6og, ZOcpKo3CnQQs_rco714HTQ, cQug-hY01LikPncXduqZpA, 3dfhFCHVz7mNO1X5YhJtCA, Qg-GsJ-gyvYgFipOPVPgrw, GiHEKT0CNE4hGRbJlah_Eg, ZVnjVRujuXcW8YgX6y5vxQ, hTT6vYEN41ymXI0pA0AuwQ, OudXxxXm-yC9wIhQb8_VVw, isViDfCG0Sr8Kvo4PS-hfA, S_YruCZ9LMb5MRi-x1IwpQ, zAgwN_yPU-eGuULHPctOHg, tQjUjJ6sWt54RAFU8o3FXA, b3DzVj6yedBivBPHMEGwlQ, QCuEXxKZlLO1zKiMN0OE-A, g8QccnAs_Xmwncs7eRTXyw, j70UM3Au9IwgfNGdj_Ny5g, Jkrwmp2zEd8HpDLl0glCwA, ObohD_l-44Yn3rKqiUEf0w, 7-cClxaVWT5TUudsbZahog, m_dBfYF1xA0mnriKKi5fkw, toVXyZMrOHIVAVtuAZwJFA, 8qjhUt1a4qFpxPZHncYPqQ, goJzqWKl3nxzgDanK4PoQA, 4Ofh9_7BNEakHUgHmmCU8g, jbD1V_8-ANnw4hxaw_Vw0A, 3-DKieNmumQ-JBojRlOlBg, FFeSHnvXeUvov8XH7yMrgQ, UVKoRHQq-yCjZ4aN4N2NjQ, ckFkgfzNWR2V5X6-ljexdw, F_6XJDlCTNHn4LGkvQNrQA, MNdl9EESl-0aFIWEqU8O_w, URJWzIEokxvxJnGClMg3XQ, si7wtHRQO3rqg7hAjUoRcw, c5Y7R9jvL6xZv72XPELB0g, qyoSZ6rFNYUNYkkfutXhug, ZFJMcgO97Lx4__Tb9y3W-g, L1kBvcgtaQtpOL5OePOp7w, QLNc0R5T4I4xrua7Je5SCw, qCzce2bppBKPS9naplb7-g, HXWA5uPWFRz8TH3bMaaNMw, ys4ehvEfWgQ4hcchqeGSrw, hvgd0LU5l321EZLAE5BfTQ, b_aMUh1lSgkE3DhM2Ql7ZA, MnOdXj5Apyf1UzJEEtpd4A, TbXMSZIGqpvbXL7BFRHMUA, MyD99ovYp1eOrl4clTIuPw, 7dGWWZecxy22dJOGAKWX9w, mbMzPZVJBEHa3VzuCpg9YA, 0CXOXay3Pqyfk-HV-FT05A, C_jPPJoK_zYalfuLm8hCiQ, oLooDW91sYnayxPqvg4xAQ, WmIXzcc9otqHC1Vm_gTkZg, HInAcEDlWezjD3IFRQGyYA, gbIRWUf2x6TDlyTR6ryEHw, -k9ivZ9grPI2Xo-m8NIUNQ, 3x2kfHvLaHOYzCCUYO7Wjg, DgfU87xkj-QGqnuHhbBfuQ", "fans": 0, "average_stars": 4.0, "compliment_hot": 0, "compliment_more": 0, "compliment_profile": 0, "compliment_cute": 0, "compliment_list": 0, "compliment_note": 1, "compliment_plain": 0, "compliment_cool": 0, "compliment_funny": 0, "compliment_writer": 0, "compliment_photos": 0}
{"user_id": "woHLnTlu_0JyqzgoMStoUw", "name": "Andrea", "review_count": 17, "yelping_since": "2013-12-21 17:46:10", "useful": 18, "funny": 1, "cool": 4, "elite": "", "friends": "Gdb68-Yj79VhX-bzoMI-YA, JIwy416ZQffXqIvvJsjQog", "fans": 1, "average_stars": 4.35, "compliment_hot": 2, "compliment_more": 0, "compliment_profile": 0, "compliment_cute": 0, "compliment_list": 0, "compliment_note": 0, "compliment_plain": 1, "compliment_cool": 0, "compliment_funny": 0, "compliment_writer": 1, "compliment_photos": 0}
{"user_id": "tMFSVOtYfzt159iCP-kE4Q", "name": "Heather", "review_count": 11, "yelping_since": "2013-07-26 18:18:00", "useful": 3, "funny": 1, "cool": 0, "elite": "", "friends": "None", "fans": 0, "average_stars": 4.55, "compliment_hot": 0, "compliment_more": 0, "compliment_profile": 0, "compliment_cute": 0, "compliment_list": 0, "compliment_note": 0, "compliment_plain": 0, "compliment_cool": 0, "compliment_funny": 0, "compliment_writer": 0, "compliment_photos": 0}
