{"business_id": "064fFc4CdNxAJJDVR-7FSQ", "name": "Horton Carpet Cleaning", "address": "", "city": "Ahwahtukee", "state": "AZ", "postal_code": "85044", "latitude": 33.3211123, "longitude": -111.9880199, "stars": 5.0, "review_count": 17, "is_open": 1, "attributes": {"BusinessAcceptsCreditCards": "True"}, "categories": "Home Cleaning, Professional Services, Home Services, Carpet Cleaning, Office Cleaning, Local Services", "hours": {"Monday": "8:0-19:0", "Tuesday": "8:0-19:0", "Wednesday": "8:0-19:0", "Thursday": "8:0-19:0", "Friday": "8:0-19:0", "Saturday": "9:0-16:0"}}
