{"user_id": "Dgs6xw52yiYNCInfC-Hwww", "name": "Charles", "review_count": 15, "yelping_since": "2014-02-12 20:41:17", "useful": 34, "funny": 10, "cool": 12, "elite": "", "friends": "u-ruN1Sf2Bqxp5JlbJ1bwA, FF8HBDEPECNe7NdFYcX3Ug, 8rVdrdRTCTq2ANQBcpclkA, LDafxsIMqa-nmVDZQL48Dw, csuvrGfdNfrGhXN5MixGkw, DySpBfoz9icy4y2Zki8Gbw, NkRVUYzQ9ZKRxTFmucaoqg, xOJH4vuFMZh2lZXZ74gBcg, jRJksZI9kR2-M3ZBgA-kCA, yttEzHryN3YoeWzl0LA-gA, NNr3KFwcyuw4pHBAbR9UIQ, J5dXvwcN5bOQSWliviNUMw, I2ahQinpC2YPejRKV6Dl5A, xjnK3etbLp_JKC4G7PcNrA, rzUiSywHKG2JiXfUGd4kdg, LvTifoQaOIx0NCImoTDaVQ, -UofvRx_3a9-W_uVWzdsOQ, 0NIxscII4JYPMFxK_Y5rzQ, kTC5Y1yEOFIpR6h8Jdhe1Q, Oxym1p8tZTUzGyJAekNhPA, grXnDMpFQaNmZfX1ygMuEQ, KpgesWZF2rBKFhRq0YnPpA, Lhlt-tJchYmQvRsDxeIp2Q, GUEbSWXPzhOtq-9YdRJTKw, 5HWqO8COmbgkHrRW614BVw, dV6NK8QzfBrcR032ug5uSQ, sp3uu_IoniEzKcof5iju6A, fTZfCXfqqSu9hvaOtcj9Tg, 5Okhq6EZpNS2xWntHiHWLg, 41brBXHhJGah8vHfF9j90A, T5V1aF0ky9SSCjczK6zoHg, dq2W34bl1DVt1RbaVCyRbw, hBo7vsZjWYPCljkbqJDPrw, VB8C4bEhR4-OhOjCbdKovg, XyUhAvt9I64FQuzVBDMmgg, wK6styX8VZcTelcDWG6-mw, t3-B6m7THnPVoAdvfb57Zg, KjYid-FjOY7RY5TkjtS4iQ, Bd-V05trL3gvPq97ryqgqw, JtjgmEPWcLedBNXvk-WmnA, VvH4c4BbGVFiBGsez-5MZQ, TEXoOUAiyhC8ULDaazXLEw, GDz0x3xRr4S9O4gf-xds5A, DXDxnqjJXsUybVVP9MT6oA, NQxv-9g5hqRi4duKoWMC0g, xdMvzx7jWdvmviE-LqXI5A, iOs7-U4qN2TpCUXcKKPsWA, HLhJX_WSl8r1f2O6zTt0sQ, LjKMMJctaRaBQHbZ5LqEvw, f4zfYqIklcbov6XHxDkhqg, oSWVX3IylZLKqIjTjTcxuA, LIUgde-YlWWO6RwrXQHXww, f4tnS7eNMgEByLWV8dDHXA, 5yrbU3lFU3KjNCJtxS0fiQ, aYARFtxqTlO4ZRwBPkdlKA, BdTmhkbzmOKAfGXB8wpGJQ, jualCEJ8UmopWymlJvrywA, WmReTmpE2Vcs39MfJGp7CA, e5eJuTJYoBy-nUQLjq5xfw, P_4AFSYrEAAPJjDLximQeQ, zo8lRwc5Z_CfhgutaQ_m9Q, 0yxCdi79WZq72xA8w7AJBQ, P69ksbpmb1LG1mbpzwx9-g, JZ2SPUIrEYxEefRx7e43NQ, YPak7v8sK7v65Ei-uOEsug, n3bZzrXc1zliaP-6yI5qug, DJlozEkGzRRaDQziNRjCNg, LwTJHb8pmb6AiFoqZdi7gA, LAGcvMONaSVu22kVXdd-Yw, 2SJmAAAAjk4sd6WFolJzGw, EGaphl4EMRFkaieMcpY59g, yBVEFV8NYO2_dfw_-aq7RA, 7TxLIZPHspYmbRg76u5EZQ, uoksucm3BI_Q2rOF7_x-vA, J2DdadiZVW-8fw-VIXzc8g, FqNJxZ3zkcF-o-QUXz4yeg, GPeRnMBp55bpMl_TSHHYzg, oVOzaemLiv0F9EC_v4WfUg, L85bCX6ieP_PXVaaLDeSgw, fgCwF9Gwls5US55_ivpcnA, c5dkou1JTe2MUoB3YRxbXg, cXnbI3g727HH6kAPBqfcEw, uvbbsg7rhAK8Vqld7TaMwg, jVonXqhY5CA-9LAw0kTYrA, b5WZaIMkkMpz2izNzF5YxA, sUhNxUKuPGAnr33ZfkL1HQ, WRfgwwMmRuheOBgZD5NV0Q, ijHsscobnwnCH3MqfBuPKA, hdeSPaeQc7Ul4xel_7etsg, 7leAQTEjUP6tUeBJ9uAEdw, iNsTQpQlTPNdXuoQgdTbug, bcz9cyV4iKEmtPb7kpOtVA, T97vSq5S1UScfDrcNDWqZw, v31Tsj85xZbZZhnyzyEzOQ, RVmZWcQ0RzOypGzavwoFbA, AR-bJGHFaJ1nEPHxUSuM-Q, L7NPIjgxwV7a3_1NrJzSYA, edhbieuXHwHPae4V3vuNrg, exDPrmSa_AvklSV65CXefg, dL0AMqI3N5covBlepnRl8A, Lxo3sI1lESTYQB_wzEAM0w, h72qEhcpflkQBFyCNR3Pfg, Jv0nklhlSUT0LTO3XOvXAg, x9BP3gD7SDUZQL4pLmaMSg, FaRTXeTN21sXsRQpBfVAZA, 1hUHaui6uyYhDaj15nB-3g, vr1eY2GDqaJBnQVFnxn6XQ, 2D_XTF8Xe8OZfJUB7sdE4g, qFsEzQY_g2PdGCDfA41nOw, ROx6VwyC5XAKwqhvbj0z4w, fmSux1Q3eSv5wRFaRAVcSg, X6jnxOb0aaLOzkSRWt5z5A, _oWkryJZ1KxKPi3Yc5ROnw, 6cUIoJjfawkcM4qJ1SIDFg, QYmHWzt66ZUWPBm3aX46iQ, n4GE0Fh6L_0HDwWFEeGmuw, SBs7MMmdxjIvi_ZE-djwYg, o0CzFUEGMUzM40AWycWrag, zl2vPBu03QyIzQA927zZxw, jBFQbXoeBd4p31f3xdIl1Q, rlDHPBjUZBfKVjHjTCZhqQ, ttVYcSYOJuFiO5lzvnN0Ag, w_1W78fluTMrgoJ32fmtkA, EZdvGPR_ffhUMvCfmuUjVg, xEevq6RU7Q03Rse_9wzZ2g, T7MIyKcMjWb2lGTc6vQJTg, PMfmCs7SBjUibQm04BenIg, oo50WnK1pdheWoqIlSnnCQ, CxWhxmCRPG1cpyON33Yp3g, aWE2R9elFZsiNRKOIYhNmA, OMRV5eSLXfRt79EptRxa3A, egxugr4MwLOP2E9Ng038hA, t8FCFH1e0r0ToUK35ewoPg, BxxaYhZfUAWm8gDvZsNtqg, ygcXwk1kyDH5a6hf0QnoWA, uHjUxbku3i6nxOKIx89xiA, 62hyRsi4-6pskqkgZGst8Q, og3GqhA296NFE0fN0q8N-Q, rnFy2CzAoQsFHNiGpe6fyg, Xebp7gS1hQy1fPPRUFfNvg, ypcjvSO1vGlO7gMU3oHbNg, YirLret-LK48_N2fDS7xDQ, cYPypMVtLZA3QWE8F7sX_w, WpRI3V0ISFRT2e3yX8ZXeg, gSjLKoaDokJujYZ2aUY4EA, BtsN7LAsH4drpPiuI6DC5g, omSmCGEMNC5uoNna7bG7Bg, GESTcE-l04r0zG627Geh7A, ztsmK4NKtrq4te6jLt6BEw, 91V5e3TAMT9ED9Exffq2sw, Ym2v3xWKx9F-zoLpYciUQA, duC2sJq3-qDoc9bZ0B5JSA, spW40Qqt7YA_Z8lRo5S7VQ, 6vd-zby94fbFBr6AgAkTHA, YvINRf_y6cqenpoJiw4nKw, NGCAKGc-Po2mCePLvOo9Kw, AtBY4WzYx9aY50hMBSuTCw, e7bFXktzkBTuJ3Dc39qKWg, F3xxLNeBLEAr6gGTWL6LMQ, IfkR-MKEfaWecAJ6bPAPlg, xt1yFmRvl3aNXO8GLSMCJA, 9EeV2yXx2Dq4WPF3KgaNtQ, WEjWcZjQwWomJi_A8M_r9g, eTQK1oFDi9_sxW9oc2Zj5g, spudHyOOKlzIHjmjiT29Yg, OMHlay-1xCFTNPy_fuq5Yg, 3X1Z5KKdv6WwWV4tPt42JQ, REMDE-sjHG_nNOfCjK_jUw, mGA00by287W9uWmQo7WtFw, 2foymdwBM3QA3_Shc8s2ag, TMG6pRMqi31phA5vZlIQaQ, ZkNMCqulMWM-_j0SsdYqWg, P8bFYZsugIcxA8QpJzLdpA, zfdIy4dFyX_ICRD5-Vc0iA, HWfc-ozZiuQdSxkbdEvhiA, hBhXbIhDeOAZNE5Du3oW9Q, mAAopmJiLfFSY6LnXlpThA, b7f91KMUlzMFazsqTA8K8w, tzwZfrAhe-bk7FcdjvZOGA, Y6-_IaS-GdlXn8EGexSxBA, XzBeMRZAw_4tChD8jeKl5A, 1m4D0RBP6t4pxeyNyePvAQ, KS8LmE2XOlQ2j96e1LZR2g, 0VOQG7tp9V5CDIjyJoXYWw, afbOr8CWzZExJesxyGmPFQ, PFVGmZt2OA7Zr25gZb0j0Q, KO2u0xoMTAQVbOjE1gUe0Q, ckyNfibcAMyTuRHKqsMf2w, 4Sl2VBKNfABDnh2dULHtTw, ZyMTbCmzfx6hhX81LRdLWg, t4-fbaA9mjDSMCAwlUeO9w, RwVOpOVc9DwAJKHPR0erGg, aoLxykjp0s6dAIFssmCrVQ, qo0Uocp9K6Vylre2aGcw_Q, HRLxEY6ZvTNhiO1H_gcQFQ, czhK2hHWP906mGD09j6uKQ, Adzg0wAm2UDtsPUObafKtA, ly3U7XyLLB6O47CdGL7RMw, i20IT_KA707yLcUN0WpDmw, ZUKwGTOb-vVVvCK1Z0zkfw, 6z11RWeYbxd8eNzOLU7GQg, POnBt_NEO3LXihJfHRCgRg, JA0Yw3_LYyB1IgGQz4sTmQ, CcD5DlUvG7cc1MzphpwJdg, flNSSAPKwXNMcNSRjN6KbA, wx-CS_xMmoSZMxctTb0iHQ, 6IKiauLm1nFEP7DYoxGTPg, VDySu-1o5e9SUqFwX_pXSw, Nt8SvjHNO2cniwoTb43SSQ, fd5alCTIwAxC5q-b_AjAEw, uenKwgiav9KJQvMFXyeoZA, SX9eHsHRy518dFXxvz4Gug, g42JHWanK49G48ITUjHSvA, mUKNm8aNNcqzwPTUr_foNw, yDtehyph84M0i5zK37IVwA, hoAYTF56bVJeBJXbiGEjsg, zjV6xdAZs1Yxa0C3li1OnQ, Kp7XiLBDB_G9lH8LRQSZyg, OlS0K2yfvr1XuIbJIREEjg, DEja7U1GR_SRZwdgHRMyZA, 0VUt3sk_M852S8JkMfyqug, HTBXSgnbSKxYY1q3jEVH_A, daH6xBLhN9bqKgHWtthnOA, SRgR0CyR45TftMVxdGsTOw, FYQYP_eT8eBwWgA4qqFqWQ, E7eAmWTe2xR23Cc88LrabQ, u4JhbOgkqMa8on8UktsMNA, I16Pkg4gv0U2rofcIiJkzg, BL3ivacJk0D3rE_qvNnjew, 9GR9b_Ip-Btx2d11d0--1Q, PB81VD_4I7-pYEnMONZA4Q, 29pY0v0Nu67zVkMEwm8NEg, Uz13KvUKtu0j6cWp5Tp18Q, rB9rnzIAqYvn0MNAdcqbvA, c680nVAXqtefY8OcISEt0A, lTmTTAtnYzD9pg1ZLve-nQ, jqcc1GXEILxsAueu9vckUQ, 0gfRVbwwjS_AcS-umMm49A, Z5UH_D_SIvPFzCvOp83oxg, _C8t6OK5O1xmNT5sTgZQug, 7z8fAcViXFJRDWDnlgpCQA, WuJGGaR64g6ZiFPkcJ0Zyg, i94pYF7Co009Sk2N1j1AxA, NVcWSGSYhzlai49IMpEyOA, bvCLZj73hg4a2km6ltaVQA, xzwQqHsJr-UC84iqWY0zNg, KXLg-hKGHLpx-N5iacIb5A, H9Tsls5jakXpAY2W5lw08Q, XzA9VmacKmcSOvoq6rxV-A, lFkEaB52KHZEs5bIFx1SlA, ptvCjvnJDUJujg62ZXO1TQ, 9b7UZdx50BPg4eWx08jO0w, AKHbYEKoUz7jwQR9RKt6Bw, tPMs88ihEE1rMX927QQndw, yL87wfUoYWs3p_zkN1yI7Q, PeQ8D2u1k_vB7kp99W1YZw, Vs0z9lRkQ3JrWbEhknX1Wg, TMgxYbbb3JGPax4bPvpbYQ, osiUd_hdqs0qEb9qTYOV7Q, p0MY_XDlp6PzFHz4tnx2hA, d9f0N0MoZDZrZ3VuCn2RMg, Z-8rXm-0vnu_jMt8chu_5A, 7-fzfMaLsfDx0Q6B98DjqA, YKplJBpbBTcu0Ls6ziUcUw, RyeL5VrIVuTe0vWT-9pNXQ, xtbS0avM5LPLH4EHSLPBNw, J87X9G7PUEOn1Vj5FsS_GQ, RDu27vRbiRyHr5zX7Qn3Og, hvWRi7ulFyAMLjrVmIvLIw, jmmne1DuO3N1G0xFSIYxPA, rwOxSf9Ey105vX_Ju3IISA, 6_eUx_XT0s3oZgR_ZILxug, ToAF8dkadz-mK7Bbb6lL8g, zKfu29hNCviRH55Dm6hAGg, a1S9DD105DZFbdI7NTYTPA, a0BpNnnMlJyHsFjdZJ7KEQ, gzfPNczYiNmmDHSgYff9lw, YzlV7WObsckjV60PFdsKfA, Exzn9vVse9Y_b8EwIvSK4A, E_NosQTpRpDMosFF1K6cDQ, JEOzeSkBgli7kDpPOca5eg, K5h_BQ8jZZqKNDTo4JT5iw, SghtUFcJgdVDuAlafd0Adw, jWrXZnnyp6DdezaQAs5MuQ, pJMFDEnCFELR2OXf-Gxfow, wxZ3E-b_pG9aIkuAiZXVCQ, g7b49hPx4Z-nsestHqKlhA, -bW96_pVVViqeiTIhcTxeg, VVyhqDiV3DmQcKa001PNCw, o1376pUIpMwwqheTA40i_A, WAfjGS-mjHHcch86MAxI1A, MOs_tujoLonbPXX4ZsOp2w, 1QVoFy1oRZ4XdazlYgLZxw, yiZ7bSrYW2kN2y12A8x6nA, KPwLHIJeMM9Wk_95ylEdbA, cA65Q9kSW74Y0eh-IJoZRA, HzAAVQiCXESVULEAcqgHDQ, BCT9wgg8i4JjiAziXa62KQ, mPUkvw3WxbK0lb0ZP1nE0g, hutX2MEVpK_p2j0ffVuihw, jJLKeobEKz20kFiGiMNQaw, DjvVmq9tb5Itxt2YKAVqfA, DIPlfAH0wQB7sQvl1zq-2g, uu0emX7kmcBJv6epQXQyDQ, enh3vAfZyTii7YaKmnkJNw, z5-qmn4J9C8gxx3aIp2AEQ, eTD0K6a_arOmjSSWG7k1PQ, b4GAdqsuR6ROl26b7o2bxg, Vxc6ld_A1jWYMYgIBirVlA, S6AqRxiqGM0F9HwY1-FLqA, Ef6TFXh14-wr1eRCxyx0pw, saOg48_-gGm5CRQAKEiP0w, OgnSgmFWT7mlNDJ7OTixtA, fYypwiNZPuBytXaUizDn5Q, BHBW37o3an4agGnt2AdF8g, 85VyRavdkmksjBJ6UeHaqg, k7LoM5EH35QbkA08d2jI-w, PIbzqFpjiHmI_h_3S7re6Q, d1NvEWuQ3M-dCmKmTnzaPw, 7Ze0nzXJ7EH_STj7YNHOpQ, NT3vnVB8VlvUkpNY1-S-sg, 3sfARNwaSEejiNOvcjGQ9Q, 7jrujeGY1kx9LeJrm4Z7eA, ZBOHevCZaBlFmTS9iq6r_A, tr_kZnUwXn23ZZ87b5CvHg, fCzRxTC0XXIE_AnVc4MmSg, VB3ry2YNh5KU1TU5syX85Q, w8qpc_n0yIR-UKgR0Ca5qQ, 6zC_yxtn7XVmd75VuiwyZQ, YuhpYyUDxCARgI7uGteRgA, UXDrLONfXkD34pEeBNJGQA, IkKkXy8K61KE8IqsYMpQQA, n1i0IaBMFXrjWBn5bm3jIw, gVESYJiEtVxSYBxP5hW9ug, c_lwormJ8UpwnrqPBM100w, 8QAC1m5-WdsYQnhkh8ATHQ, 0sTKNODoal2ye1G515uRlw, K9UHKxbZRb4Cg7h0DtnJ1g, q77QbhRsTKTsO2HLZ1GYZw, nNObfa1jqdg9ojopAU-IEw, HAE5kj3elsSC_cxlCw3nzQ, gZhE10fEL_IWXKMuKASUbQ, 88OTaypY1vN7E9TB1KA3QA, IIMoe_xvzN3GAz0gxPKaSQ, 6TNFZZQUlo5wUE1gGEc4ow, M_sEGfqiZy4IWL7hj7iA3g, rfnSeje7SBaRcNcQJBCh8w, ILbv5WW0MAZ1WQzmapeV-Q, 8eX0nhdA2F9exZW6R-D8hw, dz-MtmB9Qyo2-wWOPUPJ0w, HHkwLgyGLPpx58dBSLCHUw, 7U3xhzDfZTh8n4A_MQErKw, xkA0AeHS6LUXu_36fM_dAA, C0JWiebrddsREsz0DEf98w, jWxK-Efkzv016GBLteyA9A, zPhLLYHU-uFO_Gv7YKv91w, Twoti0ciX2J-OBm2H5y8eQ, OE3ajclZxiTh_cM8Ls-Aiw", "fans": 2, "average_stars": 4.75, "compliment_hot": 0, "compliment_more": 0, "compliment_profile": 0, "compliment_cute": 0, "compliment_list": 0, "compliment_note": 0, "compliment_plain": 0, "compliment_cool": 0, "compliment_funny": 0, "compliment_writer": 0, "compliment_photos": 0}
{"user_id": "5FhWG7kBlVQEI7ryigd8lg", "name": "Brittany", "review_count": 4, "yelping_since": "2013-07-11 18:58:21", "useful": 2, "funny": 0, "cool": 0, "elite": "", "friends": "None", "fans": 0, "average_stars": 4.75, "compliment_hot": 0, "compliment_more": 0, "compliment_profile": 0, "compliment_cute": 0, "compliment_list": 0, "compliment_note": 0, "compliment_plain": 0, "compliment_cool": 0, "compliment_funny": 0, "compliment_writer": 0, "compliment_photos": 0}
{"user_id": "JOvW4uod7cxJie0O3Cq1tQ", "name": "Anthony", "review_count": 21, "yelping_since": "2012-09-05 15:42:55", "useful": 83, "funny": 18, "cool": 25, "elite": "", "friends": "_Bo-TIw_ijurW9pTRQjx9w, U207O73Es6nemdr67Gh0GQ, 4tchNArk3Ly_MY5cRbrzEg, FU1U2wcWO8dyidFgpGmpBA, E2kqibrb2TscpdVzjd_1AQ, 6eXsfpZa22JCxX2j2jFS9A, XaRqeIWyqTZXGUHAMiu1Dw, MqCVYq9nQGKFlbJnSofGcA, lkmJ_wB6hcNL1rZGurc8eg, 0qothvPu5SCc-7sDxIqcgg, eVq9DhsfMXe13A9cUSMqCg, 4SrD1ZwSOa5kGKuTKAFWXQ, 74morO-_AcCDiCK1e6RJ9w, WEzBQs0uxSrVOayeSH6DJA, WAYcF6YnE_7TbDEO1h66lQ, juTIk2yiJe_417lUDTnmQg, JyXk-YWKa74lEHMWGFrsoQ, h4wpuHn4QBsBjjMKp9PSPQ, ENRCPc8g1o8wPHjvoIS43g, 6b5piCdmsp_Yjvoc4Vx6Eg, hbRfKDZ8gEqQFVCEuv5zCw, vQmzU3mNchBY8UkHkzM69Q, 1Aa0UWUd6H_yrvL4O_JNWg, l3-WIIxHkovGJ06yBLTJGA, mi6NirpsFv8vSldVftDMzw, nlQugzBTk4EjrIgvZC-g1A, ccbLfHsCRR7aF7hvsKZgnQ, e1IdnjjmxVKU4pZFWZWx1g, s9RG5we56tLlj6SGYI_KvA, SYV1BV_qqdUAVWPe81VAUQ, f9GstgL2MDaE1I2vmyYJAw, SaUvphYxwqoGKWeSBjRAOw, cHwmizi8X8UO6oS4TuBNAg, DPsLyz8A0m6jr2xio1WTyA, 73vadj4T6Jc83cgheyBe9g, XsPQtC9AevmGZqkI4GmUDA, F3y9zjgM6uV2lACfoO4p5Q, gE9v66Hx7LaOKJDiTl14RQ, yWONd2mNzOsLCuUz9pTm7g, 6lvgPdaC9JJlZoOTFDhhkw, _HjGTuLjRhssFmYrxI5wYg, 5Z5yD1BzEk7piO_4hk-73g, 5mBhhWqVyV_1cVbtg_Z8vA, Puz5vjwWLPDeJBYuZwKutQ, pEcXXa2QU6jIsqqVgRJaGg, IS7jbq3rpWf8cFIb8sMFkw, BfMGf7o6GsK8gUZNQZQP5g, PqLEHuYcrvANaYi-nkfwaw, ePloJuKCHqVAPqGSlkfvBQ, BEdL83pLdKJ3prjqL6xVrw, W_dUbQqSCmSpahpkbxygJQ, LpsNL4MFJlzrTXo_3ZW6-Q, AfLMSKGuzuDwfwAKSuvnjA, wZURotVwS03KAbhBrpFe5w, vrCWRujtod6YqPdIMy13Yg, dq2IIpj3hVWLjvtBZXEbXA, DYHBgVCpovXabgaxWMTrTA, lZIHyaA3VQgZyDQblzxIJA, icTbfwMglgYFURApxf526Q, Fi7Id39z2_8GT2Pbw4CXhg, LQHvyjffeT3hdmXklXF7Rw, slYkW9ypmrqTTwAFl3cHDg, GIbsXv5sfCDXb0qtg1rMSQ, -iV3d_aG28i5QLFe2pKooQ, bu_oc8R16E7hOWC44b_oiQ, eFahumE5oUwxh-V0qqI_yg, _dFVZY-4GdNnJcyd9Zds7g, QfuaEKzRXpBpfB8ez8oBaQ, f8Uzr1ybJXtB59yPRI9pmQ, c-OWvS3IVpes3b2t1HJjqg, a-Oj5qEK-lpDXqQ_b12W7w, SvF3fOBeVIEWVsfXS-hYHg, o_WF8D8BD4gUIr0PJOpWiQ, vl-wsmBCzOLEFrqbR5vwkw, LVIn7UWkvgf0_rus2aGikw", "fans": 1, "average_stars": 4.09, "compliment_hot": 0, "compliment_more": 0, "compliment_profile": 0, "compliment_cute": 0, "compliment_list": 0, "compliment_note": 1, "compliment_plain": 2, "compliment_cool": 0, "compliment_funny": 0, "compliment_writer": 0, "compliment_photos": 0}
{"user_id": "HR7eptealbdyh1FBuaLtLQ", "name": "Quinn", "review_count": 20, "yelping_since": "2011-08-11 01:02:19", "useful": 23, "funny": 3, "cool": 2, "elite": "", "friends": "iw7Y2EcwcYN1pVhEzTr7mg, 4QfuerBgvb05u1JG0NRRmg, 8Kt3cKfG0qvGn4ZE081blw, fKhRnY1oHlNfLIYfl5PIvA, 5xLJnD0km5-T9FAKvkXS8A, VvOge2QgiABpT-bP_8t7-Q, 0OKVKDT7QKPH8NtKa9W-hA, 883y8Klyp2broagq7dYBPg, uJaQMDCrYriQi_ReYKrfag, AzhVKzAF-w6MYZp2sqBNiA, 7I-S1Uvqt-4SSvP0lVfYUg, NAveOLf6TNxea7A0ZxRnTA, _u1zMIII1ma5mKgZbJvCPQ, UoVGqc_GkWzSbtuJmLnt9g, bf8hdJF8w0kq9zFIQ_KQWw, fhSz0HqXeHpSyFVqbkml0Q, FpAbYDZHCrb91EVtKMMP0A, b_Jp3QYASbPulHzpRv9_dg, t-f7Wl6TJkYjGjbxzlB6_Q, 9YRFLVFVbHGAJ1weFx5zqw, Vn9oGuphbTe2davLvvIesw, 27M2Bi1hZeXwvTsSwAijpQ, ffVJabZQ2ap9DCj5o1gZtg, aLtM9BrB_CJ2QUYIlG4sbA, OEgyl0vbHq4kRZS7NYQs-Q, B14nbCC4zFdbXjcB_Hsy5g", "fans": 0, "average_stars": 4.55, "compliment_hot": 0, "compliment_more": 0, "compliment_profile": 0, "compliment_cute": 0, "compliment_list": 0, "compliment_note": 1, "compliment_plain": 0, "compliment_cool": 0, "compliment_funny": 0, "compliment_writer": 0, "compliment_photos": 0}
{"user_id": "yA12PRMaFUtweoVjYtlHOw", "name": "Ashley", "review_count": 45, "yelping_since": "2009-07-18 21:58:24", "useful": 84, "funny": 19, "cool": 18, "elite": "", "friends": "f93G_IMdbqhw6ETIoO9HGA, -xm3IeMDHrl6OJG6r7GRiw, PNx1x8x3wjTIjrjhaNiVAQ, QvVpUGl9a48wzeRE1NDDrg, 8SgjU2fID9VqKQooFt1DIQ, XLyPCV-y7nbSbNnEPKmpwA, Zfj6vjl3771oxe9Cn_wndw", "fans": 2, "average_stars": 3.74, "compliment_hot": 2, "compliment_more": 0, "compliment_profile": 0, "compliment_cute": 0, "compliment_list": 0, "compliment_note": 1, "compliment_plain": 3, "compliment_cool": 4, "compliment_funny": 4, "compliment_writer": 1, "compliment_photos": 0}
{"user_id": "Z1mLrweFRoiGqqXvpgyi5Q", "name": "Joan", "review_count": 32, "yelping_since": "2012-07-22 17:22:15", "useful": 24, "funny": 2, "cool": 3, "elite": "", "friends": "None", "fans": 0, "average_stars": 3.63, "compliment_hot": 0, "compliment_more": 0, "compliment_profile": 0, "compliment_cute": 0, "compliment_list": 0, "compliment_note": 0, "compliment_plain": 1, "compliment_cool": 0, "compliment_funny": 0, "compliment_writer": 0, "compliment_photos": 0}
{"user_id": "asS0HT2cFfL2gLo9OGLeKA", "name": "Dave", "review_count": 5, "yelping_since": "2017-04-21 00:53:10", "useful": 5, "funny": 0, "cool": 0, "elite": "", "friends": "None", "fans": 0, "average_stars": 3.17, "compliment_hot": 0, "compliment_more": 0, "compliment_profile": 0, "compliment_cute": 0, "compliment_list": 0, "compliment_note": 0, "compliment_plain": 0, "compliment_cool": 0, "compliment_funny": 0, "compliment_writer": 0, "compliment_photos": 0}
{"user_id": "b2NpUbLhPfEoCnv0lM3ZRA", "name": "Cheryl", "review_count": 13, "yelping_since": "2012-10-31 23:35:39", "useful": 11, "funny": 0, "cool": 3, "elite": "", "friends": "None", "fans": 0, "average_stars": 4.64, "compliment_hot": 0, "compliment_more": 0, "compliment_profile": 0, "compliment_cute": 0, "compliment_list": 0, "compliment_note": 0, "compliment_plain": 0, "compliment_cool": 0, "compliment_funny": 0, "compliment_writer": 0, "compliment_photos": 0}
{"user_id": "k4Spdotc1oCINmkKLS6JnQ", "name": "Vj", "review_count": 36, "yelping_since": "2015-01-02 22:01:04", "useful": 22, "funny": 4, "cool": 6, "elite": "", "friends": "None", "fans": 1, "average_stars": 3.93, "compliment_hot": 0, "compliment_more": 0, "compliment_profile": 0, "compliment_cute": 0, "compliment_list": 0, "compliment_note": 0, "compliment_plain": 0, "compliment_cool": 0, "compliment_funny": 0, "compliment_writer": 0, "compliment_photos": 0}
{"user_id": "Xdm1eRh_KQfsDAjL5iOLMA", "name": "Michele", "review_count": 8, "yelping_since": "2016-06-16 18:29:38", "useful": 0, "funny": 0, "cool": 0, "elite": "", "friends": "None", "fans": 1, "average_stars": 5.0, "compliment_hot": 0, "compliment_more": 0, "compliment_profile": 0, "compliment_cute": 0, "compliment_list": 0, "compliment_note": 0, "compliment_plain": 0, "compliment_cool": 0, "compliment_funny": 0, "compliment_writer": 0, "compliment_photos": 0}
{"user_id": "3S9Fb8JnXYMBOhGDnJC2RQ", "name": "Kelly", "review_count": 10, "yelping_since": "2012-03-19 01:22:53", "useful": 10, "funny": 1, "cool": 1, "elite": "", "friends": "None", "fans": 0, "average_stars": 3.91, "compliment_hot": 0, "compliment_more": 0, "compliment_profile": 0, "compliment_cute": 0, "compliment_list": 0, "compliment_note": 0, "compliment_plain": 1, "compliment_cool": 0, "compliment_funny": 0, "compliment_writer": 0, "compliment_photos": 0}
{"user_id": "KpgY70ENZ298nhjnuTasOA", "name": "Carl", "review_count": 19, "yelping_since": "2010-01-02 14:13:54", "useful": 20, "funny": 10, "cool": 2, "elite": "", "friends": "F95EPu_Ac_nbdqPn9f444A, 2TG1lqi_OgL0PKQTeIyM4w, h6tvNJilPdzIzHiA2E9QOA", "fans": 1, "average_stars": 3.74, "compliment_hot": 0, "compliment_more": 0, "compliment_profile": 0, "compliment_cute": 0, "compliment_list": 0, "compliment_note": 0, "compliment_plain": 0, "compliment_cool": 0, "compliment_funny": 0, "compliment_writer": 0, "compliment_photos": 1}
{"user_id": "slRzZ0g3B6fs6IcKv7VhMA", "name": "Iamthe", "review_count": 3, "yelping_since": "2014-08-23 21:19:43", "useful": 1, "funny": 0, "cool": 0, "elite": "", "friends": "None", "fans": 0, "average_stars": 4.0, "compliment_hot": 0, "compliment_more": 0, "compliment_profile": 0, "compliment_cute": 0, "compliment_list": 0, "compliment_note": 0, "compliment_plain": 0, "compliment_cool": 0, "compliment_funny": 0, "compliment_writer": 0, "compliment_photos": 0}
{"user_id": "J_YvuhImu-IabKXmwFsWDA", "name": "Matthew", "review_count": 9, "yelping_since": "2012-12-02 01:46:20", "useful": 4, "funny": 0, "cool": 5, "elite": "", "friends": "Gpjy0DYqqRBVEnHAqcy8MQ, aAYw90CAjYFVzqOdKuHcaA, zG9Sf1CG8MiUpq3Kd7m3zg, mO6aJUe4oVB1mWVOq4UeZA, N9n_G-68KgYC7gTgsalMrg, AacdVFHWhcgiqvEPtJi-OQ, oclGNEI6Ke_OU8oVJlyNBA, ajCPJxtl2AQnezU3kYQBwQ, cYWTfca4ZB5Gs3hzGedRcA, mfHM_LbZ87o7js9wOhSxNg, DI1rqPmVZNBEDmmEhx3awA, 158lyS_y2N6JwwLhS9Ariw, t1aXWPE60s4gkNKdjc1Eig, _XM3e0tUSmXgxeJh_JYg1g, Je_eWoUDj8m1Hw6wT0imMQ, cuDpOdmyksqoGIEkqVQVIQ, GgxPvNbv4jUxYPOGcZ5P9w, BzX5WOaDJMzaIrzT988Riw, F5P63g2BI6WGcupRSeVArg, iyyuUDpyjwJ_0iXCcbjgEA, CXc2vGDf1l6a2LhK4Pp0gw, 2GzEuSFTPgoBxoIfbBJvHw, bxiY0Cw869rF9TQKC_JESg, GA8-eWy1SrtUotVhd1KMJQ, gviVpr_AiY-0JyQNqwA1zQ, 1eu5-qwZZvZFsPRcfzmIkw, Vq6FP5pM71z9Npkew04OQA, kWhZpyYZt_EsvlW_CWx8Ng, Q6Tn0OfbYQFeiA-HsRsBjw, oGrluJIQ5p2FrUoTrsGKIw, uVFplFkEM-OEVoKaLBIy5w, KzEHXFjbayCxD12DR8ficA, gWd11yM2DfgS61VgOP-IZA, 83Ph2dnZPuC-U8BuA1_nOQ, J4GFf4eIvzkqqwd5nOnKrQ, yLFiD3pOjX3Fd5PJiSNfVw, zoyp6b2PupG9sZmwxVGU9w, mozZSJDx10OXquT2cYQNAA, jAovBMgJNpLZXk2taX9i9Q, -LJebypo5g-XThn7iPiSug, muhWVFzLP5HzBtXB8ZG1Cg, Ul_9OEJzYbvShO77-ZSQ3g, DtcN8hhNvL5W4NfPjQMZ7g, HFOOORTfwTQKPvirzI4Cjg, t9TiFwBUgiiNXP89KsJ6aA, N5YVTvlsNTmxET4WjEf6jQ, RB3JLw7kAhUSbGT6mc6oag, Su_QP-lSuIzRJ7zx6-jJnw, Ab5nrsi5SxZq_qvFEVplzg, 4AGU5Aj6Ut5NuVLcSZXr3w, DUBfQUbfr4Fi4_o-Re3lZQ, 56mr7-LPvYoFEnIYLPMalw, VYLDYGOnCUxgH4hEMqFOWg, 8FsEpFRBx6Hob4vfEgkSAQ, TnkhO1slo8OWngpSQ8_WMA, eObGbEPH9IW83gBQwIviWw, ud9XaF067QaJU2vaWHEdJA, Er8UhyfvT-v7-Ozb3q6TZg, oFplzZGT270b1P59F1NKGw, om97-fuMunzy7ucAuv8ffw, 35ztR42c5Uc-zxsG0cfoCg, 3ay4qLYqJ6ZFFTBsAgcmCw, 8wF61lX0sUIt4EO8AIBHTA, o6IxosUUyppEOOliqrRldA, tMxPUtphf1VYZI5UecZbYA, UKXTG7uhsjkZyLnA2_3-Aw, FeHXLhdGfHEwyN99sv6HqQ, 3BsJ2xhb_6v6vQKCf0OIcw, XGy49Zbbw9pPuPq49aVHuw, IhACgzy7vBFAHNS-peGUtQ, sARD5o6xkYB82iUnWfZA1w, GCm_J2PDHby4UVysIZSZ1A, Z6aKIYVbyeFS6ssd3n4ntQ, GDVyH3bvd5LpMJa7wmfGyw, JuW_reTCYub56rc2IQjDMQ, KnWCvSXAxtJvhiFlqLQo6Q, Gt6QccoQkhQUBn_aPUc3tg", "fans": 0, "average_stars": 4.2, "compliment_hot": 0, "compliment_more": 0, "compliment_profile": 0, "compliment_cute": 0, "compliment_list": 0, "compliment_note": 0, "compliment_plain": 0, "compliment_cool": 0, "compliment_funny": 0, "compliment_writer": 0, "compliment_photos": 0}
{"user_id": "84s7oiK1LoIrkDkQWCtGlQ", "name": "MJ", "review_count": 4, "yelping_since": "2017-01-31 22:44:46", "useful": 1, "funny": 0, "cool": 0, "elite": "", "friends": "Wk4Lt9UhOWz-PlEqcpzs6A, siySF-a6qsxltWWQtIq_nQ, 0wi6YewqtUR5uqook_JIZg, o616YTKheIChJpq2J5PArA, lu8elvb5c0JWqr8Yq8XzuA, mdGKqIBhXVqjtAfjOy_Gow, aQjyi7cXg1ey-46qpgs1bg, Op66fVhBFHBmQ4HEAPEszA, B4-ITitcqlnaFpn8400BWg, 8DODazsj7DpKqD3_2i2WAQ, UXpVph-0pVWuDIDpyR8MMA, 7oFIKBMwACCPFf_i2d8Jeg, o-7_-N4SVLfJSFrb5GMBug, Iuboyp38DpOfDCjau4cYrw, FEjVO5YLnqXW-xyKN2dZ0Q, f0T-5SYExGgfBhr4D_lerA, sAmP1_3HMcbHRnMoUrZxsA, y3ui0EyNTsM8AADnVXGX3g, QR4fZrYerTCIRk9irMefBQ, nFh_IRqO_D25PqqvJxhfqg, ofWcCPilxIgsl4YhsybaBQ, TE_o5GfLeInxMB-UC0GO-Q, hphb5wfrERuhqqY4JpgUGw, o5WYubhCUEiYzVl7_bfq5Q, gwAEQ9yr9ZNgNihGiaSYSg, KKx1E6uIBPvQxiJrsgEouA", "fans": 0, "average_stars": 5.0, "compliment_hot": 0, "compliment_more": 0, "compliment_profile": 0, "compliment_cute": 0, "compliment_list": 0, "compliment_note": 0, "compliment_plain": 1, "compliment_cool": 0, "compliment_funny": 0, "compliment_writer": 0, "compliment_photos": 0}
{"user_id": "5JAYsWBnv24L7J7Vh0VHnQ", "name": "John", "review_count": 2, "yelping_since": "2016-01-17 00:57:56", "useful": 1, "funny": 0, "cool": 0, "elite": "", "friends": "OI2x2EroqPeVMIHqtVsQ2g, Y3_aWD4hQ9FLRxkMdr5dJw, oZyspB9UhhscX114gRk8QA, sHZVigVGqHwUwzLJr-gXNQ, 1tHaFxCN6vKJgwmf1xY17Q, uy80Q5hG2PaIDUjo7AGe_g, F92pGnA6OIPPYdyN7GgWDA, BTzCGM0j9d8qt-EG92w5Lg, UP_xL0L7mzvi9ALE6IwTGA, j9bvAeflObw8HZveymi7bg, 4Nu4fVs8glA7gcH0TOxMAg, jr8z70YgFF1bQJGcqD757A, XXVcOHkDshw_IkRNaO-CqQ, ae7B9KF1vaWmeF99RD-H9w, 88q0lJk-iXJfkeRu_U0rJQ, 18I1QVQWy7aMotJFS3JhpA, _Q-gMUC2lf1ivj6EzIMTiA, qsPqmCyBD3nEAMS0OBbI2A, tMD4dZDUZng4v5Es5SLwdQ, F-mHDFAaUPIn5QqnZXk6rw, T0Ok7QG30yDKh08DUbh5dQ, _sMsKMCjUx8oCnvsESsUAQ, uAB6a-62zK6FzRMseEqOlA, K2jCkCioBylRlpFus16peQ, 1shDapgU4wLDJpJ1ueDrYQ, aFMPIOEgMZytD73PTfbipg, 5Dev6LSEP4pQe9Haq3GiOA, YLGOrDUr9K7UqUJqIJqjSw, e0L_z2DA151l2KQ196AGzA, Wh8u0EO7dRLVLNMfFIh4IA, heXRLYeuXKn_77JQknJV0g, LJbdcEgeEqYepfpY7YBlPQ, YrWmzVGKgaIySzRIKHCd_g, HYxa7ORDfto8yeFJNGu4XA, qEGSXWQAsg24YywnIkPZjQ, HtZOG3aXY4rEIxwpffqqKw, GG-3tQnZXRJdrGcxTI0GiA, OG8mbCvlONAgFPLg-C11tw, AEJqnNl_E8CARqquxaRuAA, LxcXUrURH5rZ1jRnRd2d2w, bPouWQW5jUe_IuuyklP-RA, 9hYjx8QYQJOunjPEP16LBg, TriX-P1DAn_915nYPVcYBw, E_s-u2IWL5MYPY11gm608Q, 1dfo4w_6rBsZ-NL0Ycii2Q, drHEyGEVy16CZjBIZ6zAIQ, iD4VWT2ytaGaL7Heo-lj-A, g3syw9ND3Dzi07U5TiNDtA, RcLScM33nyFGNvwwtUNhBw, UJJiuT56KloESORV3hbN3Q, Z9F1xlWgnRwAzZgzfpO-kA, xPIr-WlCIpzGIYGg7iGrXg, i3WMFM3dDi6mWnB2Rk1uMg, hSHpPNSzIjsRVOerJE39uA, hMdvRlj3yMZPm6Y79J83uA, XHY1Jwjl7RrHehxiP0YL4Q, K8i3iQdlT5WmY3x725qsZg, W8zQxRZiNy5dbP6pUlQe2g, mwjqcNAnrsDEscMxkY9X-Q, JvldexbbvFyZFUGn3XH3uQ, Gu2RRZDKippxq9PdkPQUXA, so-oEu5sQuwgRUvJ4FP58A, wvyZemkZVZFSbdNVCD3C9A, 2eTM66uw0vz_XDiQlxVdFQ, NOHDRiLxd_wek72HMZMssg, edHAy3-UjBAGrBVUb4iSBA, geM1XH2mpwNkhWwD3z9hhA, ZTiyvwDkq5Z22mvUSPYdnw, g6GIOOlk2v5SJ5hjETADaQ, iTBh5YTyt304h3YM_ZE5kg, 9wMdroVckfvHaqCHMvokLg, sBwsIEoIZ_g_aQl2tmtbRg, WXWgN0foa8CQ6imFPXI38A, 54k-E-tFvm_O1oqzL1Culg, MwHtI2pAKH6BRFZ4tFoD1Q, -ZErVvt4p06nGDeRFXubog, GVN5DT8xb4U0rzVYfBHOJQ, SZxqfkE2aL3o7PKTNAdfpQ, pM8dIorDa59IGYNzPgqhkg, 0O9hOTuoYssVtOCO1rQLSw, CXCYnlmRqaxTH6vgbY4Y5A, J0aOhUWasjZ2tK-jekOLNA, HqW09B_b6c_l_o9y6r5l_A, xGp7h0T2qLQkqXCIqGYerw, iOx-CpY06d_RI_GCTbG94g, ZiATyN_5WMaOKYrLTwCRZw, BndPjgjIG6LbKbZj37O1Jg, sSSEfyaw6Qaa2Aa5thZoww, i_sjIoUNLtnxVYSh-30wIQ, 5fPTDswNXBw3tVdcjsfEmA, Gf-YdwpvoZSxsFnX67tBVw, A06TUu8p0oHIsEu1dkUmXw, 47LLVTEvus5cYaJCGXOraw, tu_DpTXFc8teskKzz4otvA, v3OL8mU8yzD_uXo2gLaZVg, JqavYOHkbLf6pBLhedgliw, X_CFCvPHbF84AbTsnZJzaQ, OAgsxmdIlNH2GdUMyejoQA, _m9ZsC00xup7fy68g9gS6g, ph9xYmEjRy0mt7iPxFFkaw, DGiY5PkwX1cTbEakABDUFw, LKp5e92zd9-wlhfJPkBiXw, pIJ_UllzQ9S4rb2iJKXJXA, sUF63YL6qGV7REpp0VkkNQ, 9lEF0l9jfdxeVNfYDCcUAA, MXiN0tqaelAtPJhC4IsiNQ, IgfV7Q9puWnHGy8J512gBA, 0mU7GMaxBFOaeuH_E1dzXw, X0kHOWap0ktpqwift-xKUw, sDkjkYK5KkuSVcOepQPk6g, m5tZBhUVK7-EqZHo-NBUxg, c291sOmW3OGabEtgMwI23w, gpyZew-tvZu1Tdap8h-rCA, NOCrDi6Hz5ZLYqnmQuLlxw, oSRBVh1YxiMiUhHVqN2Phg, 0pjfshMUKZ4s28QwRDcxLg, 4UB8g28HD1lY1NhfLjOc0w, SUd9P26KtzIIxVXQamE0OQ, Xzfhvb-5nzmv5ZVpe1kQew, sjnwr9pfzKRUNR0eloQjrw, oj-tviFOzfZg0bePZGbhOA, z-iG5cslsyOcVnNRF7M55g, 8iir5cjqZlGJlNrUJ_v-hw, Hw4BsdPDhpSaoQ9v2d-M1Q, KrSWkIQIYMU79dAWpiDTkw, ERmmgr7Mm6ZbdK92XOk50g, k4WStY5CbFAuva10-6Qa7A, IWjLRYLKycoXSZwgHNjrZw, Stubcn8DVM5GIMt7mCJ_WQ, yAdw1_uVCZyy0fdXCudRFQ, Xtvi0SaDQy4Sd-M1fS8drw, URaATnQZvvoqvTOKHk7CEQ, EOwzg8uL1BR9kmqiu-Ndcw, qwuU0wqWNOmDE1M3gbhttw, BWEFQP0fSVXhaWDIxJAdBg, Nt2Op5-MqqJE4WL76H_1BQ, av-NXRh-34Q7EfbZtB5pxg, Vhl9A8G9JXrc10rS09b-Pw, PdPs8Y4CKfDR4IsWIl7diQ, o7JGs-Y-K6zeiuEctHJUvQ, 4WUIxBNctEXOqksoXaUkWA, IQoj-21MWBpEPS1USczicg, gcCTmzYFXvtt6VeXirODeg, x49jbxeNZ0MCGOW5dxIQ0A, Usctvda4H8N97E_94RMXSg, 30AL6VbLvtaKFWRtoyTZtQ, SLDOrs_8qK4BOBVvs44ogg, dOAgLBEpp4uteryZrgiQhQ, f7gk-mMWVqoeMBE_oq4NPQ, kDlBcqMeAJ70FjeoWmYHeg, HL3Pj6xNQSD1HPDN2_kYvQ, veTgBEeggaWrRTxzH2XyvA, -9_zgY4aY__oXRcDHWQ3og, F3tkOfcBeVqTimOlQ0imJg, oJEQYjrzcezM0h76nAt9mQ, HnhjtqTDnrSEvScHycbFOw, dGTYgO51PW2Y5AJqbOuIkw, teu_7FYcgITsWA1rnVgWxg, XdLdyyfH8lGmE2mmScgUyg, IC6bMZd_7o84lJGOg6KowA, WISexnnTCPldG49NIbxeBw, lj9v-FZjJ_1oNP6l5lg1cA, fQtXLS7QMeRS1L8-xMkR0Q, 3UT6iAG-G3YLlYxZPKRIMQ, PmdzKAnXDui49slpHUk49w, FxbCVaqqJEAnNBIqok3xog, Hr5XeLhw1Jj6b4Nkeig8Nw, ovCllVyHA3CEG92OAg5e7A, K7FfSBquTpUec_mNz7dIMA, 8jPKcOjv-VLcPMB_DluBeg, IxnfAcXLcvUaL0p3I7l9og, XMoN46nIqZuv3FFuDhNYQg, HYFIMWGuG2mK0wYXzDe7iQ, 20amIgQbG8UIMNTD2pYASg, yncONA4ho5sxEeVyZEB33w, boAqKJBF7NmSu9noeVKLdQ, njzEZkNbEmHL_Z9sJK6fzw, HVmKsRW6aFasZCYmFiBt4g, NmMXptWpYcfKfvfl46RrnA, zbh4Kez0fPvuopN78_mAvQ, SUbuoX96HZzT54qaGI2tlQ, mY-Lrelwt7J1ObqB63iAZA, y8zYRDjz7qBjigaJg5o9zg, TQM3wHKI3J8cEoK1GfygbQ, FbyX50auMIQHuNTygxGzRw, sR6Y0uvnxshPtp-hB5bVww, b5S42Pc-VsH--wRVahaexg, DbQfXFJCNyXFMCgUu2B3lg, UK2LruxGTImnFmqYxjDZTA, UXAfsqAjvygH_0wQKCcp6w, fKDuxEPrL1_fmewhv7vEEg, 612f7D1fPyTjAYNlUz7Ftw, U9gLzNW4M9qCP3PeKqSqdA, Wo19EqBKy7uWq7P3tw3Kbw, l85odUuPEiFgAyWpDoRULg, c5ebpS7ex6npffT9Nlvqvw", "fans": 0, "average_stars": 5.0, "compliment_hot": 0, "compliment_more": 0, "compliment_profile": 0, "compliment_cute": 0, "compliment_list": 0, "compliment_note": 0, "compliment_plain": 0, "compliment_cool": 0, "compliment_funny": 0, "compliment_writer": 0, "compliment_photos": 0}
{"user_id": "yjyd07UenA1IqAQwJEqwIQ", "name": "All things embroidered", "review_count": 1, "yelping_since": "2010-10-21 14:14:55", "useful": 2, "funny": 0, "cool": 0, "elite": "", "friends": "r5pAkvV4QLFQBtLnX0lWtQ, GdpK1BjMz55WLBO7n-YBDw, KimsMEnrsfwvuXkHrY2ZMQ, GTKWSFJiwIMtxgdXGAUlFg, xRA5xjdlphcuwEfSm8RuSg, _d4cdg9UYu3bP4OYIExX2A, 93u2lGNfgJpbtf15tML2Gg, Sipq0LRFGisXSSEcB4w7Zg, Regf4LmZA4r5cAjEYgWUqw, 2f2k14j8_kkUx0jpNjYgcg, gvhiX1FrOJGZGWSScMzfhg, GscmGX5AJm-XbnParY77Iw, NM-UBx44bzqVv3zquhz4Rg, Eg-69VDEPFVLnf1wT8A0qg, q8d3xpn_SJhgSt-VpUwYFQ, Bjqv1kcZnTVnbk0nfhDqsw, mAfvgxvgsbpCENUYIZ9hvA, 11QfJy-6I8n1oNrJsGD1vA, -Tq9Qf4OaOnWyMI_G93sFg, tRELAfKk4eDdomc2GI_1kQ, 34LMeP1IQx8E1ifEGEN7iQ, 8iA6FBcvhTM-9SV2WWW2nw, TD1k_2iHCffIXcywNDlP_g, qAoeuh_Ez9X9mL1VTxkrGw, EUmqCsqtgFcbS76L5hHHhw, r3jdC_fWwuYsf8HD56zA3Q, VIsT3m5mARbcFzu3Sew-Aw, C4wSMCapNRUK49WEOdG0ow, kyfW5PNSVHkbFX7I4cJbNw, 6eXsfpZa22JCxX2j2jFS9A, 3AoWniLWlVEKhNHGu50xhg, 0nra0XnE9DNUgTPzEgyWxA, 7RPttcOgtvcj7FWFy1JjwQ, KkXfCY9pstcpfWeXVaiMXA, ZWzG-CubFZwHMG-a1pwCOA, HCD_ZcfTPlnCieSEgw0SoA, wdLPndGK1IBk6nPYW6u01g, B9_iAYb-a4C9Qzvb28EB_w, -S5rBTSjTydqRf6FGtmFFg, ahPYqsvv2xfaCsu1uzgNcQ, HExa860jY7KYM3-Qpm2NSA, E91-pEiUpyuWsA-Vgls-8A, o8TL9U_xt5ekJGxKk1wxgw, MNMcJH4v45iXAdB1hOjB2A, lhBRybvDczpgcFJe-SBBFg, Nv2a__EFAR9Ds9QZkInuiw, PCgII07sjS3KHnN6NHD71Q, 48ya7UMUc5OHWaOOr-idJw, QnHDD57G1fsPSgTHvH-CRw, KbkvJaw_eqyHHMVh_iGYsg, nIX8Qx7JTd7u_1DeLZZpow, OUnEOah0oSzCXqv0VmxI_g, kqwirLO4YSxtjdQY7BanmQ, 3MtN3D9ze-gRoYH6Jh-x9g, I-N1yI92b0dgTAZ20uBVYQ, S3WVcOYlwTpZSGqNQg1pRg, MBBYmLS29K4ox1wD9j6D8g, VWi1DG79LOvJrJIu1dqu7A, PXHIQbaFmDpFB6x4-GTtwg, HmlbLFjPJ1t4cHAwJ7FSrw, 5opLnHKg6p5GdpqduCZOZg, ZbguSJlfMSsHlzsf233Ieg", "fans": 1, "average_stars": 5.0, "compliment_hot": 0, "compliment_more": 0, "compliment_profile": 0, "compliment_cute": 0, "compliment_list": 0, "compliment_note": 1, "compliment_plain": 1, "compliment_cool": 0, "compliment_funny": 0, "compliment_writer": 0, "compliment_photos": 0}
