{"user_id": "Cr8abLh23Xsb9WlxLH6CfA", "business_id": "eVv6cnwhabK8ig5Di2hXQQ", "text": "Quite a surprise. Love their pizza crust, try the Hwaian pizza", "date": "2016-12-09 02:36:30", "compliment_count": 0}
{"user_id": "_glN-BiTOtFspxvdjDnR_w", "business_id": "0Rni7ocMC_Lg2UH0lDeKMQ", "text": "we have been eating at this barros for 2 yrs and havent had a bad pie or bad service", "date": "2014-06-06 01:40:49", "compliment_count": 0}
{"user_id": "cd5wxvA08Ac1wBAHJsX6TA", "business_id": "qJf61TR4Jq9Xph5RiXPS9A", "text": "I have been coming here since they opened,  always the enemy crepes!", "date": "2015-01-17 19:39:43", "compliment_count": 0}
{"user_id": "0CuIwjdRrcOsUrO-2gE-9A", "business_id": "qJf61TR4Jq9Xph5RiXPS9A", "text": "BLTA crepe good.", "date": "2013-12-23 17:42:00", "compliment_count": 0}
{"user_id": "eR38_W7hKgTlQ7fVgbRvig", "business_id": "M2X_MSKzvvnXeYkyIVPDlw", "text": "Spoke to Jeremy who advised they are at max capacity & are not accepting any new monthly maintenance jobs! Dont bother to even call!", "date": "2014-07-10 18:13:20", "compliment_count": 0}
{"user_id": "ymsCoD_HkTlPWpgD6-cacg", "business_id": "-v8Z3mdbbPs1ljLziHr2DA", "text": "Overpriced, inconsistent, and poor service.", "date": "2018-02-03 21:57:28", "compliment_count": 0}
{"user_id": "S05ujQ92h7YNDzY6u7wr_A", "business_id": "-v8Z3mdbbPs1ljLziHr2DA", "text": "Mmmm vino", "date": "2010-12-08 03:17:58", "compliment_count": 0}
{"user_id": "3R_dB9VQ_D3WPJEw7pmorA", "business_id": "qJf61TR4Jq9Xph5RiXPS9A", "text": "Crepes.... So many to choose from!\n\nTry the apple crepe!", "date": "2016-05-12 18:43:44", "compliment_count": 0}
{"user_id": "Mq_WrnnAsKJSHsxpEpB_WA", "business_id": "UY1BHeeb1oE0-uk0EKqaGg", "text": "Don't come here unless u wanna wait", "date": "2013-08-22 14:58:54", "compliment_count": 0}
{"user_id": "Wxdj4Zui4VgbMR4yvCERXw", "business_id": "UY1BHeeb1oE0-uk0EKqaGg", "text": "Service with a smile", "date": "2012-11-03 13:23:42", "compliment_count": 0}
{"user_id": "Ai0lUpKvmbp9nx_f8JN7zA", "business_id": "qJf61TR4Jq9Xph5RiXPS9A", "text": "Come at a non-rush time to sit and enjoy the ambiance.", "date": "2014-03-14 20:51:29", "compliment_count": 0}
{"user_id": "mzy-TRgzwMmqiCsBrTIxhQ", "business_id": "eVv6cnwhabK8ig5Di2hXQQ", "text": "Great local pizza place with delicious pizza.", "date": "2017-06-30 04:16:49", "compliment_count": 0}
{"user_id": "-C74IbRL4LAEfb6jXIG_gg", "business_id": "qJf61TR4Jq9Xph5RiXPS9A", "text": "Yummy Peach Iced Tea.", "date": "2012-08-13 21:35:01", "compliment_count": 0}
{"user_id": "SsYDYuT792irBRoGpcOmrA", "business_id": "0Rni7ocMC_Lg2UH0lDeKMQ", "text": "I've had some pretty crappy customer service at different locations... If you get the wings ask for light sauce or get it on the side.", "date": "2014-03-25 08:28:53", "compliment_count": 0}
{"user_id": "MCpgEpqeSb7vtfVRJCpIOA", "business_id": "eVv6cnwhabK8ig5Di2hXQQ", "text": "Pesto bread guuuuuud.", "date": "2012-01-02 02:45:25", "compliment_count": 0}
{"user_id": "q6eks8g-8ve1AXMh1MTKJA", "business_id": "0Rni7ocMC_Lg2UH0lDeKMQ", "text": "Phone number doesnt work. They may be closed forever", "date": "2011-10-18 00:43:33", "compliment_count": 0}
{"user_id": "se7ewp6D_X6iHB6FS7sulg", "business_id": "qJf61TR4Jq9Xph5RiXPS9A", "text": "Awesome crapes!", "date": "2014-04-12 17:15:21", "compliment_count": 0}
{"user_id": "ZYdPYCi5UP75TrcGZV1FjA", "business_id": "jEt8ed_Z2cJaBNpLG1sfsw", "text": "They rented us a car that didn't have a working speedometer and had a leftover sock on the front seat (gross!)", "date": "2015-02-07 19:12:37", "compliment_count": 0}
{"user_id": "VXluaYeaDKxPunJG_bdSZg", "business_id": "qJf61TR4Jq9Xph5RiXPS9A", "text": "Service is alright, but sweet crepes are worth it.", "date": "2012-06-17 20:21:45", "compliment_count": 0}
{"user_id": "quH7oYf3C-_klKjP-cklCQ", "business_id": "UY1BHeeb1oE0-uk0EKqaGg", "text": "Deedra in drive thru is dozing.", "date": "2013-05-29 17:09:13", "compliment_count": 0}
{"user_id": "6sOrsHBiRkeAQrg8Lrhuqw", "business_id": "-v8Z3mdbbPs1ljLziHr2DA", "text": "Wine club happy hour!", "date": "2012-05-20 01:16:51", "compliment_count": 0}
{"user_id": "se7ewp6D_X6iHB6FS7sulg", "business_id": "eVv6cnwhabK8ig5Di2hXQQ", "text": "Orange blossom beer is great. Chicken parm sandwich is a great choice.", "date": "2013-12-06 01:30:34", "compliment_count": 0}
{"user_id": "_glN-BiTOtFspxvdjDnR_w", "business_id": "0Rni7ocMC_Lg2UH0lDeKMQ", "text": "i always call for pickup and they are accurate and quick on the phone. everyone is polite even when its very busy", "date": "2014-06-06 01:39:53", "compliment_count": 0}
{"user_id": "eZfHm0qI8A_HfvXScwIYsg", "business_id": "qJf61TR4Jq9Xph5RiXPS9A", "text": "The strawberry & honey crepe is delicious, and they offer almond milk for beverages: the chai latte was perfect. Very homey vibe.", "date": "2015-05-29 02:14:06", "compliment_count": 0}
{"user_id": "U3JneBFkfgIAcRufEj5L8g", "business_id": "qJf61TR4Jq9Xph5RiXPS9A", "text": "Cozy, cute and delicious!", "date": "2015-03-23 16:09:06", "compliment_count": 0}
{"user_id": "quH7oYf3C-_klKjP-cklCQ", "business_id": "UY1BHeeb1oE0-uk0EKqaGg", "text": "Got the inside scoop.  This place is moving to Elliot & Priest in August/September where Coco's is located.", "date": "2013-06-03 15:00:58", "compliment_count": 0}
{"user_id": "eA8WqJj_15lWURDwE6DsKQ", "business_id": "eVv6cnwhabK8ig5Di2hXQQ", "text": "Putanesca Pizza. If you order anything else, you're doing it wrong!", "date": "2014-09-06 01:57:43", "compliment_count": 0}
{"user_id": "MVvWOlVgOfRAtP41-A-g2w", "business_id": "-v8Z3mdbbPs1ljLziHr2DA", "text": "Flight night every Monday", "date": "2014-06-15 04:30:44", "compliment_count": 0}
{"user_id": "SsYDYuT792irBRoGpcOmrA", "business_id": "eggiaEDKJqrrHlDZqlOSow", "text": "Avoid calling the store with any inquiries on their in-store inventory because the staff will tell you that they are too busy to answer your simple questions. This isn't even a joke...", "date": "2013-12-19 05:12:39", "compliment_count": 0}
{"user_id": "6sOrsHBiRkeAQrg8Lrhuqw", "business_id": "-v8Z3mdbbPs1ljLziHr2DA", "text": "Date night!! Me, my man, and red wine :)", "date": "2011-08-05 02:00:38", "compliment_count": 0}
{"user_id": "n5Obw1WB3A0yGffKIWNgGg", "business_id": "0Rni7ocMC_Lg2UH0lDeKMQ", "text": "1534 E Ray location closed, it moved a mile south by Pita Jungle.", "date": "2012-09-08 18:01:46", "compliment_count": 0}
{"user_id": "6_EWgEEdYW-GE_CCTrjPHg", "business_id": "qJf61TR4Jq9Xph5RiXPS9A", "text": "Not too busy around this time. Nutella crepes. Mmmm", "date": "2012-04-06 18:31:48", "compliment_count": 0}
{"user_id": "quH7oYf3C-_klKjP-cklCQ", "business_id": "UY1BHeeb1oE0-uk0EKqaGg", "text": "Take those long orders inside.", "date": "2013-05-21 16:43:18", "compliment_count": 0}
{"user_id": "fUMQEH-fxTvFQkkR-n_A4A", "business_id": "qJf61TR4Jq9Xph5RiXPS9A", "text": "Large selection of very reasonably priced crepes! ($3.00 - $7.00ish)", "date": "2011-07-15 17:50:40", "compliment_count": 0}
{"user_id": "hRir3LQlcZ1YpCUs1Vmcxw", "business_id": "qJf61TR4Jq9Xph5RiXPS9A", "text": "Place close for vacation June 29 to July 6", "date": "2015-07-01 21:01:51", "compliment_count": 0}
{"user_id": "_jjbwHWLFA5GjWFWGLj4ZQ", "business_id": "qJf61TR4Jq9Xph5RiXPS9A", "text": "Line out the door for Mother's Day!", "date": "2012-05-13 16:44:58", "compliment_count": 0}
{"user_id": "3R_dB9VQ_D3WPJEw7pmorA", "business_id": "qJf61TR4Jq9Xph5RiXPS9A", "text": "Good Turtle Latte", "date": "2016-05-12 18:43:15", "compliment_count": 0}
{"user_id": "Wxdj4Zui4VgbMR4yvCERXw", "business_id": "0Rni7ocMC_Lg2UH0lDeKMQ", "text": "They're really busy on Friday nights but the food is so worth it!", "date": "2013-02-09 02:39:58", "compliment_count": 0}
{"user_id": "yis0tDX83YnFLzUbKZ_KFg", "business_id": "qJf61TR4Jq9Xph5RiXPS9A", "text": "Fabulous breakfast crepes & coffee!", "date": "2011-10-22 19:01:41", "compliment_count": 0}
{"user_id": "S05ujQ92h7YNDzY6u7wr_A", "business_id": "-v8Z3mdbbPs1ljLziHr2DA", "text": "Wine tasting", "date": "2011-11-20 20:54:03", "compliment_count": 0}
{"user_id": "ByNfFYaW544SRchjvAHscw", "business_id": "eVv6cnwhabK8ig5Di2hXQQ", "text": "Very fresh and great tasting crust.", "date": "2017-01-12 22:06:25", "compliment_count": 0}
{"user_id": "S05ujQ92h7YNDzY6u7wr_A", "business_id": "-v8Z3mdbbPs1ljLziHr2DA", "text": "Vino with my baby and 3 lovely ladies :)", "date": "2012-02-14 02:00:49", "compliment_count": 0}
{"user_id": "eYhXVb8DX_DhOqF9-1thaw", "business_id": "FYWN1wneV18bWNgQjJ2GNg", "text": "Der Kode and his staff are Awesome.", "date": "2016-02-23 15:59:31", "compliment_count": 0}
{"user_id": "6sOrsHBiRkeAQrg8Lrhuqw", "business_id": "-v8Z3mdbbPs1ljLziHr2DA", "text": "Wine 101 class! Learning is so much more fun with booze.", "date": "2012-02-21 00:47:24", "compliment_count": 0}
{"user_id": "a5LzjPrEL-Sj5BfHr8xxRQ", "business_id": "qJf61TR4Jq9Xph5RiXPS9A", "text": "Coffee is strong and fresh.", "date": "2014-07-22 19:02:31", "compliment_count": 0}
{"user_id": "-C74IbRL4LAEfb6jXIG_gg", "business_id": "qJf61TR4Jq9Xph5RiXPS9A", "text": "Highly recommend the Pizza Crepe!", "date": "2012-08-14 01:41:56", "compliment_count": 0}
{"user_id": "se7ewp6D_X6iHB6FS7sulg", "business_id": "qJf61TR4Jq9Xph5RiXPS9A", "text": "Great crepes and atmosphere.", "date": "2014-04-12 17:32:11", "compliment_count": 0}
{"user_id": "4ED-PIt0MqKjsNdIXjbe1g", "business_id": "0Rni7ocMC_Lg2UH0lDeKMQ", "text": "Love this place. Grandkids ate more pizza here than anyplace we've been", "date": "2018-03-29 00:07:06", "compliment_count": 0}
{"user_id": "z2SiQL3S80uU7kCIG4P-FQ", "business_id": "-v8Z3mdbbPs1ljLziHr2DA", "text": "Trying out some new wines.", "date": "2013-02-23 23:41:15", "compliment_count": 0}
{"user_id": "jVRSf5Bd6VGQzdbXNHqurA", "business_id": "-v8Z3mdbbPs1ljLziHr2DA", "text": "Happy hour excellent wine $5/glass; Cheese and charcuterie, pate. Sit on the patio and enhoy the", "date": "2012-02-10 00:23:29", "compliment_count": 0}
{"user_id": "a5LzjPrEL-Sj5BfHr8xxRQ", "business_id": "qJf61TR4Jq9Xph5RiXPS9A", "text": "If you're looking for a fast bite, call the order in. This really isn't fast food. Its chill. Family operated and they'll accommodate if you communicate. Otherwise, make your own crepe! They cater to all diets. I'm on low carb so they make my crepes like an omelette! Love this place! Oh and the coffee is strong, strong, strong!", "date": "2014-03-07 15:18:52", "compliment_count": 0}
{"user_id": "yis0tDX83YnFLzUbKZ_KFg", "business_id": "qJf61TR4Jq9Xph5RiXPS9A", "text": "Such fresh tasty food here, along with fabulous coffee!", "date": "2012-06-16 21:42:18", "compliment_count": 0}
{"user_id": "nmj4LEaPJS0Bz3kCkM_wZw", "business_id": "qJf61TR4Jq9Xph5RiXPS9A", "text": "Don't go if you are in a rush. You'll have to slow down and enjoy the experience.", "date": "2016-01-02 20:02:54", "compliment_count": 0}
{"user_id": "b4qq3csD8HVilBbV7y96CA", "business_id": "-v8Z3mdbbPs1ljLziHr2DA", "text": "This is my first time here and I love it!  We are moving in two weeks and I wish I would have come here sooner.", "date": "2012-11-22 00:50:37", "compliment_count": 0}
{"user_id": "DHQWSHz6b7Jsy-A04m1cIA", "business_id": "FYWN1wneV18bWNgQjJ2GNg", "text": "The front office staff is truly top notch here.", "date": "2012-12-04 19:24:48", "compliment_count": 0}
{"user_id": "iAd8XaHxv05iXyEiZ62Ibw", "business_id": "-v8Z3mdbbPs1ljLziHr2DA", "text": "Live music, great wine list!", "date": "2014-08-10 04:01:50", "compliment_count": 0}
{"user_id": "S05ujQ92h7YNDzY6u7wr_A", "business_id": "-v8Z3mdbbPs1ljLziHr2DA", "text": "Book club :)", "date": "2010-10-19 02:30:09", "compliment_count": 0}
{"user_id": "FSFKrfkNDnybQvCZW_wXpQ", "business_id": "eVv6cnwhabK8ig5Di2hXQQ", "text": "Great calzones!!!", "date": "2017-10-01 05:32:31", "compliment_count": 0}
{"user_id": "_jjbwHWLFA5GjWFWGLj4ZQ", "business_id": "qJf61TR4Jq9Xph5RiXPS9A", "text": "Cheese, avocado and mushrooms. ;). They have peppermint hot cocoa now!", "date": "2012-02-23 16:54:07", "compliment_count": 0}
{"user_id": "6sOrsHBiRkeAQrg8Lrhuqw", "business_id": "-v8Z3mdbbPs1ljLziHr2DA", "text": "Amazing everything. Service, food, and of course, wine. Perfect place to unwind and enjoy a unique bottle.", "date": "2010-10-22 03:17:34", "compliment_count": 0}
{"user_id": "d7GEtCjg4qppeV0DzW_WfA", "business_id": "qJf61TR4Jq9Xph5RiXPS9A", "text": "Try the Nutella crepe!!! The BLT crepe is great too! The owners are very kind. The only disadvantage to coming here is the service is very slow. Sometimes you will be waiting for someone to come great you for at least 10 minutes.", "date": "2014-07-31 17:05:18", "compliment_count": 0}
{"user_id": "HmILc-lgVKZS7mWNdYCSJw", "business_id": "UY1BHeeb1oE0-uk0EKqaGg", "text": "Side salad woohoo!", "date": "2013-02-18 20:37:49", "compliment_count": 0}
{"user_id": "YiXRvEQ-YI7NugG6CPZS-g", "business_id": "eggiaEDKJqrrHlDZqlOSow", "text": "Good for coupons", "date": "2014-04-20 23:41:08", "compliment_count": 0}
{"user_id": "_jjbwHWLFA5GjWFWGLj4ZQ", "business_id": "qJf61TR4Jq9Xph5RiXPS9A", "text": "Do not underestimate how good ricotta can be in a crepe.", "date": "2012-04-21 17:07:23", "compliment_count": 0}
{"user_id": "eA8WqJj_15lWURDwE6DsKQ", "business_id": "jEt8ed_Z2cJaBNpLG1sfsw", "text": "I use this company out of convenience monthly for work rentals. Not once have they opened on time. Get it together!", "date": "2016-10-03 14:04:58", "compliment_count": 0}
{"user_id": "V_d-f3wYgulAqNLVZijsLg", "business_id": "jEt8ed_Z2cJaBNpLG1sfsw", "text": "Ask for Michael", "date": "2015-08-22 19:11:25", "compliment_count": 0}
{"user_id": "cLFi5fnSc8wo4SKuj4PDBA", "business_id": "0Rni7ocMC_Lg2UH0lDeKMQ", "text": "Food is always great and rarely have to wait long!!", "date": "2018-02-20 20:33:32", "compliment_count": 0}
{"user_id": "fGt_TepMeXJRi3gP01O66g", "business_id": "qJf61TR4Jq9Xph5RiXPS9A", "text": "Fabulous food & service!", "date": "2012-06-30 17:51:41", "compliment_count": 0}
{"user_id": "TXK-IK0Jiq_falq1TL0Uaw", "business_id": "qJf61TR4Jq9Xph5RiXPS9A", "text": "Get the Shirley!", "date": "2011-05-21 18:48:14", "compliment_count": 0}
{"user_id": "yis0tDX83YnFLzUbKZ_KFg", "business_id": "qJf61TR4Jq9Xph5RiXPS9A", "text": "Best crepes with generous fillings! And I'm a fan of the free coffee refills.", "date": "2011-02-17 15:24:23", "compliment_count": 0}
{"user_id": "yis0tDX83YnFLzUbKZ_KFg", "business_id": "0Rni7ocMC_Lg2UH0lDeKMQ", "text": "They have a great toddler play area for families on the back!", "date": "2013-07-18 00:22:47", "compliment_count": 0}
{"user_id": "XiqziC8skzXUSc0UdNNdAA", "business_id": "eVv6cnwhabK8ig5Di2hXQQ", "text": "Gluten free crust available.", "date": "2011-05-22 00:41:42", "compliment_count": 0}
{"user_id": "Tsm8VraTp5OGyVALtUiCeQ", "business_id": "-v8Z3mdbbPs1ljLziHr2DA", "text": "Live music on Fri and Sat nights.", "date": "2011-03-23 03:17:47", "compliment_count": 0}
{"user_id": "xVdchFi3vgmPYxkiXYHmZw", "business_id": "FYWN1wneV18bWNgQjJ2GNg", "text": "Dr. Kode is so friendly and really makes you feel comfortable.", "date": "2014-11-19 23:01:44", "compliment_count": 0}
{"user_id": "_jjbwHWLFA5GjWFWGLj4ZQ", "business_id": "qJf61TR4Jq9Xph5RiXPS9A", "text": "Nice renovation and quicker service", "date": "2012-09-04 19:37:26", "compliment_count": 0}
{"user_id": "6sOrsHBiRkeAQrg8Lrhuqw", "business_id": "-v8Z3mdbbPs1ljLziHr2DA", "text": "Jinias graduation celebration and Notes From Neptune playing live! Bring it on!", "date": "2012-03-04 04:00:04", "compliment_count": 0}
{"user_id": "ZE2_VhRyEfu5MyuEO2kwsw", "business_id": "qJf61TR4Jq9Xph5RiXPS9A", "text": "Not a huge fan of this restaurant. Food is ok service is ok too.", "date": "2017-05-12 17:22:25", "compliment_count": 0}
{"user_id": "db-2_7Ka6jq2DIMRLg5C0Q", "business_id": "qJf61TR4Jq9Xph5RiXPS9A", "text": "New summer hours start this week, they now close at 2pm.", "date": "2012-06-29 00:05:46", "compliment_count": 0}
{"user_id": "4DaYRzOMGcn2zoWkHLNBjA", "business_id": "UY1BHeeb1oE0-uk0EKqaGg", "text": "Shhhhhhhhh don't tell!", "date": "2011-03-20 07:59:11", "compliment_count": 0}
{"user_id": "uIzneXd1uvf3-uu_XHBE8Q", "business_id": "-v8Z3mdbbPs1ljLziHr2DA", "text": "I love this place. The food is interesting and fresh. So good!!", "date": "2018-06-15 02:18:38", "compliment_count": 0}
{"user_id": "LGABwF9U75AZiczeoAkcTQ", "business_id": "qJf61TR4Jq9Xph5RiXPS9A", "text": "This place is adorable! And the food is great, I only wish the portions were bigger! Actually....maybe not, it would spoil the lightness of the meal", "date": "2015-10-12 01:29:29", "compliment_count": 0}
{"user_id": "7EpkF4ELJWWGXFmaGtpMSA", "business_id": "eVv6cnwhabK8ig5Di2hXQQ", "text": "Favorite local spot. Always great food. Always great service!", "date": "2017-05-29 01:21:43", "compliment_count": 0}
{"user_id": "7iuTimE5BS7aRsknKvWwKw", "business_id": "eVv6cnwhabK8ig5Di2hXQQ", "text": "Best Calzones in AZ!!", "date": "2017-12-13 04:24:36", "compliment_count": 0}
{"user_id": "XIU-kDIos2Cfgh1XviEumg", "business_id": "eVv6cnwhabK8ig5Di2hXQQ", "text": "Our favorite Ahwatukee pizza! The margarita and add pepperoni is the best. Have never had a pizza we didn't love though. Desserts are also great!", "date": "2015-01-29 22:33:38", "compliment_count": 0}
{"user_id": "3ZpJCJXYZE_2StblQL_GNw", "business_id": "-v8Z3mdbbPs1ljLziHr2DA", "text": "Come see me!", "date": "2010-12-05 03:01:28", "compliment_count": 0}
{"user_id": "deiOb_n_n5wmNBUW1IIm6g", "business_id": "qJf61TR4Jq9Xph5RiXPS9A", "text": "My favorite crepe is the Bananas and Nutella Crepe, but you can't go wrong with any of their choices! Great tasting ice tea and they even have Italian sodas!", "date": "2014-06-14 20:53:23", "compliment_count": 0}
{"user_id": "deiOb_n_n5wmNBUW1IIm6g", "business_id": "qJf61TR4Jq9Xph5RiXPS9A", "text": "You can purchase a gift card here", "date": "2014-06-14 20:57:37", "compliment_count": 0}
{"user_id": "doaj0akAVfTjUXSsvP21OA", "business_id": "FYWN1wneV18bWNgQjJ2GNg", "text": "The staff here is amazing and super friendly!  I always walk out a happy client. :D", "date": "2017-06-24 00:26:46", "compliment_count": 0}
{"user_id": "3ZpJCJXYZE_2StblQL_GNw", "business_id": "-v8Z3mdbbPs1ljLziHr2DA", "text": "Time for work", "date": "2011-01-28 21:18:53", "compliment_count": 0}
{"user_id": "R3s8mmbaNgmfKpUGZ8Mbbg", "business_id": "-v8Z3mdbbPs1ljLziHr2DA", "text": "Good prices for happy hour. Terrific ambiance and decor. Attentive service.", "date": "2015-02-14 19:46:34", "compliment_count": 0}
{"user_id": "IN6rvh-huROT0FfuAmJ1OQ", "business_id": "-v8Z3mdbbPs1ljLziHr2DA", "text": "First time here. Atmosphere is \"cozy\"", "date": "2010-03-21 04:04:07", "compliment_count": 0}
{"user_id": "th6sE2VtsqRaz_Hw5VOYTw", "business_id": "-v8Z3mdbbPs1ljLziHr2DA", "text": "Love live music !!!!", "date": "2012-10-27 04:04:37", "compliment_count": 0}
{"user_id": "z1qy5eGtM4Fm0pBVQuwAcA", "business_id": "qJf61TR4Jq9Xph5RiXPS9A", "text": "Exorbitant prices for marginal Thai food!", "date": "2016-09-04 01:31:33", "compliment_count": 0}
{"user_id": "G-MuQECByOa2LWRd_obiYA", "business_id": "qJf61TR4Jq9Xph5RiXPS9A", "text": "This is new and interesting..", "date": "2012-01-08 21:55:19", "compliment_count": 0}
{"user_id": "ELcOxlgEHvNChKW-F1YQBQ", "business_id": "qJf61TR4Jq9Xph5RiXPS9A", "text": "Horrible hours", "date": "2013-06-08 23:46:29", "compliment_count": 0}
{"user_id": "th6sE2VtsqRaz_Hw5VOYTw", "business_id": "-v8Z3mdbbPs1ljLziHr2DA", "text": "Love the salmon caper bruchetta", "date": "2011-05-29 01:31:30", "compliment_count": 0}
{"user_id": "3ZpJCJXYZE_2StblQL_GNw", "business_id": "-v8Z3mdbbPs1ljLziHr2DA", "text": "Super amazing place, trust me :)", "date": "2010-11-23 01:06:06", "compliment_count": 0}
{"user_id": "8re_y3nclK9R8Vh6uXIB5w", "business_id": "-v8Z3mdbbPs1ljLziHr2DA", "text": "Love the classes... ready for wine 301.2 any time!", "date": "2013-07-06 22:12:46", "compliment_count": 0}
{"user_id": "GUHZNo_6n-zNjtz3CD27NA", "business_id": "UY1BHeeb1oE0-uk0EKqaGg", "text": "*** closed/out of business ***", "date": "2014-01-26 21:01:06", "compliment_count": 0}
{"user_id": "3ZpJCJXYZE_2StblQL_GNw", "business_id": "-v8Z3mdbbPs1ljLziHr2DA", "text": "Book club!", "date": "2011-02-08 01:51:20", "compliment_count": 0}
{"user_id": "hl4aqIJngHS4vpKfJ4niKA", "business_id": "eVv6cnwhabK8ig5Di2hXQQ", "text": "It was ok. Pizza was mediocre. Salad was beginning to wilt. Service was good.", "date": "2018-04-14 19:57:30", "compliment_count": 0}
{"user_id": "ugK50EG_f-nTgkkCD0a3Vw", "business_id": "qJf61TR4Jq9Xph5RiXPS9A", "text": "Awesome Nutella crepe i have ever had :) nice service. I love this place !!", "date": "2017-03-09 17:53:00", "compliment_count": 0}
{"user_id": "Km6M6iB6tlxZhMkc_4Xl9Q", "business_id": "qJf61TR4Jq9Xph5RiXPS9A", "text": "Crepes and mor\u00e9 crepes", "date": "2012-06-02 18:09:04", "compliment_count": 0}
{"user_id": "3ZpJCJXYZE_2StblQL_GNw", "business_id": "-v8Z3mdbbPs1ljLziHr2DA", "text": "I'm here...u coming in tonight?! Great food, great service, great wine & beer! It's a no-brainer...", "date": "2010-08-28 22:55:52", "compliment_count": 0}
{"user_id": "3ZpJCJXYZE_2StblQL_GNw", "business_id": "-v8Z3mdbbPs1ljLziHr2DA", "text": "Book club", "date": "2010-11-16 02:07:13", "compliment_count": 0}
{"user_id": "th6sE2VtsqRaz_Hw5VOYTw", "business_id": "-v8Z3mdbbPs1ljLziHr2DA", "text": "Yummy ;)", "date": "2011-10-02 02:33:07", "compliment_count": 0}
{"user_id": "moj5hOkPjrPZybXrlvUdYw", "business_id": "qJf61TR4Jq9Xph5RiXPS9A", "text": "Cozy and delicious.", "date": "2016-09-12 19:19:43", "compliment_count": 0}
{"user_id": "h_ErKZ4U5V6QM6OwiAuClg", "business_id": "qJf61TR4Jq9Xph5RiXPS9A", "text": "Nutella crepe a must!", "date": "2014-07-13 17:50:03", "compliment_count": 0}
{"user_id": "VIshRGo6FNEdtuu3Jp29Bw", "business_id": "eVv6cnwhabK8ig5Di2hXQQ", "text": "Best pizza ever!! Baked to perfection, excellent service and great environment!!", "date": "2016-07-10 05:21:01", "compliment_count": 0}
{"user_id": "BQFEVvNH-zLkXSROHAtkRw", "business_id": "eVv6cnwhabK8ig5Di2hXQQ", "text": "The Snow White my way!", "date": "2015-10-17 01:48:48", "compliment_count": 0}
{"user_id": "21Kuy5Cv3SKj27zTPGf-tg", "business_id": "-v8Z3mdbbPs1ljLziHr2DA", "text": "Knowledgeable friendly staff.", "date": "2013-10-06 00:31:59", "compliment_count": 0}
{"user_id": "3ZpJCJXYZE_2StblQL_GNw", "business_id": "-v8Z3mdbbPs1ljLziHr2DA", "text": "Work", "date": "2011-01-05 22:31:01", "compliment_count": 0}
{"user_id": "Z1m-dWqtaB2NHHDSi0LKHg", "business_id": "eVv6cnwhabK8ig5Di2hXQQ", "text": "Pizza is very good and they have a number of specialty pizzas you can choose from.  They also have a great selection of micro brews including some from local places.", "date": "2014-03-07 03:05:58", "compliment_count": 0}
{"user_id": "moj5hOkPjrPZybXrlvUdYw", "business_id": "qJf61TR4Jq9Xph5RiXPS9A", "text": "Good Christmas decor. Not too heavy, just a touch.", "date": "2015-12-17 19:30:51", "compliment_count": 0}
{"user_id": "3ZpJCJXYZE_2StblQL_GNw", "business_id": "-v8Z3mdbbPs1ljLziHr2DA", "text": "I heart working here :)", "date": "2010-11-04 20:35:25", "compliment_count": 0}
{"user_id": "wjt-C-lbUXRc8PYm6VgMtw", "business_id": "eVv6cnwhabK8ig5Di2hXQQ", "text": "Really cozy atmosphere. The pizza was great and fairly priced.", "date": "2017-01-01 05:34:56", "compliment_count": 0}
{"user_id": "yNmqOzy_KceqtYr3pcCfiA", "business_id": "0Rni7ocMC_Lg2UH0lDeKMQ", "text": "My fav pizza! Try the kona or mega meat! The kids love the teriyaki wings yummmy", "date": "2017-06-10 21:57:41", "compliment_count": 0}
{"user_id": "l7narnzYnOivpwaHsM594w", "business_id": "qJf61TR4Jq9Xph5RiXPS9A", "text": "First visit here,  definitely not my last! Delicioso!", "date": "2015-02-15 21:06:28", "compliment_count": 0}
{"user_id": "Km6M6iB6tlxZhMkc_4Xl9Q", "business_id": "qJf61TR4Jq9Xph5RiXPS9A", "text": "Put Nutella on everything, is awesome.", "date": "2014-08-17 17:06:06", "compliment_count": 0}
{"user_id": "3ZpJCJXYZE_2StblQL_GNw", "business_id": "-v8Z3mdbbPs1ljLziHr2DA", "text": "Great regulars :)", "date": "2010-09-11 06:14:48", "compliment_count": 0}
{"user_id": "moj5hOkPjrPZybXrlvUdYw", "business_id": "qJf61TR4Jq9Xph5RiXPS9A", "text": "Always fresh!", "date": "2016-03-10 19:25:42", "compliment_count": 0}
{"user_id": "4go1N0Xlqj430Y1Ady3icQ", "business_id": "qJf61TR4Jq9Xph5RiXPS9A", "text": "Great little place! The crepes with the pesto are amazing.", "date": "2015-11-18 05:12:51", "compliment_count": 0}
{"user_id": "ldfKvJsJQFCPwt2fSNk4AQ", "business_id": "FYWN1wneV18bWNgQjJ2GNg", "text": "Dr Kode is honest and personable! Been a client for many years", "date": "2018-06-26 22:26:05", "compliment_count": 0}
{"user_id": "1x5uXUWiFiAjm49o9l4WYg", "business_id": "-v8Z3mdbbPs1ljLziHr2DA", "text": "Very nice wine bar.  Great service and selection.  I will be going back soon.", "date": "2018-08-14 04:08:47", "compliment_count": 0}
{"user_id": "GS7BjPN1Af4OtUsFurxwSw", "business_id": "qJf61TR4Jq9Xph5RiXPS9A", "text": "Good crepe's and coffee. Try something with Nutella. Free wifi.", "date": "2010-02-20 16:55:13", "compliment_count": 0}
{"user_id": "GS7BjPN1Af4OtUsFurxwSw", "business_id": "eVv6cnwhabK8ig5Di2hXQQ", "text": "Great pizza. Salads and sandwiches are ok.", "date": "2014-01-06 01:54:35", "compliment_count": 0}
{"user_id": "MzQiwmVm-GfcjiqQiGZEbg", "business_id": "qJf61TR4Jq9Xph5RiXPS9A", "text": "What  surprise.. Delicious!", "date": "2016-01-02 19:27:58", "compliment_count": 0}
{"user_id": "GS7BjPN1Af4OtUsFurxwSw", "business_id": "eVv6cnwhabK8ig5Di2hXQQ", "text": "Tuscany with tomato sauce extra crispy is darned good.", "date": "2013-09-07 01:17:09", "compliment_count": 0}
{"user_id": "GS7BjPN1Af4OtUsFurxwSw", "business_id": "eVv6cnwhabK8ig5Di2hXQQ", "text": "Nice to wait for carry-out pizza with a cold Odell IPA.", "date": "2013-08-26 01:40:06", "compliment_count": 0}
{"user_id": "GS7BjPN1Af4OtUsFurxwSw", "business_id": "0Rni7ocMC_Lg2UH0lDeKMQ", "text": "Kid-friendly pizza place.", "date": "2013-09-16 01:42:51", "compliment_count": 0}
{"user_id": "vEm54Hs4XErFwtg6qIqffw", "business_id": "eVv6cnwhabK8ig5Di2hXQQ", "text": "Love their pizza!! We always have the Stratford.", "date": "2013-10-07 23:34:49", "compliment_count": 0}
{"user_id": "ftiE_7L01fzMlyvs6yyYWQ", "business_id": "qJf61TR4Jq9Xph5RiXPS9A", "text": ":)", "date": "2011-09-02 18:52:10", "compliment_count": 0}
{"user_id": "rZxwrZEJ5s9mycSjX-moMA", "business_id": "qJf61TR4Jq9Xph5RiXPS9A", "text": "The best crepes, cute atmosphere, & friendly service!", "date": "2017-04-13 03:17:47", "compliment_count": 0}
{"user_id": "I2jVK8W1ZrDKVakcfGuP_Q", "business_id": "eVv6cnwhabK8ig5Di2hXQQ", "text": "Yummy pizza", "date": "2011-11-05 14:41:34", "compliment_count": 0}
{"user_id": "tgxlPUk8fHaAhSJzdtjfMw", "business_id": "eVv6cnwhabK8ig5Di2hXQQ", "text": "Our favorite pizza place in town.", "date": "2017-06-23 03:34:47", "compliment_count": 0}
{"user_id": "3kuwfn9qcAPdetQ2yqpZzQ", "business_id": "eVv6cnwhabK8ig5Di2hXQQ", "text": "Worth the price.", "date": "2011-05-14 02:42:14", "compliment_count": 0}
{"user_id": "GS7BjPN1Af4OtUsFurxwSw", "business_id": "0Rni7ocMC_Lg2UH0lDeKMQ", "text": "Pretty much the best kid-friendly pizza option. The pizza is ok and they have San Tan Devils Ale on tap. In contrast, Peter Piper is mostly inedible and Chuck E. Cheese (aka The Rat) is entirely inedible.", "date": "2013-10-26 20:19:10", "compliment_count": 0}
{"user_id": "0DnVR8rH1D5qlbDpQ9nHlw", "business_id": "qJf61TR4Jq9Xph5RiXPS9A", "text": "Great breakfast crapes", "date": "2017-01-06 17:42:39", "compliment_count": 0}
{"user_id": "As4LEBfA_R4RJyOAYq4V1A", "business_id": "0Rni7ocMC_Lg2UH0lDeKMQ", "text": "Fantastic!!! Refreshing to finally taste great pizza. It will be a regular when ever I come to PHX. I'm happy I didn't listen to some of the reviews.... They are so off! Really!!!! One of the comments was he was going to vomit. My pizza tonight was so fresh, hot and full of fantastic!!!", "date": "2015-03-26 01:57:21", "compliment_count": 0}
{"user_id": "GS7BjPN1Af4OtUsFurxwSw", "business_id": "0Rni7ocMC_Lg2UH0lDeKMQ", "text": "Boys night out. Pizza and lemonade for my little boy and pizza and San Tan Devils ale for me!", "date": "2013-12-24 01:35:19", "compliment_count": 0}
{"user_id": "ftiE_7L01fzMlyvs6yyYWQ", "business_id": "qJf61TR4Jq9Xph5RiXPS9A", "text": ";)", "date": "2011-09-09 17:46:53", "compliment_count": 0}
{"user_id": "t0gngfk3lQlpFNcOoQRnhA", "business_id": "qJf61TR4Jq9Xph5RiXPS9A", "text": "Come relaxed and leave satisfied! Amazing food and attentive service!", "date": "2013-10-13 17:41:59", "compliment_count": 0}
{"user_id": "vzxoRbSF33RDs-l4H0-YNw", "business_id": "qJf61TR4Jq9Xph5RiXPS9A", "text": "Favorite crepe? Cannot pick! Every crepe is so tasty, you cannot go wrong.", "date": "2014-04-19 18:14:06", "compliment_count": 0}
{"user_id": "_f2fWxHUHc4huBmXilUoHQ", "business_id": "qJf61TR4Jq9Xph5RiXPS9A", "text": "Yummyyy!!!!", "date": "2010-09-19 17:16:36", "compliment_count": 0}
{"user_id": "OtdO0-YxC_1trwCgwPaKjQ", "business_id": "0Rni7ocMC_Lg2UH0lDeKMQ", "text": "Loved Barros old recipe. Sauce and crust is different.", "date": "2014-06-05 17:23:59", "compliment_count": 0}
{"user_id": "8bIcxX-E5dU0zoYeVoSe-Q", "business_id": "qJf61TR4Jq9Xph5RiXPS9A", "text": "Italian soda was great! The chocolate mint hit the spot, it was like a mint and chip root beer float!!", "date": "2014-08-04 18:19:02", "compliment_count": 0}
{"user_id": "ftiE_7L01fzMlyvs6yyYWQ", "business_id": "qJf61TR4Jq9Xph5RiXPS9A", "text": "Love this place! They r all pretty tasty!! & the Shirley is a must!! ;)", "date": "2012-02-26 17:05:06", "compliment_count": 0}
{"user_id": "ftiE_7L01fzMlyvs6yyYWQ", "business_id": "qJf61TR4Jq9Xph5RiXPS9A", "text": "This is my new fav place!!!", "date": "2011-08-28 21:08:46", "compliment_count": 0}
{"user_id": "ftiE_7L01fzMlyvs6yyYWQ", "business_id": "qJf61TR4Jq9Xph5RiXPS9A", "text": "The Shirley :) Is delish!!!", "date": "2011-09-03 20:51:12", "compliment_count": 0}
{"user_id": "OY0w0AZ01q83SzNEcQIuzw", "business_id": "-v8Z3mdbbPs1ljLziHr2DA", "text": "Happy hour :)", "date": "2012-09-07 00:41:34", "compliment_count": 0}
{"user_id": "SLEyicK7E7sr7D-LqSIFMw", "business_id": "0Rni7ocMC_Lg2UH0lDeKMQ", "text": "Pizza was delicious but the service was a little slow.", "date": "2018-07-20 20:22:09", "compliment_count": 0}
{"user_id": "UszHcmK6pZ8wyzYJOjADlA", "business_id": "qJf61TR4Jq9Xph5RiXPS9A", "text": "My first time here. Definitely going to make the drive to come back and customize my own crepe.", "date": "2012-07-15 21:33:07", "compliment_count": 0}
{"user_id": "qbwE4nWim0WLc8HJ2w-E0A", "business_id": "ZzZO_FIzICDLxHs7ooYgbQ", "text": "Virginia and Brock are incredibly attentive and responsive. Cabo loves them!!!", "date": "2014-12-24 06:06:25", "compliment_count": 0}
{"user_id": "VghJRLUJ5g4-4WDZyEdIjA", "business_id": "0Rni7ocMC_Lg2UH0lDeKMQ", "text": "They have moved to Williams field and Val Vasta (Southwest corner)", "date": "2011-01-16 00:32:30", "compliment_count": 0}
{"user_id": "ftiE_7L01fzMlyvs6yyYWQ", "business_id": "qJf61TR4Jq9Xph5RiXPS9A", "text": "Love this place!", "date": "2012-05-13 19:39:02", "compliment_count": 0}
{"user_id": "reYEfU7ulLpoiAnNdykAPw", "business_id": "0Rni7ocMC_Lg2UH0lDeKMQ", "text": "Used to be my fav spot for pizza in AZ. Ever since they moved to the new location the customer service is horrible!! The place is always a mess. They have one girl working the register at lunch, and one cook in the back. C'mon Barros... Get your shit together. People are talking, and it's not good", "date": "2013-05-28 19:21:42", "compliment_count": 0}
{"user_id": "F5kPmMjrPNegbatDWub9yw", "business_id": "M2X_MSKzvvnXeYkyIVPDlw", "text": "Jeremy had been great", "date": "2014-06-05 22:32:02", "compliment_count": 0}
{"user_id": "8ERIkvQHvyB_QFBmlEVWMA", "business_id": "-v8Z3mdbbPs1ljLziHr2DA", "text": "Best. Wine. Bar. Ever.", "date": "2012-01-17 02:28:53", "compliment_count": 0}
{"user_id": "ffyg7w1hSNwVjW2BDdG9cA", "business_id": "-v8Z3mdbbPs1ljLziHr2DA", "text": "The best pre-show date night place.", "date": "2015-05-20 00:59:01", "compliment_count": 0}
{"user_id": "kcl62KvOi9Z11u7mwwSsdw", "business_id": "-v8Z3mdbbPs1ljLziHr2DA", "text": "Hit up the patio.", "date": "2014-04-12 01:09:21", "compliment_count": 0}
{"user_id": "T9chGdZKi9dgrVEyZbTw5g", "business_id": "-v8Z3mdbbPs1ljLziHr2DA", "text": "Listening to live music by Uncorked", "date": "2012-08-26 03:11:33", "compliment_count": 0}
{"user_id": "mLQO64GGSo3fxNWNADIzVw", "business_id": "eVv6cnwhabK8ig5Di2hXQQ", "text": "Best pizza in Phoenix!!", "date": "2012-02-11 20:43:59", "compliment_count": 0}
{"user_id": "pf1GgiBZwfoU9PY5_HK0mA", "business_id": "qJf61TR4Jq9Xph5RiXPS9A", "text": "Loved the cr\u00eapes. I recommend the apple and cinnamon Cr\u00eape", "date": "2016-08-13 19:01:58", "compliment_count": 0}
{"user_id": "OUz8Mgutw8WcyrDI7K_MHQ", "business_id": "qJf61TR4Jq9Xph5RiXPS9A", "text": "My sister in law has been talking bout this place for months! So I thought what the hell ill try it out.. Service so far not the best! :/", "date": "2011-07-16 17:45:25", "compliment_count": 0}
{"user_id": "84H7m7e7YAn2PhsHlNtjJQ", "business_id": "qJf61TR4Jq9Xph5RiXPS9A", "text": "Nice comfy setting. Love the peanut butter+honey crepe", "date": "2011-02-18 06:22:02", "compliment_count": 0}
{"user_id": "ffyg7w1hSNwVjW2BDdG9cA", "business_id": "-v8Z3mdbbPs1ljLziHr2DA", "text": "Vi", "date": "2012-07-26 04:04:38", "compliment_count": 0}
{"user_id": "rHBQhidXKIJmdnCquFfESQ", "business_id": "jEt8ed_Z2cJaBNpLG1sfsw", "text": "Place is always too busy ... Seem to be dealing with people on a random basis ... So constantly waiting around ... Everyone is here over an hour", "date": "2013-11-11 18:36:42", "compliment_count": 0}
{"user_id": "WnCSq0jAqmqgYs763y2CbA", "business_id": "qJf61TR4Jq9Xph5RiXPS9A", "text": "This place is so delicious!   So many options and they get it right every time.", "date": "2015-08-24 02:11:12", "compliment_count": 0}
{"user_id": "mF-qY7IHOUChXZ7S4D93Cw", "business_id": "qJf61TR4Jq9Xph5RiXPS9A", "text": "Yumma yum yum!", "date": "2011-03-07 16:56:46", "compliment_count": 0}
{"user_id": "vN0aAmLgPNt39jvWQJLk3A", "business_id": "-v8Z3mdbbPs1ljLziHr2DA", "text": "Super cute place with a really good happy hour", "date": "2014-05-18 07:00:36", "compliment_count": 0}
{"user_id": "KU5ZgAQU0qWSvHaiPXYghw", "business_id": "qJf61TR4Jq9Xph5RiXPS9A", "text": "Yummy", "date": "2018-10-21 17:53:59", "compliment_count": 0}
{"user_id": "wM3skMlsfhFCnd7gBGmbDw", "business_id": "qJf61TR4Jq9Xph5RiXPS9A", "text": "So deliciousss", "date": "2013-01-27 18:15:43", "compliment_count": 0}
{"user_id": "fFB2Rdb5EYXvMPuzVa1YgA", "business_id": "gPK7baX7rd5JVvgytywRmw", "text": "I really enjoyed their service here, really recommend to come here for a fresh cut", "date": "2017-07-16 21:44:35", "compliment_count": 0}
{"user_id": "wbCqhEUPnWUf2DQ-Uu-HqA", "business_id": "eVv6cnwhabK8ig5Di2hXQQ", "text": "Fantastic.", "date": "2015-05-30 19:29:31", "compliment_count": 0}
{"user_id": "oMKYlrZ0WzbmDy43pBObPA", "business_id": "eVv6cnwhabK8ig5Di2hXQQ", "text": "Yes, the pizza is that good...", "date": "2011-10-01 20:32:05", "compliment_count": 0}
{"user_id": "qxw8-ncdaGC2YZ8gRluVfQ", "business_id": "-v8Z3mdbbPs1ljLziHr2DA", "text": "Cathy, was awesome sauce. Not impatiently put late arrival. Very homey. Good pricing", "date": "2016-01-09 06:26:58", "compliment_count": 0}
{"user_id": "oMKYlrZ0WzbmDy43pBObPA", "business_id": "eVv6cnwhabK8ig5Di2hXQQ", "text": "Pizza to eat in the company of Joe Drzewiecki and Billy Crystal. Yum!!!", "date": "2012-02-26 23:38:43", "compliment_count": 0}
{"user_id": "G-zraEU_DAqnXzNVz7h0jg", "business_id": "-v8Z3mdbbPs1ljLziHr2DA", "text": "New menu came out . Come check it out. Good wine selection!", "date": "2012-06-14 03:06:12", "compliment_count": 0}
{"user_id": "lobvlKBdhOI5l06U-1-jtg", "business_id": "eVv6cnwhabK8ig5Di2hXQQ", "text": "Hit or miss--both food and service have some consistency issues.", "date": "2013-02-13 02:46:19", "compliment_count": 0}
{"user_id": "OKOM3D-vQ0RDica7A_Am6g", "business_id": "-v8Z3mdbbPs1ljLziHr2DA", "text": "Great wine.  Delicious charcuterie.", "date": "2016-02-10 04:19:15", "compliment_count": 0}
{"user_id": "w8pxuu1GGlNE8J5L4mIaMA", "business_id": "qJf61TR4Jq9Xph5RiXPS9A", "text": "Yummy!", "date": "2011-09-05 15:41:19", "compliment_count": 0}
{"user_id": "OKOM3D-vQ0RDica7A_Am6g", "business_id": "-v8Z3mdbbPs1ljLziHr2DA", "text": "Great live music :)", "date": "2012-04-01 05:36:53", "compliment_count": 0}
{"user_id": "HVFoxtbMG-rIbotEc-LfLA", "business_id": "-v8Z3mdbbPs1ljLziHr2DA", "text": "Nice atmosphere", "date": "2017-02-14 11:22:09", "compliment_count": 0}
{"user_id": "tsab1yBRXDA4Sj2HoVbjuw", "business_id": "qJf61TR4Jq9Xph5RiXPS9A", "text": "This is a wonderful place for coffee and especially amazing Crepes!! Atmosphere is laid back and modern, stop in a sit a spell!!", "date": "2011-11-02 18:23:42", "compliment_count": 0}
{"user_id": "JGHWsX0AAjYu9IiMD7JMMg", "business_id": "qJf61TR4Jq9Xph5RiXPS9A", "text": "Awesome as always.", "date": "2018-08-20 19:00:52", "compliment_count": 0}
{"user_id": "l-cYqxJHZA1PhEsJFBVKnQ", "business_id": "qJf61TR4Jq9Xph5RiXPS9A", "text": "The food is phenomenal!!!", "date": "2018-08-01 19:54:38", "compliment_count": 0}
{"user_id": "SL8vrmo32A3yLer_S914cw", "business_id": "FYWN1wneV18bWNgQjJ2GNg", "text": "Dr Kode & his team does  a great job.", "date": "2018-03-30 19:48:52", "compliment_count": 0}
{"user_id": "q0MBSFOlxIOsIX3jlUP3fQ", "business_id": "-v8Z3mdbbPs1ljLziHr2DA", "text": "Great atmosphere and service. Will definitely go back again.", "date": "2018-04-04 16:39:59", "compliment_count": 0}
{"user_id": "K5hn6gYSZYa-EK7_6fM-bA", "business_id": "0Rni7ocMC_Lg2UH0lDeKMQ", "text": "Good pizza really busy during the week at lunch", "date": "2015-02-03 19:22:31", "compliment_count": 0}
{"user_id": "GGS0rv4QbmresM4nzumsug", "business_id": "1s7471496i2LbUauXYAI4w", "text": "Awesome office. Dr. Crisp is great. Listens and takes his time with you...", "date": "2014-07-02 16:39:09", "compliment_count": 0}
{"user_id": "EC9ROKSizxX9Elsb2nJEHw", "business_id": "qJf61TR4Jq9Xph5RiXPS9A", "text": "We had a great experience. We will definitely come back again. Best crepes I've had.", "date": "2016-09-11 10:32:12", "compliment_count": 0}
{"user_id": "rOHFubvT3TxRw2Xiw1vCnQ", "business_id": "0Rni7ocMC_Lg2UH0lDeKMQ", "text": "Terrible service.  Will not come back", "date": "2015-10-11 20:35:56", "compliment_count": 0}
{"user_id": "xkNWLZ36dlnD8uzyEEzu1w", "business_id": "eVv6cnwhabK8ig5Di2hXQQ", "text": "Excellent pizza!", "date": "2015-11-09 05:20:49", "compliment_count": 0}
{"user_id": "vw_Z_681bFuhvoXuoJqSJA", "business_id": "-v8Z3mdbbPs1ljLziHr2DA", "text": "time to relax :)", "date": "2012-04-22 01:04:47", "compliment_count": 0}
{"user_id": "kxcIDVJ7uXRAA77PWbDPZg", "business_id": "qJf61TR4Jq9Xph5RiXPS9A", "text": "It's delicious!!", "date": "2017-09-14 20:58:25", "compliment_count": 0}
{"user_id": "WcXsBhrbEHwQS6F6jp2QhA", "business_id": "0Rni7ocMC_Lg2UH0lDeKMQ", "text": "Ordered a dozen wings. They came with two ranch dressings and two small pieces of celery.", "date": "2016-10-16 03:37:45", "compliment_count": 0}
{"user_id": "wAFDsupkB7G2CNP8OOsNAQ", "business_id": "qJf61TR4Jq9Xph5RiXPS9A", "text": "Love this place, food is delicious! Service can be slow, but food is just so good", "date": "2018-07-30 19:43:07", "compliment_count": 0}
{"user_id": "ugDyf8Q_e6DsbLw0BjQRFg", "business_id": "FYWN1wneV18bWNgQjJ2GNg", "text": "Best dental office in AZ!! :)", "date": "2016-08-15 23:51:08", "compliment_count": 0}
{"user_id": "YW9Jx3c6npuJy1ZVgB3lHA", "business_id": "eVv6cnwhabK8ig5Di2hXQQ", "text": "Unique atmosphere. Came for pizza to go.", "date": "2017-10-15 19:10:04", "compliment_count": 0}
{"user_id": "TItcm09qzyS92gCwJiIA8A", "business_id": "jEt8ed_Z2cJaBNpLG1sfsw", "text": "Horrible customer service and all around rude. Don't come here.", "date": "2016-07-29 00:41:29", "compliment_count": 0}
{"user_id": "ehzR89Be5vnG5RUvsO4kkQ", "business_id": "-v8Z3mdbbPs1ljLziHr2DA", "text": "Love this place!", "date": "2011-10-21 03:34:17", "compliment_count": 0}
{"user_id": "ehzR89Be5vnG5RUvsO4kkQ", "business_id": "-v8Z3mdbbPs1ljLziHr2DA", "text": "Ooops!!!!!", "date": "2011-10-23 04:26:51", "compliment_count": 0}
{"user_id": "vIr9EefLNPoZzT637vTTUQ", "business_id": "-v8Z3mdbbPs1ljLziHr2DA", "text": "Different vibe", "date": "2011-06-16 23:18:29", "compliment_count": 0}
{"user_id": "DdfDmlhFUuRPQUACk8PJmg", "business_id": "eVv6cnwhabK8ig5Di2hXQQ", "text": "Super dee-lish!!! Great menu, good service.", "date": "2011-03-25 04:16:26", "compliment_count": 0}
{"user_id": "XC9clePGXVvwXdM47QvNVA", "business_id": "qJf61TR4Jq9Xph5RiXPS9A", "text": "They don't have good service", "date": "2013-06-09 20:04:46", "compliment_count": 0}
{"user_id": "1H1AUhIiEEdWvAO01dK2bw", "business_id": "-v8Z3mdbbPs1ljLziHr2DA", "text": "What a charming place. Mary Ann & her son David are the chefs there. David is the main chef but the influence is wonderful. It's a must try!", "date": "2010-08-07 04:05:09", "compliment_count": 0}
{"user_id": "hsr-y3EBGGmcQbDyynNlUg", "business_id": "eVv6cnwhabK8ig5Di2hXQQ", "text": "Good stuff", "date": "2018-05-16 22:21:14", "compliment_count": 0}
{"user_id": "1H1AUhIiEEdWvAO01dK2bw", "business_id": "qJf61TR4Jq9Xph5RiXPS9A", "text": "Always a good time!", "date": "2010-10-09 19:17:30", "compliment_count": 0}
{"user_id": "oTOnl5S99yQ9KU_phPHWaA", "business_id": "-v8Z3mdbbPs1ljLziHr2DA", "text": "Nice place! Staff very friendly, good wine and food! I would highly recommend it.", "date": "2018-01-20 04:15:36", "compliment_count": 0}
{"user_id": "Ir4Atvmd7osI1Wv2nwmldw", "business_id": "-v8Z3mdbbPs1ljLziHr2DA", "text": "Come try the best pizza and wine in town! Ask for the M&J pizza", "date": "2010-09-09 01:30:15", "compliment_count": 0}
{"user_id": "PG5VCMGiHxYzT7gUSenmgw", "business_id": "-v8Z3mdbbPs1ljLziHr2DA", "text": "Great wine selection, friendly atmosphere and great happy hour specials.", "date": "2016-04-16 20:25:07", "compliment_count": 0}
{"user_id": "TK3Z8ElWgf1AY05wgRyK3g", "business_id": "eVv6cnwhabK8ig5Di2hXQQ", "text": "Best pizza in awatukee", "date": "2014-05-19 01:51:08", "compliment_count": 0}
{"user_id": "TK3Z8ElWgf1AY05wgRyK3g", "business_id": "eVv6cnwhabK8ig5Di2hXQQ", "text": "They have a great white pizza! !", "date": "2014-05-19 01:49:08", "compliment_count": 0}
{"user_id": "TK3Z8ElWgf1AY05wgRyK3g", "business_id": "-v8Z3mdbbPs1ljLziHr2DA", "text": "Great live acoustic music nothing better! Great wine good beer selection food is great the service was really good friendly staff a great place to take a special friend or date the wife a very relaxing atmosphere it's going to be my new neighborhood go to spot", "date": "2014-07-20 17:17:47", "compliment_count": 0}
{"user_id": "gYs5yPxVOG28DjonhvTj2Q", "business_id": "-v8Z3mdbbPs1ljLziHr2DA", "text": "Cute place - great service", "date": "2013-09-05 23:31:00", "compliment_count": 0}
{"user_id": "PjWxz7o-PdWIjrjL-N1Tbw", "business_id": "qJf61TR4Jq9Xph5RiXPS9A", "text": "Good atmosphere, unusual for restaurant-phobic ahwatukee. Crepes are excellent and the aroma of coffee permeates throughout.", "date": "2012-06-22 16:46:30", "compliment_count": 0}
{"user_id": "b2NIzSD0tm-Wznf2hIekxw", "business_id": "-v8Z3mdbbPs1ljLziHr2DA", "text": "Love this place! Can't stay away", "date": "2010-08-13 02:58:15", "compliment_count": 0}
{"user_id": "u923C-l3ARlIvzOHEzNpmA", "business_id": "qJf61TR4Jq9Xph5RiXPS9A", "text": "FINALLY!! Our first time!! Date with my HandsDirts! Yummmm!", "date": "2014-02-24 22:14:23", "compliment_count": 0}
{"user_id": "O0Bn16Y7WiwGdzIiB0cXFg", "business_id": "qJf61TR4Jq9Xph5RiXPS9A", "text": "This place was so DELISH! It had a cute contemporary/Parisian atmosphere. I had \"Nat's\" which is the equivalent to a buffalo chicken crepe & an Irish Creme Italian Soda. Will definitely be back!!!", "date": "2013-02-28 19:36:02", "compliment_count": 0}
{"user_id": "u923C-l3ARlIvzOHEzNpmA", "business_id": "qJf61TR4Jq9Xph5RiXPS9A", "text": "Ahhhhhh! ADDICTED!!!!! Yum yum yum! My faves: Chicken Supreme & The Shirley!!!", "date": "2014-03-08 18:56:24", "compliment_count": 0}
{"user_id": "PjWxz7o-PdWIjrjL-N1Tbw", "business_id": "qJf61TR4Jq9Xph5RiXPS9A", "text": "Nutella latte = yum", "date": "2012-09-25 17:30:54", "compliment_count": 0}
{"user_id": "dW9WtbAYs_JS2dkbExzNBA", "business_id": "0Rni7ocMC_Lg2UH0lDeKMQ", "text": "We used to love this place but it just keeps getting worse.  This time they screwed up our order 3 times. To \"fix\" the smaller sized pizza that they made in error, they refused to remake it and just gave us a small along with the wrong one.  We sat on the kids side and it was filthy.  There was food all over the floor. Not just crumbs but chunks of crust, toppings & celery smashed into the carpet. Napkins are kept in back - very convenient when eating with kids & pizza dripping in grease. Ugh", "date": "2013-05-05 03:29:03", "compliment_count": 0}
{"user_id": "u923C-l3ARlIvzOHEzNpmA", "business_id": "qJf61TR4Jq9Xph5RiXPS9A", "text": "Ahhhhhh! ADDICTED!!!!! Yum yum yum! My faves: Chicken Supreme & The Shirley!!!", "date": "2014-03-08 18:55:34", "compliment_count": 0}
{"user_id": "jBK6NMJ_7KKWJibaX_EovQ", "business_id": "qJf61TR4Jq9Xph5RiXPS9A", "text": "Is not closed.....\nMonday through Friday 7:00.  3:00\nWeekends from 8 to 3", "date": "2017-08-06 19:46:54", "compliment_count": 0}
{"user_id": "pzwY9n_EpJtdmLoE9DBYDg", "business_id": "sRAlmOAL7x8_o30-hXpdog", "text": "Jay, the owner of this biz........awesome guy! Good prices and even better service's", "date": "2011-06-07 01:26:43", "compliment_count": 0}
{"user_id": "sDt8jcoGFq0kliMbBjVidA", "business_id": "qJf61TR4Jq9Xph5RiXPS9A", "text": "Very nice place, more like a sit down place but still available for walk in take outs.", "date": "2011-03-08 17:55:48", "compliment_count": 0}
