{"user_id": "YRcaNlwQ6XXPFDXWtuMGdA", "business_id": "5VUZF7KvQMBmjqvz4oQ0XA", "text": "Extremely limited doughnut selection at 3am.", "date": "2014-03-30 17:05:20", "compliment_count": 0}
{"user_id": "e45Df9f322wgrNfLDforIQ", "business_id": "gGx3N9KtHabOlPET-mIbhA", "text": "Fast, fresh, delicious and friendly! Can't be beat.", "date": "2015-02-14 01:07:50", "compliment_count": 0}
{"user_id": "nxC58RDdJMS_WaOpGkBzTg", "business_id": "dqw-6LhOPvJczH8FbFmrBA", "text": "Food is okay, nothing special. Staff were lifeless, no greetings to anyone... seems like the young cashier girl, M, doesn't want to be there.", "date": "2014-03-22 23:57:33", "compliment_count": 0}
{"user_id": "4CWCIaZl-ceMmDuVLjDxUQ", "business_id": "wGoOWEue58i27zu2wYkiig", "text": "CLOSED on Mondays!!!", "date": "2014-09-22 20:02:28", "compliment_count": 0}
{"user_id": "YBljRZS8GePMILlzV-hezg", "business_id": "WdTxsnwD7hh51v_hGSuP9Q", "text": "The spring rolls here are fantastic. A must-have!", "date": "2015-06-30 00:31:45", "compliment_count": 0}
{"user_id": "CXY3I1G_nPTQk6KSUXyWrw", "business_id": "2_XBMgib8MFyfH_Fhr8pvQ", "text": "Mocha coconut frapp? Okay I'll try it", "date": "2012-08-10 23:41:19", "compliment_count": 0}
{"user_id": "ifKKasvGjwUHkGOH6mjsYg", "business_id": "wGoOWEue58i27zu2wYkiig", "text": "Staff very friendly, ask for the gochujang instead of wasabi", "date": "2012-11-29 05:52:41", "compliment_count": 0}
{"user_id": "BfnYXZEfWNdmW9VbWVeg7Q", "business_id": "go9hSfUxG_1REqTi5HZJUw", "text": "Breakfast at the Golden Arch", "date": "2013-03-30 15:14:39", "compliment_count": 0}
{"user_id": "EkCUcbRY-iPpXoWJQOehgw", "business_id": "y2Tcr6CMgeVWCRa_OFJ2pA", "text": "Great place, best pizza in airdrie and great staff", "date": "2015-06-21 23:39:27", "compliment_count": 0}
{"user_id": "kMzKSmOcUsYYYKAGs9p3HQ", "business_id": "DgmZcZWbm9hCSqTf-sMm7A", "text": "Great lunch menu, reasonable prices at this time. Dinner is pricey. Taziki should come with a pack of mints, so garlicky...", "date": "2011-11-02 05:07:33", "compliment_count": 0}
{"user_id": "lwPhlWLdDmxKB-xG_VOLeg", "business_id": "ax6PentCVOBmeWEcLSZnNg", "text": "Three at the door!", "date": "2011-05-04 22:47:37", "compliment_count": 0}
{"user_id": "C-j5yTfY5b32Fp5RMuq9Qg", "business_id": "WdTxsnwD7hh51v_hGSuP9Q", "text": "Great beef satay pho soup.", "date": "2017-09-30 21:37:22", "compliment_count": 0}
{"user_id": "Bi0WcQvdMW7az4SHep-6oA", "business_id": "VRkMPX3vEYt1AMto3CcR6w", "text": "My newest fresh Mexican food. Chicken burrito smothered with mild sauce with perfect creamy guacamole... Heyo tastes buds.", "date": "2013-02-16 02:49:38", "compliment_count": 0}
{"user_id": "1eR70Phm6mVyyWj1rr6e5g", "business_id": "5AtQ8OO1A-LihoUj2HOdEQ", "text": "I love this antique mall! Worth the drive to Airdrie!", "date": "2013-08-16 19:06:39", "compliment_count": 0}
{"user_id": "zlF-gyv5_lcaUxvi53TZ0A", "business_id": "dqw-6LhOPvJczH8FbFmrBA", "text": "Hosting a hot dog eating competition today - winner gets a free trip to New York!", "date": "2012-06-02 15:32:06", "compliment_count": 0}
{"user_id": "YBljRZS8GePMILlzV-hezg", "business_id": "gGx3N9KtHabOlPET-mIbhA", "text": "Sign up for the email list - there's a free wrap in it for you on your birthday!", "date": "2015-03-19 18:05:25", "compliment_count": 0}
{"user_id": "SptNS5iopMclwyrohZJQZg", "business_id": "vmDjlOf6j0B2ZHkHtWfrKg", "text": "Did not heal properly they o my care about the money received major infection", "date": "2017-09-10 02:52:20", "compliment_count": 1}
{"user_id": "UqVnFtX7ORbDhMW6Pd77Jw", "business_id": "aSQW_zFuT54yyLGQWtKo1g", "text": "Be ware of the surly waitress who didn't know what kind of ginger ale they had, nor explained the difference between their two salmon dinners without snarling.", "date": "2013-05-28 00:23:45", "compliment_count": 0}
{"user_id": "LBz3xzdoLsV3-8w71tzwYA", "business_id": "9vNVxunrEcQIZUke20xTWg", "text": "Perfect way to cap off Airdrie Festival of Lights. Ordered 30 apple pies and 18 hot chocolates.", "date": "2015-12-05 05:30:05", "compliment_count": 0}
{"user_id": "qG6efDYJMalIIBCYP2ffnQ", "business_id": "sDefNkOYhRZJDmH03U5O9A", "text": "Try the Set Menu. It changes regularly but includes an appetizer, entree and dessert, for a reasonable price.", "date": "2018-02-02 16:16:26", "compliment_count": 0}
{"user_id": "LBz3xzdoLsV3-8w71tzwYA", "business_id": "5VUZF7KvQMBmjqvz4oQ0XA", "text": "So slow. Longest drive thru line ups!", "date": "2014-10-15 17:42:25", "compliment_count": 0}
{"user_id": "vU-gy6iAybFGseHpU6_jmw", "business_id": "LEazJdeGgkv36UcdilTuJQ", "text": "The have Gluten Free Friendly options.", "date": "2016-04-11 02:15:58", "compliment_count": 0}
{"user_id": "hLlsWrlggWuhPir4BbLGHg", "business_id": "TV3aE0idIzoZ_nFWPGNfSw", "text": "Do not let the young girl with the glasses do ur nails. Shes awful", "date": "2015-03-28 21:19:11", "compliment_count": 0}
{"user_id": "YBljRZS8GePMILlzV-hezg", "business_id": "gGx3N9KtHabOlPET-mIbhA", "text": "The lunch hour can be really busy both in the restaurant and in the parking lot. Show up early or take a later lunch to avoid the wait and hectic traffic.", "date": "2015-02-24 19:05:17", "compliment_count": 0}
{"user_id": "YBljRZS8GePMILlzV-hezg", "business_id": "auDLKJtjv3IkSdPCei5zTA", "text": "Ask for the fresh pita - they bake the meat and veggies  inside the dough, and it is fantastic!", "date": "2015-07-13 18:29:01", "compliment_count": 0}
{"user_id": "LBz3xzdoLsV3-8w71tzwYA", "business_id": "w8-ZEZZaI857IvrBl7CKlw", "text": "$12.95 adult dinner buffet \n$8.95 (4-10) child dinner buffet\nUnder 4 free\nIt was pretty good for fast, cheap, Chinese buffet. I'd go again.", "date": "2014-05-31 00:46:04", "compliment_count": 0}
{"user_id": "aMRy7H0LXqYioPJ6q5rlFg", "business_id": "SvNCelOIChHXM18ntGvKhw", "text": "Check their beer menu before ordering. A lot of their beers are on tap, but not the ones with the little bottles beside the names. Be careful ;) Otherwise, good selection on tap.", "date": "2014-07-28 20:18:45", "compliment_count": 0}
{"user_id": "Kmp5N3y-e3zYSjmDwl5t4Q", "business_id": "XP2-85idhfplo8P0Pvj_Gg", "text": "Great staff and good rotating coffee AND beer selection!", "date": "2016-04-05 02:13:02", "compliment_count": 0}
{"user_id": "ZId7yghg6MOgwRJfk2IzRQ", "business_id": "rc0X8RD-zgm_qEmVNZOj9Q", "text": "Delicious fast food and friendly staff. Hidden gem in Airdrie!", "date": "2016-10-29 22:47:43", "compliment_count": 0}
{"user_id": "OzldUQr7NHL8rttgWBIvBw", "business_id": "Wow7qDt9VufsFYIFFdBkjw", "text": "been here many times great food great value service is pretty good also.", "date": "2015-04-03 23:36:06", "compliment_count": 0}
{"user_id": "qG6efDYJMalIIBCYP2ffnQ", "business_id": "C-EO3MPFrcJmNucuPmCOFg", "text": "Second time here great BBQ. The beef rib is Huge. The Brisket is tender and juicy. Oh, and the sides are excellent too.\n\nAlso you late nighters, half price meats after 10pm!", "date": "2017-05-31 05:22:50", "compliment_count": 0}
{"user_id": "SptNS5iopMclwyrohZJQZg", "business_id": "vmDjlOf6j0B2ZHkHtWfrKg", "text": "Would not recommend", "date": "2017-09-10 02:50:54", "compliment_count": 0}
{"user_id": "YBljRZS8GePMILlzV-hezg", "business_id": "WdTxsnwD7hh51v_hGSuP9Q", "text": "They will accommodate for peanut allergies, so just ask if you need to avoid nuts!", "date": "2015-07-16 19:13:25", "compliment_count": 0}
{"user_id": "YBljRZS8GePMILlzV-hezg", "business_id": "auDLKJtjv3IkSdPCei5zTA", "text": "I ordered some tzitziki to go with dinner, and the owner made it fresh, from scratch, right in front of us!", "date": "2015-08-14 18:21:05", "compliment_count": 0}
{"user_id": "YBljRZS8GePMILlzV-hezg", "business_id": "7YlLSRKVH8ICr2OvMoVkAg", "text": "No Frills doesn't accept Visa - be sure to bring cash, debit, or MasterCard.", "date": "2015-02-08 21:00:52", "compliment_count": 0}
{"user_id": "YBljRZS8GePMILlzV-hezg", "business_id": "auDLKJtjv3IkSdPCei5zTA", "text": "There are mini donair pockets available - grab them to go our take them frozen for a good lunch!", "date": "2015-12-05 20:29:26", "compliment_count": 0}
{"user_id": "KFcpK6P2BWb7MzzWxG0Eng", "business_id": "rc0X8RD-zgm_qEmVNZOj9Q", "text": "Awesome service, and the best burgers around, I drive from Deer run to eat here.", "date": "2016-06-19 22:21:22", "compliment_count": 0}
{"user_id": "tVzG2VaINQvIwRJFst5tUw", "business_id": "WdTxsnwD7hh51v_hGSuP9Q", "text": "The Vietnamese iced coffees are delicious! Just be sure to order it at the start of your meal, as it takes a while for the coffee to brew.", "date": "2015-07-16 20:00:02", "compliment_count": 0}
{"user_id": "vU-gy6iAybFGseHpU6_jmw", "business_id": "zowCVyE7nHtU_iqlIKORBQ", "text": "Having the Friday special of steak and Caesar. Because i need gluten free (GF) got rice instead of garlic toast.", "date": "2012-09-22 12:27:04", "compliment_count": 0}
{"user_id": "x9txZjlUc1IYgTDapTdFPQ", "business_id": "XP2-85idhfplo8P0Pvj_Gg", "text": "Love vanilla latte, bacon deluxe Mack daddy! Love owner London makes us feel welcome every time! Just a tad small but love they have drive thru and patio!! Too bad we missed good patio weather!", "date": "2018-10-03 18:35:29", "compliment_count": 0}
{"user_id": "uEqpgPp9CH7BHTnN2FqMyQ", "business_id": "YnGf7asAct4nVyWbSQl8eA", "text": "Friendly family service!", "date": "2012-09-17 17:56:13", "compliment_count": 0}
{"user_id": "e45Df9f322wgrNfLDforIQ", "business_id": "IQhBsMtHfZy72-1ivmEgTA", "text": "New owners have changed some of the items and they just aren't as good :(", "date": "2018-10-22 20:14:46", "compliment_count": 0}
{"user_id": "OPXk86xkrDI4kJuRt8VKfA", "business_id": "h1KbSbgr3_oijV6xHXngpw", "text": "Overall good chinese", "date": "2016-12-11 21:00:16", "compliment_count": 0}
{"user_id": "e45Df9f322wgrNfLDforIQ", "business_id": "SvNCelOIChHXM18ntGvKhw", "text": "This place is closed now", "date": "2018-07-20 17:10:09", "compliment_count": 0}
{"user_id": "tVzG2VaINQvIwRJFst5tUw", "business_id": "XP2-85idhfplo8P0Pvj_Gg", "text": "Good coffee? In Airdrie?? Haha whaaaat", "date": "2015-06-25 19:52:39", "compliment_count": 0}
{"user_id": "LpliDTFZDuZXaKE4mtpURQ", "business_id": "a20XFGzwbvXqgZzDEICilw", "text": "Iron Horse park opens for Family Day each year", "date": "2013-02-18 17:56:37", "compliment_count": 0}
{"user_id": "42FSd9Nb6Tgqkt8AkMkQQQ", "business_id": "DgmZcZWbm9hCSqTf-sMm7A", "text": "Amazing food and service! Love this place!", "date": "2016-01-21 05:39:21", "compliment_count": 0}
{"user_id": "p9KsE5wHIzUUykhE2abedw", "business_id": "Wow7qDt9VufsFYIFFdBkjw", "text": "Got our food before 2 tables who where seated well before we where", "date": "2013-12-08 02:48:22", "compliment_count": 0}
{"user_id": "IzOFYDdiADU6CVI_H8iPgQ", "business_id": "Wow7qDt9VufsFYIFFdBkjw", "text": "OJ's had a line up when we got here but high tables by the bar were all first come first serve - skipped the line and got a table for 3!! :-)", "date": "2013-02-09 03:43:55", "compliment_count": 0}
{"user_id": "p9KsE5wHIzUUykhE2abedw", "business_id": "-RkF90BOkDp3iAiGrfWCoQ", "text": "Hostess seems like he has no clue what he is doing.", "date": "2014-03-15 02:19:34", "compliment_count": 0}
{"user_id": "p9KsE5wHIzUUykhE2abedw", "business_id": "2fzvsqTtnrwkamOLjcVToQ", "text": "Hmm family friendly, great if your looking for that, as an empty nester not so much", "date": "2013-11-30 01:44:05", "compliment_count": 0}
{"user_id": "LpliDTFZDuZXaKE4mtpURQ", "business_id": "Ac6uL8z2exWiDjz6r7NVbw", "text": "Price increase Dec 1, 2015 FYI", "date": "2015-10-18 17:40:59", "compliment_count": 0}
{"user_id": "LpliDTFZDuZXaKE4mtpURQ", "business_id": "vrKwIQDVr0y_1JdgwLNTgA", "text": "March 2014, new barber in town, no line-ups.... yet.", "date": "2014-03-16 16:47:25", "compliment_count": 0}
{"user_id": "lbDumHm4Ot7aa8cSuzwwUA", "business_id": "Gq5Hb2yr2O3_jLWY4XXcZg", "text": "Stick to take out", "date": "2016-02-21 03:37:46", "compliment_count": 0}
{"user_id": "JnsqUZvNvRHElKj6YZ8JJA", "business_id": "b7kpFwn_mBu0n76VFi_-hA", "text": "Average family restaurant grade of food", "date": "2017-06-27 16:31:39", "compliment_count": 0}
{"user_id": "gpYWWN7Dyfu9ois7S_yfoA", "business_id": "k89T_99fj_x-rhYZ4z81mA", "text": "Moderate prices - 2 and a toddler, no alcohol and full - well, exceptionally full actually - $52", "date": "2016-05-30 01:35:22", "compliment_count": 0}
{"user_id": "eBmnZ5edvtzqRTAicAK_sA", "business_id": "NnqSq_t2Fb6UrJefp_ELYQ", "text": "Nice hidden place. Awesome food. Loved it.", "date": "2014-01-08 02:32:30", "compliment_count": 0}
{"user_id": "hmjWxUaABLEtk0WbckUQCg", "business_id": "9vNVxunrEcQIZUke20xTWg", "text": "Thank god for the Playplace! Finally some peace and quiet! Ahhh!", "date": "2012-03-03 22:39:25", "compliment_count": 0}
{"user_id": "Q5jOFJYhIsN8ouJ1rnsLQQ", "business_id": "ax6PentCVOBmeWEcLSZnNg", "text": "Just off the highway. Smells like cow dung outside.", "date": "2012-04-27 00:57:37", "compliment_count": 0}
{"user_id": "LpliDTFZDuZXaKE4mtpURQ", "business_id": "NnqSq_t2Fb6UrJefp_ELYQ", "text": "Rico's is now closed...for good Oct 2015", "date": "2015-10-18 23:56:03", "compliment_count": 0}
{"user_id": "p9KsE5wHIzUUykhE2abedw", "business_id": "yv0TBUUMIeuRCcLmRjm3wA", "text": "2 thumbs down", "date": "2014-01-21 03:05:55", "compliment_count": 0}
{"user_id": "CPEqzI5I7xGfdjKmf4zLKA", "business_id": "cqfDNuV3m907N7YuLZ_PEA", "text": "Best sushi in town except very odd times", "date": "2016-03-29 00:58:24", "compliment_count": 0}
{"user_id": "lbDumHm4Ot7aa8cSuzwwUA", "business_id": "Q-ncQPq0btYe9zaTclbGxA", "text": "Consistently the best steak in Airdrie, hands down. The service is always great too.", "date": "2015-08-31 00:10:18", "compliment_count": 0}
{"user_id": "p9KsE5wHIzUUykhE2abedw", "business_id": "whna2RFSoCeYSaRIefRseA", "text": "Steak is done to perfection.", "date": "2014-04-25 02:03:03", "compliment_count": 0}
{"user_id": "LpliDTFZDuZXaKE4mtpURQ", "business_id": "9vNVxunrEcQIZUke20xTWg", "text": "Open 24 hrs, drive thru, Playplace, McCafe, free WiFi, I'm lovin' it", "date": "2013-01-20 22:39:46", "compliment_count": 0}
{"user_id": "LpliDTFZDuZXaKE4mtpURQ", "business_id": "BK45aix379kwl0m6cnf5-g", "text": "This facility was renovated/expanded in 2012 with a larger waiting area and improved access to the pharmacy next door.", "date": "2013-09-30 22:11:06", "compliment_count": 0}
{"user_id": "LpliDTFZDuZXaKE4mtpURQ", "business_id": "hdxUuYPS2XfhI1DJU6Ferw", "text": "There's a massage chair you can try while you wait for a cut", "date": "2012-12-08 18:48:21", "compliment_count": 0}
{"user_id": "5389xlEGOlIG-e9je3nEDg", "business_id": "Q3pofS3PGd64xoXa-3efiw", "text": "The absolute best beef satay soup I've ever had. It's life changing.", "date": "2018-02-02 17:41:49", "compliment_count": 0}
{"user_id": "LpliDTFZDuZXaKE4mtpURQ", "business_id": "DgCmEK8Cnsgb5w5tOGyPCA", "text": "Used to be a Lube-X, now a jiffy lube", "date": "2012-12-21 23:41:45", "compliment_count": 0}
{"user_id": "5389xlEGOlIG-e9je3nEDg", "business_id": "YnGf7asAct4nVyWbSQl8eA", "text": "Great satay beef noodle soup! It will burn your face off!", "date": "2015-01-22 22:22:50", "compliment_count": 0}
{"user_id": "FUYY7hXXJkL-2ox6q0a2ng", "business_id": "sDefNkOYhRZJDmH03U5O9A", "text": "it is very good food but very very expensive.", "date": "2017-10-29 17:43:43", "compliment_count": 0}
{"user_id": "GnCHC7lysEzY0bOfoOeQWg", "business_id": "Gf5aDGXZFSca4RQQ0-rT9Q", "text": "Very great service and the food was fresh and delicious with a great selection!", "date": "2015-07-22 15:20:43", "compliment_count": 0}
{"user_id": "5389xlEGOlIG-e9je3nEDg", "business_id": "Y11qtRqKVgRyZsjhXqvr2Q", "text": "The only item I enjoyed from this place is the peanut butter milkshake!! To die for!", "date": "2016-02-15 06:09:32", "compliment_count": 0}
{"user_id": "LpliDTFZDuZXaKE4mtpURQ", "business_id": "URPVZaGWXBguYakMaqUJrQ", "text": "This place feels very authentic Mexican!", "date": "2014-03-01 00:38:49", "compliment_count": 0}
{"user_id": "p9KsE5wHIzUUykhE2abedw", "business_id": "TV3aE0idIzoZ_nFWPGNfSw", "text": "Love my designs new every time, talented ladies", "date": "2014-07-02 22:07:59", "compliment_count": 0}
{"user_id": "hmjWxUaABLEtk0WbckUQCg", "business_id": "EwTbYFNjegKlLSUxWU17eQ", "text": "More yumminess! Gotta start my diet soon lol", "date": "2012-05-15 00:09:33", "compliment_count": 0}
{"user_id": "LpliDTFZDuZXaKE4mtpURQ", "business_id": "a20XFGzwbvXqgZzDEICilw", "text": "When it's -15 on Family Day, you may want to bundle up good before the ride !", "date": "2013-02-18 18:58:42", "compliment_count": 0}
{"user_id": "LpliDTFZDuZXaKE4mtpURQ", "business_id": "BK45aix379kwl0m6cnf5-g", "text": "Part of the Highland Primary Care Network", "date": "2012-12-19 00:22:16", "compliment_count": 0}
{"user_id": "LpliDTFZDuZXaKE4mtpURQ", "business_id": "BK45aix379kwl0m6cnf5-g", "text": "List of uninsured fees , Dec 2012", "date": "2012-12-19 01:09:55", "compliment_count": 0}
{"user_id": "LbHIfi0hKQfPrQFZZIPVQA", "business_id": "b7kpFwn_mBu0n76VFi_-hA", "text": "Great service and food", "date": "2017-07-03 18:39:10", "compliment_count": 0}
{"user_id": "IzOFYDdiADU6CVI_H8iPgQ", "business_id": "ax6PentCVOBmeWEcLSZnNg", "text": "Simple + Delicious Best burger spot in Airdrie!", "date": "2013-03-29 20:03:26", "compliment_count": 0}
{"user_id": "CPEqzI5I7xGfdjKmf4zLKA", "business_id": "Uk9q55mxI6a93ouX-On8_Q", "text": "Very pricey for a small bowl of pho soup and Vietnamese vermicelli", "date": "2016-03-29 00:59:08", "compliment_count": 0}
{"user_id": "p9KsE5wHIzUUykhE2abedw", "business_id": "aSQW_zFuT54yyLGQWtKo1g", "text": "Same as it was last week and 2 weeks before that.  It's good as always.", "date": "2013-11-19 03:41:21", "compliment_count": 0}
{"user_id": "VvRmv17gOPh-4syzAdNrIA", "business_id": "whna2RFSoCeYSaRIefRseA", "text": "I always have a good meal.", "date": "2013-10-31 02:25:27", "compliment_count": 0}
{"user_id": "LpliDTFZDuZXaKE4mtpURQ", "business_id": "Olr2l5Gl1GG5R2fEracfoQ", "text": "Authorized Purolator Shipping Agent & Pick up location", "date": "2016-11-12 18:10:05", "compliment_count": 0}
{"user_id": "LpliDTFZDuZXaKE4mtpURQ", "business_id": "h01EN1mNGpeRzEcmkTpaQQ", "text": "Wave's Latte on Canada Day 2015 and another Art Bergmann sighting!", "date": "2015-07-01 16:00:21", "compliment_count": 0}
{"user_id": "p9KsE5wHIzUUykhE2abedw", "business_id": "voxAvmdMbY0YrCCbgN6lXA", "text": "Great staff. Great coffee.", "date": "2013-11-19 01:35:53", "compliment_count": 0}
{"user_id": "p9KsE5wHIzUUykhE2abedw", "business_id": "e-0uyskF3TpdZXPH8HeQ_w", "text": "Yummy as always. Doesn't disappoint", "date": "2013-11-17 00:39:40", "compliment_count": 0}
{"user_id": "FUYY7hXXJkL-2ox6q0a2ng", "business_id": "_0JJc4Pd4s7t_kDTZ9J5hw", "text": "breakfast is the best!!!", "date": "2017-08-22 15:04:07", "compliment_count": 0}
{"user_id": "LpliDTFZDuZXaKE4mtpURQ", "business_id": "voxAvmdMbY0YrCCbgN6lXA", "text": "This Starbucks has a Drive thru", "date": "2012-12-16 00:02:28", "compliment_count": 0}
{"user_id": "CPEqzI5I7xGfdjKmf4zLKA", "business_id": "3FEIlpOUCDdszcKksu0IOw", "text": "Pricey but delicious", "date": "2016-03-29 02:03:46", "compliment_count": 0}
{"user_id": "5389xlEGOlIG-e9je3nEDg", "business_id": "Xq4EkGqDyDG6Un0YY5vaVQ", "text": "Not good. Spend your money at another Italian restaurant.", "date": "2018-07-16 08:30:13", "compliment_count": 0}
{"user_id": "GKSqsAt05Hxm_mrHwgTbMg", "business_id": "WdTxsnwD7hh51v_hGSuP9Q", "text": "First time fabulous service and food was amazing", "date": "2017-12-27 23:02:19", "compliment_count": 0}
{"user_id": "VvRmv17gOPh-4syzAdNrIA", "business_id": "iqb50Hp69wd5uKdjSubclA", "text": "Terrible. Food was obviously microwaved. Service was terrible.", "date": "2013-10-31 02:24:10", "compliment_count": 0}
{"user_id": "uH-bTAWxa0zkrlG63_AaGA", "business_id": "XgGutRRtubnKdJLv4Xqaug", "text": "The food is so good!! The service is great!  Happy every time I go in.", "date": "2017-07-14 19:42:14", "compliment_count": 0}
{"user_id": "A89doL1qAVBeqHIyoVdENA", "business_id": "XP2-85idhfplo8P0Pvj_Gg", "text": "Lavender honey macrons!!!", "date": "2017-09-20 21:25:45", "compliment_count": 0}
{"user_id": "ebpGYhe21hb-PbFIoKoIfQ", "business_id": "N9K5C6EWhPsUdXasTgGYMg", "text": "Best set of gel nails in town!", "date": "2013-02-24 05:57:09", "compliment_count": 0}
{"user_id": "ixprJl1GU4JJpgAzPxktPA", "business_id": "y2Tcr6CMgeVWCRa_OFJ2pA", "text": "Kick ass pizza....that is all", "date": "2015-06-06 01:50:51", "compliment_count": 0}
{"user_id": "Kf6MeUHR1aW51jTWy6Dxfg", "business_id": "NnqSq_t2Fb6UrJefp_ELYQ", "text": "So good! Great service, great food. Well worth the price.", "date": "2014-01-04 01:41:46", "compliment_count": 0}
{"user_id": "EZWRzg0BrmKOclkQr6Aysw", "business_id": "URPVZaGWXBguYakMaqUJrQ", "text": "Absolutely amazing , best Mexican I've had north of Mexico!!", "date": "2015-11-24 05:10:34", "compliment_count": 0}
{"user_id": "BdKbq3UycbIDNOc27i0GKw", "business_id": "WdTxsnwD7hh51v_hGSuP9Q", "text": "Amazing pho! Great food, massive portions, very low prices!!!", "date": "2017-06-30 06:36:34", "compliment_count": 0}
{"user_id": "ebpGYhe21hb-PbFIoKoIfQ", "business_id": "h2SA2bn6iBmxoe4W8iCYEg", "text": "Slow service! If you're looking for something quick, don't come here.", "date": "2012-12-02 18:04:58", "compliment_count": 0}
{"user_id": "kBS2AymTiSh_g6rKCZQ6Kw", "business_id": "ax6PentCVOBmeWEcLSZnNg", "text": "Get here before noon or else!", "date": "2011-10-25 18:17:00", "compliment_count": 0}
{"user_id": "E3WQNYfe27ZL8p8drrwRLA", "business_id": "zowCVyE7nHtU_iqlIKORBQ", "text": "Food is good. Ambiance a little tired.  Greek salad is very fresh and tasty", "date": "2016-10-21 15:45:29", "compliment_count": 0}
{"user_id": "YkMapFyE9JIcWWP2Dqi78A", "business_id": "k89T_99fj_x-rhYZ4z81mA", "text": "For lunch...try the box...lots to choose from... Chicken kuchi is good...meat on a stick...you can't  go wrong with this...assorted tempura  is awesome.", "date": "2015-01-16 06:23:01", "compliment_count": 0}
{"user_id": "cF3njxpc1vp8lI8-VGMI7g", "business_id": "URPVZaGWXBguYakMaqUJrQ", "text": "If you want beans and rice you have to ask, but you can get them", "date": "2013-09-23 06:40:24", "compliment_count": 0}
{"user_id": "ebpGYhe21hb-PbFIoKoIfQ", "business_id": "qNu6LAChJDACCJfjcBOUNw", "text": "Try their Italian sodas that they make :)", "date": "2014-05-01 23:23:51", "compliment_count": 0}
{"user_id": "XrEJFvFVtXYW233_TJEVzw", "business_id": "KSG_O8B6WmQ666YSbscVTg", "text": "Take out Curry did not come with rice, so if you want rice be sure to order!", "date": "2017-03-13 05:57:31", "compliment_count": 0}
{"user_id": "YkMapFyE9JIcWWP2Dqi78A", "business_id": "k89T_99fj_x-rhYZ4z81mA", "text": "Great place for lunch", "date": "2015-01-06 01:54:50", "compliment_count": 0}
{"user_id": "ebpGYhe21hb-PbFIoKoIfQ", "business_id": "Oj4mcDFC13I7_NWV222iIg", "text": "Full of young teens on the weekends, avoid if you don't like a younger crowd!", "date": "2014-02-23 07:04:16", "compliment_count": 0}
{"user_id": "ebpGYhe21hb-PbFIoKoIfQ", "business_id": "b7kpFwn_mBu0n76VFi_-hA", "text": "Grapefruit Raddler is a must try :)", "date": "2014-02-23 06:51:55", "compliment_count": 0}
{"user_id": "BLl35HLW9pKM7s20iD04NQ", "business_id": "w8-ZEZZaI857IvrBl7CKlw", "text": "Just ordered love this place good service for delivery good prices excellent", "date": "2015-08-28 00:27:09", "compliment_count": 0}
{"user_id": "ebpGYhe21hb-PbFIoKoIfQ", "business_id": "DgmZcZWbm9hCSqTf-sMm7A", "text": "Ask for a side of tatziki with your meal and order both potatoes and rice as a side!", "date": "2014-02-23 06:53:29", "compliment_count": 0}
{"user_id": "mUd-YrIwLaflezTvBKYQWw", "business_id": "WdTxsnwD7hh51v_hGSuP9Q", "text": "I love this place. In my opinion it's the best Vietnamese in town.", "date": "2017-08-02 23:44:16", "compliment_count": 0}
{"user_id": "uH-bTAWxa0zkrlG63_AaGA", "business_id": "URPVZaGWXBguYakMaqUJrQ", "text": "Great service and food.  Very authentic!", "date": "2017-04-23 16:42:19", "compliment_count": 0}
{"user_id": "cF3njxpc1vp8lI8-VGMI7g", "business_id": "URPVZaGWXBguYakMaqUJrQ", "text": "Tres Leches is not on the dessert menu, but it's available. Trust me. You want this dessert inside you.", "date": "2013-09-23 06:41:26", "compliment_count": 0}
{"user_id": "1sjJwAoWnJ7W9tS9DgGo-g", "business_id": "k89T_99fj_x-rhYZ4z81mA", "text": "Good lunch boxes, great taste and selection.", "date": "2013-09-26 22:45:56", "compliment_count": 0}
{"user_id": "ebpGYhe21hb-PbFIoKoIfQ", "business_id": "X0HXRnDOu48gicatM_seog", "text": "Ask to try the falafel before ordering it! Very yummy and freshly made!", "date": "2014-02-23 07:02:08", "compliment_count": 0}
{"user_id": "BLl35HLW9pKM7s20iD04NQ", "business_id": "QYz_uxV5BL8hFsrSBwGPeg", "text": "Excellent deep dish pizza", "date": "2016-10-25 18:25:51", "compliment_count": 1}
{"user_id": "zxXCJiiYy_666QM-tBLOiQ", "business_id": "jzoEXmcfyZ42N9KVrvWV9A", "text": "This is life! Seriously delicious!!!", "date": "2017-03-17 00:53:55", "compliment_count": 0}
{"user_id": "Mu_GCbjjz2Of6ADCNSXfiA", "business_id": "Wow7qDt9VufsFYIFFdBkjw", "text": "Nice adult restaurant with really good food. Good place to be around friends. Good place to be able to have some good drinks", "date": "2017-03-25 01:24:14", "compliment_count": 0}
{"user_id": "fCbYraNf1HaSd7-iky3piQ", "business_id": "_0JJc4Pd4s7t_kDTZ9J5hw", "text": "This is the cleanest restaurant I've ever visited. The staff were extremely friendly. The food was fast and hot and fresh.  The bathroom was absolutely spotless.", "date": "2013-08-30 21:08:08", "compliment_count": 0}
{"user_id": "B7Baf7gCAFDtC9zjBsYP4Q", "business_id": "M-npfYXNr025JWPnkgGkWg", "text": "Best pizza! Lots of toppings & cheese. Service awesome! Nice decor, very relaxing.", "date": "2016-08-14 16:52:21", "compliment_count": 0}
{"user_id": "Aqzm9K9JT7h5Z_x85yQdbQ", "business_id": "wGoOWEue58i27zu2wYkiig", "text": "It's amazing and reasonably priced. Especially for lunch.", "date": "2017-01-25 18:55:42", "compliment_count": 0}
{"user_id": "eE-8rcQOicNIhUP4MHT9zQ", "business_id": "XP2-85idhfplo8P0Pvj_Gg", "text": "Great neighbourhood coffee shop that also serves good beers too.", "date": "2016-08-11 21:27:16", "compliment_count": 0}
{"user_id": "9tlUOb83xRzUpurxgu0ZBg", "business_id": "EwTbYFNjegKlLSUxWU17eQ", "text": "So good. We need more froyo in #yyc!", "date": "2013-02-16 02:16:56", "compliment_count": 0}
{"user_id": "YPJpjTBY9MkD9aM_gPNf2w", "business_id": "e-0uyskF3TpdZXPH8HeQ_w", "text": "Do not go here in the AM or PM to avoid crappy food.", "date": "2012-04-26 02:43:25", "compliment_count": 0}
{"user_id": "zj7RndA7vxiC0iCbxSSR_A", "business_id": "whna2RFSoCeYSaRIefRseA", "text": "great service, good food", "date": "2017-07-05 00:35:55", "compliment_count": 0}
{"user_id": "PJskeUb5tm4zHrOQnjRskQ", "business_id": "rfNklusH3SRG_hyRH-6fdw", "text": "First time there and I was happy with the experience. Would definitely go back.", "date": "2017-02-13 21:07:31", "compliment_count": 0}
{"user_id": "A9bNrnhgURvN_DF37FqO-w", "business_id": "gGx3N9KtHabOlPET-mIbhA", "text": "Excellent choice for a healthy fast food meal!", "date": "2015-08-29 22:48:55", "compliment_count": 0}
{"user_id": "yRx5hQEY0OkdJJUJx1gWsA", "business_id": "jxSmtPAVcVoi0vPC85xz0g", "text": "Dynamite!!! Great food! Very fast! Surprised it's not kore busy to be honest.", "date": "2017-04-30 01:08:07", "compliment_count": 0}
{"user_id": "zxXCJiiYy_666QM-tBLOiQ", "business_id": "jzoEXmcfyZ42N9KVrvWV9A", "text": "This is life! Seriously delicious!!!", "date": "2017-03-17 01:05:16", "compliment_count": 0}
{"user_id": "dL2cJ3_MISzUoUXgjU4fAw", "business_id": "DgmZcZWbm9hCSqTf-sMm7A", "text": "Delish. Huge portions and best calamari in the world.", "date": "2015-02-15 19:22:31", "compliment_count": 0}
{"user_id": "37863qaAitZKGwEBJB6_CA", "business_id": "jxSmtPAVcVoi0vPC85xz0g", "text": "Service is absolutely horrible will never return", "date": "2017-07-27 00:29:55", "compliment_count": 0}
{"user_id": "4dWqepgR6VGT1T-IB4IKZg", "business_id": "k89T_99fj_x-rhYZ4z81mA", "text": "Really good. Service. Value. Quality.  Excellent sushi  thanks!!", "date": "2017-04-30 21:57:19", "compliment_count": 0}
{"user_id": "EBPlkTV090RLRjfVkRj_jA", "business_id": "b7kpFwn_mBu0n76VFi_-hA", "text": "Salmon is the best I've ever had....", "date": "2012-12-24 03:24:47", "compliment_count": 0}
{"user_id": "5mkHOZALvFo_-UzKRN2lEg", "business_id": "YCrK4PRlqbwjzBW0lc2FNA", "text": "Here's a Tip. ... go to Lube Xpress or Minute Lube or Jiffy Lube,  or go to the dealership!  But stay away from this Airdrie Location of Mr. Lube", "date": "2014-11-18 15:50:19", "compliment_count": 0}
{"user_id": "fCbYraNf1HaSd7-iky3piQ", "business_id": "URPVZaGWXBguYakMaqUJrQ", "text": "I ordered the mole but tried many other dishes my family ordered. Everything is delicious.", "date": "2014-01-10 02:32:00", "compliment_count": 0}
{"user_id": "EBPlkTV090RLRjfVkRj_jA", "business_id": "v_wCPqghNL_Q9G1deTTcWA", "text": "Staff is super friendly. ..but I'd pass on the food. ..", "date": "2012-12-22 02:23:29", "compliment_count": 0}
{"user_id": "whs2bL6uOx35epjNN2Bd3A", "business_id": "h2SA2bn6iBmxoe4W8iCYEg", "text": "Try the daily fruit cocktail!", "date": "2014-05-19 16:41:55", "compliment_count": 0}
{"user_id": "Aq24L0mZXo7Xq6DeUMkQcA", "business_id": "2fzvsqTtnrwkamOLjcVToQ", "text": "We come here lots.  Always get good service and good food.  Reasonably priced.", "date": "2015-12-20 01:59:54", "compliment_count": 0}
{"user_id": "0k-OM7RsGEUwWRiHK9uWVA", "business_id": "M-npfYXNr025JWPnkgGkWg", "text": "Get the Greek wing   close second to the.pizza", "date": "2015-12-30 02:43:15", "compliment_count": 0}
{"user_id": "n1pfcI3AH26Sdv_io507nA", "business_id": "e-0uyskF3TpdZXPH8HeQ_w", "text": "Don't do it, just don't! \nYour stomach will not be happy if you do.", "date": "2018-10-06 07:51:24", "compliment_count": 0}
{"user_id": "w8UJibq5VUX-dWloypA_wQ", "business_id": "SvNCelOIChHXM18ntGvKhw", "text": "Great selection of beer, great food, nice atmosphere.", "date": "2015-09-06 12:53:30", "compliment_count": 0}
{"user_id": "wqEH71LYTbxUuHZRVKYKMg", "business_id": "WdTxsnwD7hh51v_hGSuP9Q", "text": "So tasty and fresh...great service. Love this place! BEST Vietnamese anywhere.", "date": "2016-03-21 00:31:41", "compliment_count": 0}
{"user_id": "bzmxEY8wEg27W6Kqc80sCg", "business_id": "h2SA2bn6iBmxoe4W8iCYEg", "text": "Get there early!", "date": "2011-11-11 18:19:38", "compliment_count": 0}
{"user_id": "A0LEGMiwqBMzOvyZss--Cg", "business_id": "xavetAIhIe7TTtterRUHyw", "text": "..", "date": "2016-03-22 05:20:21", "compliment_count": 0}
{"user_id": "xsVFefygJpAfucOHwAlciA", "business_id": "NnqSq_t2Fb6UrJefp_ELYQ", "text": "The over  priced food is merely adequate at best.  The decor  is good but I wouldn't return. I rate this  place a 2 but only because of the decor. Save your money & don't  waste your time there is much better places out there.", "date": "2012-05-12 20:42:44", "compliment_count": 0}
{"user_id": "mA8fXOIH4CRaN96pHZvU7A", "business_id": "1clwAnBy6g-0f8cxawbmQA", "text": "Last quiet night on our own before next year...", "date": "2010-11-28 03:05:53", "compliment_count": 0}
{"user_id": "mHgjVZufe3r3x4wtezHY8w", "business_id": "xkbexTE-nFbpHJwhtOhRqA", "text": "$60 basically bought a crappy appetizer for a family of 4. If you want to pay $5 for a 1/4 cup of steamed rice feel free", "date": "2012-12-23 02:31:50", "compliment_count": 0}
{"user_id": "Ln6TgQ3Z_cNASnrSd4KrIg", "business_id": "vrKwIQDVr0y_1JdgwLNTgA", "text": "Good barber to visit in airdrie. Hardley ever a lineup. Good service. Good haircut.", "date": "2015-05-21 14:14:24", "compliment_count": 0}
{"user_id": "INYfANx6Q3AAlbAfcBSWGQ", "business_id": "DgmZcZWbm9hCSqTf-sMm7A", "text": "My all time favorite greek place", "date": "2016-02-20 17:40:31", "compliment_count": 0}
{"user_id": "TJjyp96eGNKfCSqmkGFtkA", "business_id": "sDefNkOYhRZJDmH03U5O9A", "text": "Six of us ate here tonight we loved the hayloft concept and the tribute to Airdrie's roots and best of all the food was really good!", "date": "2016-08-26 04:24:21", "compliment_count": 0}
{"user_id": "kWyigBwZ8r92iDggILotDQ", "business_id": "Y11qtRqKVgRyZsjhXqvr2Q", "text": "New ownership. Service is terrible now. Terrible.", "date": "2017-06-09 02:06:50", "compliment_count": 0}
{"user_id": "wnBpL07byK_IGVHsyi933A", "business_id": "38lQxDXh6qCUWBFm8UIITA", "text": "Very good food!!!", "date": "2018-05-24 18:04:07", "compliment_count": 0}
{"user_id": "PgMJp6k6WuCE9HQ0o7_UsA", "business_id": "URPVZaGWXBguYakMaqUJrQ", "text": "Authentic. Amazing food and friendly service.", "date": "2017-03-07 19:38:52", "compliment_count": 0}
{"user_id": "84MrxI8CcArWbxBXluJbvA", "business_id": "rfNklusH3SRG_hyRH-6fdw", "text": "Best pizza in airdrie period\n\nTry it and you'll understand", "date": "2016-09-16 00:04:13", "compliment_count": 0}
{"user_id": "zmhEAcbuXab8I-T1VywIAw", "business_id": "DgmZcZWbm9hCSqTf-sMm7A", "text": "Friend told us to come and wow was that fantastic. Had the salmon steak and it was worth it.", "date": "2012-08-14 19:07:14", "compliment_count": 0}
{"user_id": "k0A4Zvrm1NF-JqbUAu1-zQ", "business_id": "Q-ncQPq0btYe9zaTclbGxA", "text": "Friendly staff with a great work ethic. Food is amazing for a pub.", "date": "2016-06-06 03:12:03", "compliment_count": 0}
{"user_id": "cOUnSB5HElZJrdfhRca4VQ", "business_id": "M-npfYXNr025JWPnkgGkWg", "text": "Very good pizza not too greasy. Get the house special it's very good.", "date": "2014-09-16 21:50:02", "compliment_count": 0}
{"user_id": "7JLr3VWwXfljsBxW1s3ksA", "business_id": "dj0KrXqeEntYlSrnOpZtMw", "text": "Do not use, seeked more info on this company, and its bad heard the owner stole his own furniture trailer from a garage with out paying after having work done to it.", "date": "2017-05-23 18:21:51", "compliment_count": 0}
{"user_id": "k0A4Zvrm1NF-JqbUAu1-zQ", "business_id": "M-npfYXNr025JWPnkgGkWg", "text": "Best pizza in Airdrie by far. Is a bit pricy but it is worth it.", "date": "2016-05-24 23:20:45", "compliment_count": 0}
{"user_id": "GDrFr0s6bD1TO1t2iNgEIg", "business_id": "WdTxsnwD7hh51v_hGSuP9Q", "text": "Great portions for the price. Great tasting food doesn't hurt either.", "date": "2015-03-16 01:53:59", "compliment_count": 0}
{"user_id": "NNBmHL_v9vT2LYuIJdm1Vw", "business_id": "y2Tcr6CMgeVWCRa_OFJ2pA", "text": "Great pizza and you can actually eat the crust as well! We'll be back again.", "date": "2015-12-07 05:35:44", "compliment_count": 0}
{"user_id": "gUsw6f4olslWQt4NDFn4gw", "business_id": "C-EO3MPFrcJmNucuPmCOFg", "text": "Never a bad meal! Or snack 30+ beers on tap! I love this bar!!!!", "date": "2016-12-28 22:04:51", "compliment_count": 0}
{"user_id": "VHj0GIPnKruhSuNzfwECcA", "business_id": "C-EO3MPFrcJmNucuPmCOFg", "text": "Ohhhhh the nachos and wings!!! Huge portion for nachos!", "date": "2017-12-30 03:46:42", "compliment_count": 0}
{"user_id": "-pszfFYnvnv4zAOOZ6cpDw", "business_id": "rc0X8RD-zgm_qEmVNZOj9Q", "text": "Friendly service !\nGreat food !", "date": "2016-02-15 23:30:06", "compliment_count": 0}
{"user_id": "5SM6kJFkFI2JfIwqRlRp4A", "business_id": "C2p9SIPijF0owPVngiCqFw", "text": "Best Pho in Airdrie! Great taste and fast fun service.", "date": "2017-05-09 16:21:19", "compliment_count": 0}
{"user_id": "I74a-cEP9xW9gnFeGgDCBQ", "business_id": "qNu6LAChJDACCJfjcBOUNw", "text": "Try anything on the menu without being disappointed! I dare you!", "date": "2012-05-03 17:18:16", "compliment_count": 0}
{"user_id": "9e4kdmspvCKPfEP-7SRY_g", "business_id": "ZA7i60EEETqW7Ffz8cbXgA", "text": "Never had a bad meal here.", "date": "2015-03-09 14:40:19", "compliment_count": 0}
{"user_id": "qwtbohmQ1UoHKVF7aya8Gg", "business_id": "DgmZcZWbm9hCSqTf-sMm7A", "text": "Excellent Greek food, good price for the amount of food", "date": "2014-09-01 01:57:22", "compliment_count": 0}
{"user_id": "XtpmHY2jEIo3eJDrbqQvTw", "business_id": "8bV8M6F8BhNdCMc9U_saxg", "text": "Took my car in yesterday for a leaky tire .. I was so surprised when I cam in to pick it up later and  there was no charge !!!  I was seriously expecting a charge of $50 .  They have definetly created a loyal customer..  see you in a few months for winter tires !", "date": "2016-09-11 17:04:14", "compliment_count": 0}
{"user_id": "FbWR6Y7dI2eOTVksSjxD4g", "business_id": "WdTxsnwD7hh51v_hGSuP9Q", "text": "Opened January 9, 2015.", "date": "2015-01-27 18:27:09", "compliment_count": 0}
{"user_id": "I74a-cEP9xW9gnFeGgDCBQ", "business_id": "h2SA2bn6iBmxoe4W8iCYEg", "text": "It's in the strip mall right off of main street.", "date": "2012-05-08 16:40:48", "compliment_count": 0}
{"user_id": "sKRJ8RyEsMwsVAPJ4NZcjQ", "business_id": "h2SA2bn6iBmxoe4W8iCYEg", "text": "Took a hour to get food.", "date": "2018-07-28 17:25:13", "compliment_count": 0}
{"user_id": "6xH-1gMOi-03PIbvCnLAlQ", "business_id": "hzmbGy7DES7l6ccfEVOgKg", "text": "Loooove it there!!\nFeels like home when you walk through the door.\nMy stylist is the best!!!!", "date": "2013-02-16 01:21:46", "compliment_count": 0}
{"user_id": "Et3UE-ELVjK1ZC7trRHBvw", "business_id": "VRkMPX3vEYt1AMto3CcR6w", "text": "Love this place! We come here about once a month- Delicious Mexican food every time!", "date": "2017-07-18 21:56:38", "compliment_count": 0}
{"user_id": "6HEZVsHinAksHHbL9QdiHg", "business_id": "xuWzcsuQUluZwWb67TQG8w", "text": "Nice Opa but the food is way too salty. I will not come back.", "date": "2016-10-14 21:52:48", "compliment_count": 0}
{"user_id": "EV4yhUlqkNyO8m9VXXhnSA", "business_id": "h2SA2bn6iBmxoe4W8iCYEg", "text": "Raspberry 4 Lucie or the eggs benedict with Brie and mushrooms!  Can't go wrong!", "date": "2012-03-13 18:52:17", "compliment_count": 0}
{"user_id": "lbiaJoWK7ZwPhRIMJz_tDg", "business_id": "wGoOWEue58i27zu2wYkiig", "text": "The food is good, the service is good as well and the place looks clean.", "date": "2014-05-05 00:09:58", "compliment_count": 0}
{"user_id": "3ffgg33gp638RGdUymLjsw", "business_id": "5VUZF7KvQMBmjqvz4oQ0XA", "text": "Got to get my Timmy's", "date": "2012-07-14 21:22:07", "compliment_count": 0}
{"user_id": "uDof5mQr1oEB_T7hGW8K9Q", "business_id": "Nph7wUNRXpQ01ArJbhQP7A", "text": ":)", "date": "2018-10-02 19:43:44", "compliment_count": 0}
{"user_id": "PSzSqwPnyfT4Ld2a72boAw", "business_id": "h2SA2bn6iBmxoe4W8iCYEg", "text": "Really yummy", "date": "2017-07-28 18:03:28", "compliment_count": 0}
{"user_id": "OjAWcHh9dMEMkmO8LDQwhQ", "business_id": "x9H4xYMEUNBaouSTBrw5Gg", "text": "Won't be back. Ever.", "date": "2018-08-15 19:51:47", "compliment_count": 0}
{"user_id": "PSzSqwPnyfT4Ld2a72boAw", "business_id": "DgmZcZWbm9hCSqTf-sMm7A", "text": "Very good and portions are big!! Yumm", "date": "2016-03-23 03:46:08", "compliment_count": 0}
{"user_id": "wx-bPP547Z6kM9vcsXBXKg", "business_id": "TBpoUHSS2yLWIFQX7E5ErA", "text": "Always a good experience. Everyone is super helpful.", "date": "2018-11-13 01:01:54", "compliment_count": 0}
